OrderID,OrderDate,ShipDate,ShipMode,CustomerID,CustomerName,Region,Category,Product,Quantity,UnitPrice,Discount,Sales,Profit
ORD-10001,2024-07-09,2024-07-15,Same Day,CUST-0014,Customer 14,west,Office Supplies,Binder,8.0,322.71,0.3,1807.18,-187.33
ORD-10002,2024-03-11,2024-03-17,Second Class,CUST-0032,Customer 32,North,Office Supplies,Binder,1.0,1083.61,0.0,1083.61,465.06
ORD-10003,2025-04-29,2025-05-03,Second Class,CUST-0181,Customer 181,West,Technology,Printer,2.0,1028.65,0.1,1851.57,304.87
ORD-10004,19/04/2025,2025-04-21,Second Class,CUST-0079,Customer 79,East,Furniture,Bookcase,2.0,105.91,0.0,211.82,102.82
ORD-10005,2024-08-06,2024-08-13,Same Day,CUST-0118,Customer 118,North,Furniture,Bookcase,2.0,128.57,0.0,257.14,113.22
ORD-10006,2025-03-07,2025-03-11,Same Day,CUST-0005,Customer 5,South,Technology,Monitor,7.0,32.25,0.3,158.02,7.04
ORD-10007,2025-01-30,2025-02-03,Same Day,CUST-0033,Customer 33,North,Furniture,Desk,6.0,591.39,0.2,2838.67,354.46
ORD-10008,2025-01-15,2025-01-16,Same Day,CUST-0023,Customer 23,North,Office Supplies,Binder,6.0,529.5,0.0,3177.0,669.7
ORD-10009,2024-06-27,2024-07-02,First Class,CUST-0088,Customer 88,South,Furniture,Desk,7.0,134.75,0.1,848.93,284.46
ORD-10010,2024-03-19,2024-03-20,First Class,CUST-0078,  Customer 78  ,north,Office Supplies,Pens (Box),4.0,1099.63,0.0,4398.52,2141.66
ORD-10011,2025-04-08,2025-04-11,First Class,CUST-0055,Customer 55,South,Technology,Monitor,10.0,970.86,0.0,9708.6,1616.34
ORD-10012,2025-11-14,2025-11-21,Same Day,CUST-0008,  Customer 8  ,east,OFFICE SUPPLIES,Binder,11.0,201.71,0.0,2218.81,771.52
ORD-10013,2024-12-08,2024-12-11,Standard Class,CUST-0004,Customer 4,south,Office Supplies,Paper,9.0,1069.5,0.15,8181.68,1620.94
ORD-10014,2024-09-29,2024-09-30,Same Day,CUST-0190,Customer 190,south,TECHNOLOGY,Printer,5.0,117.89,0.1,530.51,181.64
ORD-10015,2024-09-25,2024-09-30,First Class,CUST-0083,Customer 83,north,Furniture,Chair,2.0,998.18,0.0,1996.36,872.92
ORD-10016,2024-08-14,2024-08-18,Standard Class,CUST-0157,Customer 157,North,Furniture,Chair,4.0,934.0,0.3,2615.2,92.43
ORD-10017,2024-08-04,2024-08-08,Same Day,CUST-0050,Customer 50,West,Furniture,Chair,3.0,162.53,0.1,438.83,174.24
ORD-10018,25/05/2024,2024-05-31,Standard Class,CUST-0186,Customer 186,South,Office Supplies,Stapler,5.0,965.93,0.1,4346.68,682.69
ORD-10019,2025-01-06,2025-01-11,Second Class,CUST-0098,Customer 98,East,Furniture,Bookcase,11.0,480.11,0.0,5281.21,1737.49
ORD-10020,2025-11-06,2025-11-12,Standard Class,CUST-0136,Customer 136,South,Technology,Monitor,11.0,34.71,0.0,381.81,106.18
ORD-10021,2025-06-22,2025-06-28,Second Class,CUST-0130,Customer 130,East,Furniture,Bookcase,5.0,1159.65,0.0,5798.25,1005.66
ORD-10022,2024-01-14,2024-01-18,Standard Class,CUST-0194,Customer 194,South,TECHNOLOGY,Wireless Mouse,10.0,135.43,0.15,1151.16,96.31
ORD-10023,2024-03-27,2024-03-30,Same Day,CUST-0076,Customer 76,South,Technology,Wireless Mouse,7.0,1041.95,0.0,7293.65,2593.62
ORD-10024,2025-09-25,2025-10-02,First Class,CUST-0156,Customer 156,East,Furniture,Bookcase,11.0,547.41,0.0,6021.51,2511.98
ORD-10025,2024-05-20,2024-05-26,Second Class,CUST-0045,Customer 45,North,Office Supplies,Pens (Box),2.0,84.54,0.0,169.08,75.89
ORD-10026,2025-11-03,2025-11-07,Standard Class,CUST-0115,Customer 115,East,Office Supplies,Paper,11.0,202.81,0.0,2230.91,995.51
ORD-10027,2025-01-11,2025-01-16,Same Day,CUST-0098,  Customer 98  ,East,Furniture,Bookcase,1.0,213.7,0.0,213.7,62.64
ORD-10028,2025-01-03,2025-01-07,Standard Class,CUST-0178,Customer 178,North,Office Supplies,Binder,11.0,1050.63,0.15,9823.39,3869.07
ORD-10029,2024-01-06,2024-01-09,Same Day,CUST-0084,Customer 84,West,Furniture,Chair,3.0,687.62,0.0,2062.86,995.87
ORD-10030,2025-08-31,2025-09-06,Same Day,CUST-0108,Customer 108,east,Office Supplies,Paper,2.0,67.09,0.2,107.34,35.6
ORD-10031,2025-03-25,2025-03-31,First Class,CUST-0042,Customer 42,West,Office Supplies,Paper,11.0,963.42,0.1,9537.86,1855.97
ORD-10032,2025-01-10,2025-01-15,First Class,CUST-0038,  Customer 38  ,West,Office Supplies,Stapler,4.0,1029.8,0.0,4119.2,1504.41
ORD-10033,2024-09-03,2024-09-06,First Class,CUST-0140,Customer 140,South,Furniture,Chair,2.0,576.06,0.0,1152.12,482.28
ORD-10034,2024-10-04,2024-10-09,Same Day,CUST-0052,Customer 52,North,OFFICE SUPPLIES,Binder,5.0,824.46,0.0,4122.3,692.13
ORD-10035,2024-05-27,2024-06-02,First Class,CUST-0137,Customer 137,east,Technology,Wireless Mouse,4.0,644.84,0.15,2192.46,313.64
ORD-10036,2024-07-29,2024-08-02,Same Day,CUST-0031,Customer 31,South,Office Supplies,Stapler,1.0,883.2,0.0,883.2,226.82
ORD-10037,16/01/2025,2025-01-23,First Class,CUST-0044,Customer 44,south,Furniture,Table Lamp,7.0,118.64,0.1,747.43,307.63
ORD-10038,2025-08-07,2025-08-14,Same Day,CUST-0113,  Customer 113  ,East,Office Supplies,Pens (Box),2.0,714.45,0.1,1286.01,173.91
ORD-10039,2024-04-04,2024-04-08,Standard Class,CUST-0098,Customer 98,East,Furniture,Bookcase,7.0,118.58,0.0,830.06,365.27
ORD-10040,2025-01-16,2025-01-18,First Class,CUST-0052,Customer 52,North,Technology,Monitor,8.0,917.89,0.1,6608.81,1672.37
ORD-10041,2025-06-16,2025-06-19,Same Day,CUST-0171,Customer 171,North,Office Supplies,Pens (Box),2.0,144.94,0.0,289.88,78.19
ORD-10042,2024-08-31,2024-09-06,Second Class,CUST-0005,Customer 5,south,Furniture,Bookcase,9.0,1078.55,0.1,8736.25,2963.65
ORD-10043,2025-06-22,2025-06-25,Standard Class,CUST-0041,Customer 41,North,Furniture,Desk,2.0,181.6,0.2,290.56,53.29
ORD-10044,2025-11-14,2025-11-19,Same Day,CUST-0129,Customer 129,East,Furniture,Bookcase,11.0,937.46,0.0,10312.06,3797.67
ORD-10045,2024-03-30,2024-03-31,Second Class,CUST-0150,Customer 150,North,Office Supplies,Pens (Box),11.0,146.58,0.15,1370.52,204.81
ORD-10046,2024-01-09,2024-01-16,Second Class,CUST-0013,  Customer 13  ,east,Furniture,Bookcase,6.0,547.91,0.15,2794.34,810.77
ORD-10047,12/10/2024,2024-10-19,Standard Class,CUST-0168,Customer 168,North,Technology,Laptop,4.0,1102.54,0.1,3969.14,1593.36
ORD-10048,2025-09-02,2025-09-03,First Class,CUST-0042,Customer 42,West,Office Supplies,Binder,9.0,132.17,0.3,832.67,-39.24
ORD-10049,2025-09-15,2025-09-21,Same Day,CUST-0007,Customer 7,North,Furniture,Bookcase,10.0,39.65,0.0,396.5,178.4
ORD-10050,2025-04-24,2025-04-30,First Class,CUST-0005,Customer 5,South,FURNITURE,Table Lamp,4.0,48.21,0.0,192.84,92.93
ORD-10051,2025-12-07,2025-12-14,Standard Class,CUST-0145,Customer 145,West,Office Supplies,Pens (Box),3.0,1020.04,0.0,3060.12,672.19
ORD-10052,2025-09-03,2025-09-08,First Class,CUST-0100,Customer 100,North,Office Supplies,Stapler,10.0,52.98,0.0,529.8,241.74
ORD-10053,2024-02-08,2024-02-10,Standard Class,CUST-0020,Customer 20,South,Office Supplies,Stapler,7.0,1022.1,0.0,7154.7,1737.75
ORD-10054,2025-12-16,2025-12-17,Standard Class,CUST-0135,Customer 135,West,FURNITURE,Bookcase,6.0,735.79,0.0,4414.74,1255.07
ORD-10055,2024-10-01,2024-10-08,First Class,CUST-0026,Customer 26,East,Office Supplies,Binder,8.0,211.89,0.0,1695.12,738.67
ORD-10056,2025-04-09,2025-04-13,Second Class,CUST-0142,Customer 142,North,Technology,Wireless Mouse,3.0,689.03,0.0,2067.09,349.11
ORD-10057,2024-12-03,2024-12-07,,CUST-0079,Customer 79,East,Technology,Printer,,780.83,,4997.31,1549.45
ORD-10058,2024-03-28,2024-04-02,Second Class,CUST-0097,Customer 97,North,Office Supplies,Binder,2.0,165.24,0.0,330.48,130.0
ORD-10059,2025-11-23,2025-11-28,First Class,CUST-0172,Customer 172,North,Technology,Monitor,7.0,497.11,0.0,3479.77,1474.83
ORD-10060,2024-11-01,2024-11-04,First Class,CUST-0002,Customer 2,west,Office Supplies,Paper,4.0,571.59,0.0,2286.36,685.08
ORD-10061,2024-09-07,2024-09-11,Standard Class,CUST-0175,Customer 175,east,Office Supplies,Stapler,8.0,784.66,0.0,6277.28,1408.61
ORD-10062,20/09/2024,2024-09-21,Same Day,CUST-0031,Customer 31,South,Technology,Printer,6.0,617.72,0.1,3335.69,332.68
ORD-10063,2024-10-07,2024-10-11,Standard Class,CUST-0052,Customer 52,North,Technology,Printer,6.0,960.85,0.0,5765.1,1192.89
ORD-10064,2025-09-06,2025-09-10,Standard Class,CUST-0020,Customer 20,South,Furniture,Chair,10.0,71.4,0.0,714.0,273.5
ORD-10065,2024-10-30,2024-11-02,First Class,CUST-0043,Customer 43,East,Furniture,Chair,9.0,22.55,0.15,172.51,10.19
ORD-10066,2024-03-28,2024-04-01,Same Day,CUST-0090,Customer 90,West,Furniture,Bookcase,8.0,441.08,0.3,2470.05,-523.69
ORD-10067,31/08/2024,2024-09-01,First Class,CUST-0199,Customer 199,South,Furniture,Table Lamp,8.0,847.96,0.0,6783.68,1870.19
ORD-10068,2024-04-29,2024-05-06,First Class,CUST-0111,Customer 111,South,Office Supplies,Stapler,6.0,203.26,0.15,1036.63,4.64
ORD-10069,2024-08-27,2024-08-28,Same Day,CUST-0120,Customer 120,North,Office Supplies,Pens (Box),11.0,174.21,0.0,1916.31,694.85
ORD-10070,08/12/2024,2024-12-15,Standard Class,CUST-0194,  Customer 194  ,South,Furniture,Desk,6.0,185.05,0.0,1110.3,202.64
ORD-10071,2024-01-11,2024-01-12,Second Class,CUST-0193,Customer 193,East,Furniture,Chair,4.0,590.79,0.0,2363.16,773.58
ORD-10072,2025-04-10,2025-04-15,Standard Class,CUST-0095,Customer 95,West,OFFICE SUPPLIES,Pens (Box),10.0,780.73,0.1,7026.57,1038.25
ORD-10073,2025-01-22,2025-01-28,First Class,CUST-0166,  Customer 166  ,West,Technology,Printer,6.0,409.46,0.15,2088.25,444.92
ORD-10074,2025-10-25,2025-10-30,Second Class,CUST-0160,Customer 160,West,Technology,Printer,5.0,706.61,0.15,3003.09,815.4
ORD-10075,2024-10-12,2024-10-14,Standard Class,CUST-0051,Customer 51,west,Technology,Printer,2.0,481.27,0.2,770.03,76.24
ORD-10076,19/01/2024,2024-01-20,First Class,CUST-0096,Customer 96,south,Furniture,Chair,3.0,1113.32,0.0,3339.96,1310.48
ORD-10077,2025-08-09,2025-08-14,Same Day,CUST-0151,Customer 151,West,Furniture,Desk,4.0,845.12,0.0,3380.48,528.6
ORD-10078,2025-10-21,2025-10-25,Same Day,CUST-0108,Customer 108,East,OFFICE SUPPLIES,Pens (Box),8.0,866.23,0.3,4850.89,-510.74
ORD-10079,2024-10-31,2024-11-07,Standard Class,CUST-0172,Customer 172,North,Furniture,Bookcase,9.0,530.91,0.0,4778.19,1295.2
ORD-10080,2025-06-19,2025-06-22,Standard Class,CUST-0170,Customer 170,North,Furniture,Desk,10.0,901.23,0.0,9012.3,4115.43
ORD-10081,2024-06-25,2024-06-28,Standard Class,CUST-0166,Customer 166,West,Office Supplies,Pens (Box),6.0,1182.72,0.0,7096.32,1119.3
ORD-10082,2025-02-09,2025-02-11,Standard Class,CUST-0116,  Customer 116  ,East,Technology,Laptop,3.0,963.46,0.2,2312.3,34.96
ORD-10083,2025-04-24,2025-04-30,Standard Class,CUST-0132,Customer 132,East,Technology,Wireless Mouse,1.0,135.59,0.1,122.03,20.39
ORD-10084,2025-08-07,2025-08-09,Same Day,CUST-0024,Customer 24,West,Office Supplies,Stapler,5.0,63.51,0.0,317.55,89.66
ORD-10085,2025-05-25,2025-06-01,First Class,CUST-0133,Customer 133,North,Furniture,Table Lamp,6.0,814.36,0.0,4886.16,1756.7
ORD-10086,14/09/2025,2025-09-19,First Class,CUST-0088,  Customer 88  ,South,Furniture,Chair,5.0,420.9,0.15,1788.83,516.39
ORD-10087,07/05/2025,2025-05-10,Second Class,CUST-0068,Customer 68,South,Technology,Laptop,4.0,1064.44,0.0,4257.76,2002.49
ORD-10088,2025-12-30,2025-12-31,First Class,CUST-0114,Customer 114,south,Technology,Wireless Mouse,6.0,359.15,0.0,2154.9,974.26
ORD-10089,2024-06-09,2024-06-13,Second Class,CUST-0127,Customer 127,north,OFFICE SUPPLIES,Pens (Box),8.0,716.28,0.0,5730.24,1029.41
ORD-10090,19/02/2024,2024-02-26,First Class,CUST-0174,Customer 174,East,Furniture,Desk,1.0,246.36,0.0,246.36,84.1
ORD-10091,2025-12-16,2025-12-18,Second Class,CUST-0185,Customer 185,South,Technology,Monitor,5.0,1151.26,0.1,5180.67,1212.85
ORD-10092,2024-08-25,2024-08-27,First Class,CUST-0197,Customer 197,South,Technology,Laptop,7.0,1091.33,0.0,7639.31,1834.88
ORD-10093,2024-09-10,2024-09-17,Standard Class,CUST-0185,  Customer 185  ,South,Technology,Laptop,4.0,293.44,0.0,1173.76,523.02
ORD-10094,2025-08-01,2025-08-08,Same Day,CUST-0104,Customer 104,North,Furniture,Bookcase,3.0,941.67,0.0,2825.01,941.6
ORD-10095,2024-05-04,2024-05-08,Second Class,CUST-0189,Customer 189,North,Office Supplies,Binder,9.0,1083.55,0.1,8776.75,3268.72
ORD-10096,28/11/2025,2025-12-05,Same Day,CUST-0009,  Customer 9  ,North,Technology,Printer,4.0,617.71,0.0,2470.84,1204.42
ORD-10097,2024-07-11,2024-07-15,Same Day,CUST-0199,Customer 199,South,Furniture,Desk,1.0,299.05,0.0,299.05,101.89
ORD-10098,2024-03-22,2024-03-26,Standard Class,CUST-0042,Customer 42,West,Furniture,Chair,10.0,464.48,0.0,4644.8,1187.37
ORD-10099,2024-10-29,2024-11-05,Standard Class,CUST-0076,Customer 76,south,Furniture,Desk,5.0,502.85,0.0,2514.25,1158.5
ORD-10100,2024-12-23,2024-12-27,Same Day,CUST-0176,Customer 176,South,Furniture,Bookcase,4.0,403.05,0.0,1612.2,365.64
ORD-10101,2024-08-31,2024-09-02,First Class,CUST-0054,Customer 54,South,Furniture,Chair,4.0,294.77,0.0,1179.08,307.57
ORD-10102,2024-02-05,2024-02-10,Standard Class,CUST-0084,Customer 84,west,Furniture,Table Lamp,6.0,555.62,0.1,3000.35,1157.94
ORD-10103,2024-04-22,2024-04-23,First Class,CUST-0192,Customer 192,East,Furniture,Chair,11.0,16.07,0.0,176.77,86.45
ORD-10104,2025-02-19,2025-02-21,Same Day,CUST-0183,Customer 183,South,Technology,Laptop,1.0,710.28,0.15,603.74,247.42
ORD-10105,30/06/2024,2024-07-07,First Class,CUST-0180,Customer 180,East,Technology,Monitor,2.0,928.66,0.15,1578.72,484.77
ORD-10106,2025-12-19,2025-12-23,Same Day,CUST-0111,Customer 111,South,OFFICE SUPPLIES,Stapler,11.0,437.04,0.15,4086.32,1146.86
ORD-10107,2025-09-21,2025-09-22,First Class,CUST-0119,Customer 119,North,Technology,Monitor,3.0,499.76,0.0,1499.28,708.65
ORD-10108,2024-04-30,2024-05-06,Second Class,CUST-0010,Customer 10,North,Technology,Laptop,8.0,871.59,0.1,6275.45,986.62
ORD-10109,2024-02-13,2024-02-15,Same Day,CUST-0089,Customer 89,West,Office Supplies,Paper,7.0,155.6,0.0,1089.2,280.38
ORD-10110,03/01/2024,2024-01-06,Standard Class,CUST-0165,Customer 165,South,FURNITURE,Table Lamp,3.0,24.81,0.3,52.1,-0.35
ORD-10111,10/06/2025,2025-06-11,Second Class,CUST-0153,Customer 153,West,Office Supplies,Paper,10.0,645.76,0.0,6457.6,2611.35
ORD-10112,29/04/2025,2025-05-01,Standard Class,CUST-0126,Customer 126,East,Furniture,Desk,4.0,1004.31,0.0,4017.24,1171.03
ORD-10113,2025-07-02,2025-07-07,First Class,CUST-0012,Customer 12,West,Office Supplies,Pens (Box),3.0,734.87,0.0,2204.61,796.62
ORD-10114,2025-07-07,2025-07-14,Standard Class,CUST-0094,  Customer 94  ,South,Office Supplies,Stapler,3.0,1180.18,0.0,3540.54,1132.6
ORD-10115,24/04/2025,2025-04-27,Standard Class,CUST-0095,Customer 95,West,Office Supplies,Binder,6.0,492.51,0.0,2955.06,557.38
ORD-10116,02/12/2025,2025-12-09,Same Day,CUST-0122,Customer 122,East,Technology,Laptop,4.0,218.24,0.0,872.96,174.03
ORD-10117,28/10/2024,2024-11-01,Standard Class,CUST-0013,Customer 13,East,FURNITURE,Desk,6.0,881.53,0.15,4495.8,1149.5
ORD-10118,2025-07-25,2025-07-30,Same Day,CUST-0008,Customer 8,East,Technology,Printer,6.0,686.07,0.0,4116.42,755.81
ORD-10119,2024-06-02,2024-06-09,Same Day,CUST-0133,Customer 133,North,Office Supplies,Stapler,2.0,249.25,0.1,448.65,195.36
ORD-10120,2025-10-09,2025-10-13,First Class,CUST-0096,Customer 96,South,Office Supplies,Stapler,11.0,476.58,0.0,5242.38,1504.25
ORD-10121,2024-09-03,2024-09-06,Second Class,CUST-0124,Customer 124,South,Technology,Laptop,7.0,1122.78,0.0,7859.46,3388.53
ORD-10122,2024-04-28,2024-05-04,Standard Class,CUST-0026,Customer 26,East,Office Supplies,Paper,4.0,823.05,0.0,3292.2,545.8
ORD-10123,2025-12-13,2025-12-15,Second Class,CUST-0053,Customer 53,South,Furniture,Desk,9.0,1057.84,0.0,9520.56,4086.88
ORD-10124,2024-07-08,2024-07-10,First Class,CUST-0161,Customer 161,West,Furniture,Desk,6.0,58.98,0.0,353.88,58.12
ORD-10125,2024-08-08,2024-08-15,Same Day,CUST-0007,Customer 7,North,Technology,Wireless Mouse,2.0,306.66,0.0,613.32,142.49
ORD-10126,2025-12-18,2025-12-25,Second Class,CUST-0191,Customer 191,East,Furniture,Table Lamp,7.0,1143.83,0.0,8006.81,3617.25
ORD-10127,2025-01-15,2025-01-17,Standard Class,CUST-0076,Customer 76,South,Technology,Monitor,2.0,1015.73,0.0,2031.46,630.1
ORD-10128,2025-09-13,2025-09-19,Second Class,CUST-0058,Customer 58,North,Technology,Laptop,2.0,703.15,0.1,1265.67,416.81
ORD-10129,2024-10-25,2024-10-26,Standard Class,CUST-0142,Customer 142,North,Technology,Laptop,9.0,927.96,0.0,8351.64,1423.63
ORD-10130,12/07/2024,2024-07-13,Second Class,CUST-0169,  Customer 169  ,South,Office Supplies,Paper,5.0,1016.54,0.0,5082.7,1805.64
ORD-10131,25/01/2025,2025-01-29,First Class,CUST-0014,Customer 14,West,Furniture,Table Lamp,8.0,1022.34,0.15,6951.91,1891.22
ORD-10132,2024-04-27,2024-04-30,First Class,CUST-0113,Customer 113,East,Furniture,Chair,4.0,1128.32,0.15,3836.29,351.7
ORD-10133,2024-09-19,2024-09-20,Standard Class,CUST-0161,Customer 161,West,Technology,Monitor,6.0,646.2,0.0,3877.2,1759.81
ORD-10134,26/11/2025,2025-11-28,Second Class,CUST-0040,Customer 40,East,Furniture,Desk,10.0,200.47,0.0,2004.7,856.61
ORD-10135,22/02/2024,2024-02-26,Same Day,CUST-0084,Customer 84,West,Furniture,Desk,2.0,1100.63,0.0,2201.26,632.1
ORD-10136,2024-05-16,2024-05-19,Second Class,CUST-0039,Customer 39,South,Technology,Printer,8.0,1186.38,0.15,8067.38,858.32
ORD-10137,2024-02-11,2024-02-17,First Class,CUST-0191,Customer 191,east,FURNITURE,Table Lamp,11.0,412.96,0.0,4542.56,1726.89
ORD-10138,2025-08-02,2025-08-05,First Class,CUST-0107,  Customer 107  ,West,Furniture,Table Lamp,8.0,258.29,0.2,1653.06,303.14
ORD-10139,2025-08-05,2025-08-06,Second Class,CUST-0025,Customer 25,West,Furniture,Bookcase,11.0,340.67,0.0,3747.37,1272.64
ORD-10140,2024-10-13,2024-10-19,Second Class,CUST-0071,Customer 71,west,Office Supplies,Stapler,6.0,1106.61,0.0,6639.66,1632.27
ORD-10141,2025-02-09,2025-02-11,Standard Class,CUST-0127,Customer 127,north,TECHNOLOGY,Printer,7.0,569.98,0.3,2792.9,319.39
ORD-10142,2024-01-30,2024-02-01,Same Day,CUST-0174,Customer 174,East,Office Supplies,Pens (Box),7.0,542.31,0.15,3226.74,332.67
ORD-10143,2025-06-20,2025-06-26,Second Class,CUST-0133,Customer 133,North,Technology,Wireless Mouse,8.0,366.46,0.2,2345.34,503.61
ORD-10144,2025-06-09,2025-06-11,First Class,CUST-0078,Customer 78,North,Office Supplies,Stapler,2.0,613.18,0.2,981.09,187.94
ORD-10145,2024-08-25,2024-08-30,Standard Class,CUST-0088,Customer 88,South,Technology,Printer,5.0,530.86,0.0,2654.3,1241.94
ORD-10146,2024-01-15,2024-01-22,Same Day,CUST-0044,Customer 44,South,Office Supplies,Stapler,4.0,395.22,0.0,1580.88,359.88
ORD-10147,2024-07-23,2024-07-25,Second Class,CUST-0130,Customer 130,East,Furniture,Table Lamp,8.0,159.59,0.0,1276.72,576.4
ORD-10148,27/05/2024,2024-06-01,First Class,CUST-0102,Customer 102,North,Office Supplies,Pens (Box),9.0,652.78,0.1,5287.52,390.56
ORD-10149,2024-11-17,2024-11-22,First Class,CUST-0042,Customer 42,West,Furniture,Desk,7.0,387.99,0.3,1901.15,163.26
ORD-10150,2025-09-30,2025-10-06,Same Day,CUST-0097,Customer 97,north,TECHNOLOGY,Monitor,8.0,734.22,0.0,5873.76,1012.76
ORD-10151,13/08/2025,2025-08-15,Second Class,CUST-0184,  Customer 184  ,East,FURNITURE,Table Lamp,6.0,590.34,0.0,3542.04,1356.82
ORD-10152,2025-09-07,2025-09-09,Same Day,CUST-0154,Customer 154,south,Office Supplies,Pens (Box),4.0,1173.95,0.1,4226.22,621.57
ORD-10153,2024-08-10,2024-08-12,Second Class,CUST-0095,Customer 95,West,Technology,Printer,6.0,292.07,0.0,1752.42,698.76
ORD-10154,2024-06-08,2024-06-11,Standard Class,CUST-0068,Customer 68,South,TECHNOLOGY,Monitor,4.0,980.19,0.15,3332.65,1142.14
ORD-10155,2025-03-17,2025-03-18,Standard Class,CUST-0133,Customer 133,North,Technology,Monitor,9.0,1007.81,0.0,9070.29,2076.94
ORD-10156,20/05/2024,2024-05-27,Same Day,CUST-0019,Customer 19,west,Technology,Wireless Mouse,4.0,188.99,0.0,755.96,214.02
ORD-10157,2024-12-13,2024-12-20,Standard Class,CUST-0084,Customer 84,West,Office Supplies,Stapler,1.0,169.91,0.1,152.92,51.87
ORD-10158,30/08/2025,2025-09-01,First Class,CUST-0038,Customer 38,West,Technology,Laptop,8.0,215.75,0.0,1726.0,529.43
ORD-10159,2024-03-18,2024-03-19,First Class,CUST-0139,Customer 139,south,Office Supplies,Pens (Box),8.0,1190.49,0.3,6666.74,183.23
ORD-10160,2024-08-20,2024-08-23,First Class,CUST-0044,Customer 44,South,Furniture,Table Lamp,4.0,556.14,0.0,2224.56,1072.25
ORD-10161,2024-10-15,2024-10-18,Standard Class,CUST-0079,  Customer 79  ,East,Technology,Monitor,9.0,999.38,0.15,7645.26,1836.37
ORD-10162,2024-12-24,2024-12-31,Standard Class,CUST-0035,Customer 35,West,Office Supplies,Pens (Box),2.0,1072.17,0.0,2144.34,412.41
ORD-10163,2024-03-04,2024-03-08,Same Day,CUST-0141,Customer 141,West,Furniture,Desk,6.0,85.68,0.0,514.08,256.95
ORD-10164,2025-04-21,2025-04-22,Same Day,CUST-0163,  Customer 163  ,South,Furniture,Chair,4.0,988.64,0.0,3954.56,1774.01
ORD-10165,2025-02-02,2025-02-08,First Class,CUST-0123,Customer 123,East,OFFICE SUPPLIES,Stapler,6.0,983.94,0.0,5903.64,2136.71
ORD-10166,03/01/2025,2025-01-06,Standard Class,CUST-0062,Customer 62,East,Furniture,Table Lamp,3.0,901.57,0.0,2704.71,1004.08
ORD-10167,2024-04-28,2024-04-30,Standard Class,CUST-0036,Customer 36,North,Furniture,Bookcase,9.0,147.1,0.0,1323.9,580.26
ORD-10168,23/12/2025,2025-12-30,Second Class,CUST-0133,  Customer 133  ,North,Furniture,Desk,8.0,168.97,0.1,1216.58,328.4
ORD-10169,2024-12-11,2024-12-16,Same Day,CUST-0095,Customer 95,West,Office Supplies,Pens (Box),11.0,1048.07,0.0,11528.77,4873.45
ORD-10170,2025-02-17,2025-02-21,Standard Class,CUST-0191,Customer 191,East,FURNITURE,Bookcase,1.0,663.34,0.15,563.84,67.21
ORD-10171,2024-07-07,2024-07-13,Standard Class,CUST-0022,Customer 22,South,Furniture,Table Lamp,7.0,586.0,0.0,4102.0,1449.94
ORD-10172,2024-10-08,2024-10-12,First Class,CUST-0055,Customer 55,South,Technology,Printer,2.0,328.48,0.0,656.96,256.11
ORD-10173,2025-07-18,2025-07-23,Same Day,CUST-0161,Customer 161,West,Office Supplies,Pens (Box),1.0,6.28,0.0,6.28,1.17
ORD-10174,2024-12-09,2024-12-12,Standard Class,CUST-0138,Customer 138,North,Office Supplies,Pens (Box),2.0,573.93,0.2,918.29,320.46
ORD-10175,2024-10-29,2024-10-31,Standard Class,CUST-0052,Customer 52,North,Technology,Monitor,3.0,817.03,0.0,2451.09,1140.48
ORD-10176,08/04/2024,2024-04-10,Standard Class,CUST-0150,Customer 150,North,Technology,Laptop,1.0,1033.04,0.0,1033.04,386.08
ORD-10177,2024-01-24,2024-01-31,First Class,CUST-0064,Customer 64,West,Technology,Monitor,3.0,734.53,0.0,2203.59,416.64
ORD-10178,2024-03-25,2024-04-01,Same Day,CUST-0173,Customer 173,West,Office Supplies,Paper,1.0,745.39,0.0,745.39,150.32
ORD-10179,2024-02-15,2024-02-18,Second Class,CUST-0155,Customer 155,South,Office Supplies,Stapler,6.0,1196.03,0.0,7176.18,2580.25
ORD-10180,2025-08-11,2025-08-15,Second Class,CUST-0033,Customer 33,North,Furniture,Bookcase,11.0,208.56,0.3,1605.91,58.44
ORD-10181,2025-04-22,2025-04-25,Standard Class,CUST-0161,Customer 161,West,Office Supplies,Pens (Box),5.0,480.04,0.0,2400.2,1092.53
ORD-10182,2025-09-24,2025-09-28,Second Class,CUST-0112,Customer 112,west,Office Supplies,Paper,9.0,709.25,0.0,6383.25,2278.6
ORD-10183,2024-07-16,2024-07-20,Same Day,CUST-0024,Customer 24,West,Technology,Monitor,11.0,1119.67,0.0,12316.37,4738.82
ORD-10184,2025-04-25,2025-04-26,Second Class,CUST-0021,Customer 21,East,Technology,Monitor,4.0,667.51,0.0,2670.04,1011.93
ORD-10185,2025-07-23,2025-07-27,Same Day,CUST-0067,Customer 67,West,Furniture,Desk,2.0,869.12,0.0,1738.24,738.6
ORD-10186,2025-08-26,2025-09-02,Standard Class,CUST-0020,Customer 20,South,Technology,Monitor,6.0,1113.37,0.0,6680.22,1776.06
ORD-10187,2025-03-26,2025-03-27,Same Day,CUST-0130,  Customer 130  ,East,Office Supplies,Pens (Box),5.0,1109.06,,5545.3,2763.69
ORD-10188,20/01/2024,2024-01-22,Second Class,CUST-0078,Customer 78,North,Office Supplies,Stapler,1.0,893.43,0.15,759.42,157.48
ORD-10189,2025-09-13,2025-09-17,Standard Class,CUST-0154,Customer 154,South,Furniture,Bookcase,9.0,400.21,0.15,3061.61,790.36
ORD-10190,2025-07-19,2025-07-20,Same Day,CUST-0018,Customer 18,North,Office Supplies,Paper,5.0,598.43,0.0,2992.15,485.04
ORD-10191,2024-03-26,2024-03-27,Second Class,CUST-0087,Customer 87,North,OFFICE SUPPLIES,Pens (Box),3.0,715.16,0.15,1823.66,469.73
ORD-10192,16/02/2025,2025-02-23,Second Class,CUST-0162,Customer 162,East,Technology,Monitor,3.0,1178.66,0.0,3535.98,1242.04
ORD-10193,2025-05-30,2025-06-02,First Class,CUST-0045,Customer 45,North,Technology,Laptop,2.0,954.73,,1623.04,478.24
ORD-10194,14/01/2025,2025-01-19,First Class,CUST-0176,  Customer 176  ,South,Furniture,Chair,11.0,559.09,0.1,5534.99,2108.29
ORD-10195,2025-11-10,2025-11-12,Second Class,CUST-0076,Customer 76,south,Technology,Wireless Mouse,7.0,52.91,0.0,370.37,117.49
ORD-10196,08/09/2024,2024-09-10,Same Day,CUST-0015,Customer 15,East,Technology,Laptop,6.0,120.69,0.2,579.31,114.59
ORD-10197,2024-09-19,2024-09-23,Standard Class,CUST-0072,Customer 72,North,Office Supplies,Paper,1.0,783.75,0.15,666.19,100.34
ORD-10198,25/01/2025,2025-01-27,First Class,CUST-0077,Customer 77,South,Technology,Laptop,3.0,1192.28,0.3,2503.79,664.79
ORD-10199,2025-10-27,2025-10-28,Second Class,CUST-0088,Customer 88,South,FURNITURE,Bookcase,10.0,58.91,0.2,471.28,4.06
ORD-10200,2024-04-23,2024-04-28,Second Class,CUST-0149,Customer 149,West,Furniture,Table Lamp,11.0,644.2,0.2,5668.96,718.49
ORD-10201,2025-01-09,2025-01-12,Standard Class,CUST-0064,Customer 64,West,Technology,Wireless Mouse,1.0,1162.66,0.0,1162.66,504.27
ORD-10202,2025-09-25,2025-09-30,Same Day,CUST-0029,Customer 29,East,Furniture,Chair,8.0,850.87,0.15,5785.92,57.43
ORD-10203,2025-12-05,2025-12-12,Standard Class,CUST-0034,Customer 34,East,Office Supplies,Stapler,2.0,955.97,0.0,1911.94,592.27
ORD-10204,2024-12-18,2024-12-20,Second Class,CUST-0014,Customer 14,West,Technology,Printer,9.0,550.4,0.0,4953.6,1849.87
ORD-10205,01/09/2025,2025-09-06,Standard Class,CUST-0082,Customer 82,South,FURNITURE,Bookcase,1.0,936.94,0.0,18727.873054494645,163.27
ORD-10206,2024-05-30,2024-06-04,Same Day,CUST-0023,Customer 23,North,Furniture,Chair,10.0,1171.0,0.0,11710.0,3741.18
ORD-10207,2024-04-18,2024-04-20,Standard Class,CUST-0163,Customer 163,South,Office Supplies,Paper,3.0,63.7,0.0,191.1,91.31
ORD-10208,2025-01-27,2025-02-03,First Class,CUST-0148,Customer 148,North,Technology,Wireless Mouse,3.0,753.06,0.0,2259.18,496.56
ORD-10209,2024-10-24,2024-10-28,First Class,CUST-0056,Customer 56,North,Office Supplies,Stapler,11.0,420.74,0.0,4628.14,1948.1
ORD-10210,2025-07-16,2025-07-18,First Class,CUST-0155,Customer 155,South,Office Supplies,Binder,4.0,650.87,0.0,2603.48,1009.48
ORD-10211,2025-06-06,2025-06-13,Same Day,CUST-0060,Customer 60,East,Office Supplies,Paper,5.0,278.23,0.1,1252.04,474.24
ORD-10212,2024-12-29,2024-12-31,Same Day,CUST-0141,Customer 141,West,Office Supplies,Paper,7.0,625.86,0.0,4381.02,1520.94
ORD-10213,2024-06-24,2024-06-26,First Class,CUST-0006,  Customer 6  ,west,Technology,Printer,6.0,509.01,0.0,3054.06,893.21
ORD-10214,2025-12-17,2025-12-23,Standard Class,CUST-0046,Customer 46,West,Technology,Laptop,7.0,565.46,0.15,3364.49,726.55
ORD-10215,2024-05-20,2024-05-26,Same Day,CUST-0033,  Customer 33  ,North,OFFICE SUPPLIES,Stapler,8.0,939.2,0.0,7513.6,2079.18
ORD-10216,2025-04-28,2025-05-03,Second Class,CUST-0048,Customer 48,West,Furniture,Desk,5.0,807.87,0.3,2827.54,283.48
ORD-10217,2025-03-12,2025-03-18,Second Class,CUST-0177,Customer 177,East,Office Supplies,Binder,6.0,885.2,0.0,5311.2,2255.01
ORD-10218,2025-04-02,2025-04-06,Standard Class,CUST-0131,Customer 131,East,Technology,Laptop,5.0,897.99,0.15,3816.46,1143.12
ORD-10219,2024-05-18,2024-05-25,First Class,CUST-0164,  Customer 164  ,South,Office Supplies,Pens (Box),2.0,241.21,0.0,482.42,151.82
ORD-10220,2024-05-07,2024-05-10,Second Class,CUST-0021,Customer 21,east,FURNITURE,Bookcase,10.0,432.43,0.0,4324.3,1939.02
ORD-10221,04/11/2024,2024-11-08,Standard Class,CUST-0185,Customer 185,South,Furniture,Desk,2.0,662.54,0.1,1192.57,497.6
ORD-10222,2025-08-18,2025-08-21,Second Class,CUST-0035,Customer 35,west,Technology,Printer,2.0,540.65,0.15,919.1,287.34
ORD-10223,2024-05-07,2024-05-10,Standard Class,CUST-0078,Customer 78,North,Furniture,Chair,6.0,473.51,0.0,2841.06,672.98
ORD-10224,2024-11-16,2024-11-20,Same Day,CUST-0023,Customer 23,North,Technology,Laptop,1.0,367.04,0.0,367.04,153.2
ORD-10225,10/12/2024,2024-12-15,Second Class,CUST-0002,Customer 2,West,Office Supplies,Binder,6.0,773.38,0.15,3944.24,1.9
ORD-10226,2025-07-31,2025-08-05,Second Class,CUST-0063,Customer 63,South,Office Supplies,Pens (Box),6.0,555.81,0.0,3334.86,1648.98
ORD-10227,2025-12-23,2025-12-24,First Class,CUST-0101,Customer 101,West,Technology,Monitor,5.0,683.96,0.0,3419.8,708.53
ORD-10228,2025-09-10,2025-09-12,Second Class,CUST-0056,  Customer 56  ,North,Furniture,Table Lamp,1.0,1193.81,0.15,1014.74,46.01
ORD-10229,2025-12-27,2025-12-31,First Class,CUST-0160,Customer 160,west,Technology,Printer,3.0,729.53,0.2,1750.87,392.58
ORD-10230,2024-05-22,2024-05-23,Same Day,CUST-0161,Customer 161,West,Furniture,Chair,3.0,74.24,0.2,178.18,35.41
ORD-10231,2025-11-03,2025-11-10,Same Day,CUST-0057,  Customer 57  ,East,Office Supplies,Stapler,3.0,214.68,0.15,547.43,165.74
ORD-10232,17/08/2025,2025-08-21,,CUST-0124,Customer 124,South,FURNITURE,Bookcase,,,,3147.43,511.2
ORD-10233,2025-02-26,2025-03-01,First Class,CUST-0005,Customer 5,South,Technology,Wireless Mouse,5.0,307.38,0.1,1383.21,199.57
ORD-10234,2024-01-04,2024-01-06,Standard Class,CUST-0149,Customer 149,West,Office Supplies,Paper,8.0,687.54,0.3,3850.22,1025.67
ORD-10235,2024-04-24,2024-04-27,Standard Class,CUST-0192,Customer 192,East,Technology,Printer,9.0,111.41,0.0,1002.69,239.17
ORD-10236,2024-10-26,2024-11-01,First Class,CUST-0011,Customer 11,East,FURNITURE,Chair,7.0,577.9,0.15,3438.5,506.51
ORD-10237,2025-12-25,2025-12-31,Standard Class,CUST-0064,Customer 64,west,Office Supplies,Paper,5.0,487.01,0.2,1948.04,520.96
ORD-10238,07/12/2024,2024-12-09,Second Class,CUST-0031,Customer 31,South,OFFICE SUPPLIES,Paper,5.0,244.67,0.0,1223.35,413.08
ORD-10239,2024-03-27,2024-03-29,Second Class,CUST-0045,Customer 45,North,Office Supplies,Paper,10.0,964.25,0.0,9642.5,3896.08
ORD-10240,2024-10-20,2024-10-22,Standard Class,CUST-0012,Customer 12,west,Furniture,Table Lamp,6.0,273.5,0.15,1394.85,345.07
ORD-10241,2025-03-24,2025-03-30,Standard Class,CUST-0105,Customer 105,west,Furniture,Table Lamp,8.0,940.57,0.0,7524.56,1346.23
ORD-10242,2024-02-06,2024-02-10,Same Day,CUST-0048,Customer 48,west,Furniture,Chair,6.0,1041.57,0.0,6249.42,1770.96
ORD-10243,2024-02-11,2024-02-18,Standard Class,CUST-0063,Customer 63,south,Furniture,Chair,9.0,1126.52,0.1,9124.81,2489.77
ORD-10244,2025-08-21,2025-08-28,Standard Class,CUST-0162,Customer 162,east,Office Supplies,Stapler,1.0,900.48,0.0,900.48,413.1
ORD-10245,2025-12-02,2025-12-09,Same Day,CUST-0159,Customer 159,East,Technology,Printer,6.0,701.26,0.0,4207.56,944.97
ORD-10246,2025-05-09,2025-05-13,Same Day,CUST-0099,Customer 99,East,Office Supplies,Stapler,4.0,630.09,0.0,2520.36,558.68
ORD-10247,2025-04-26,2025-04-30,Standard Class,CUST-0013,Customer 13,East,Office Supplies,Pens (Box),11.0,1181.1,0.0,12992.1,3593.9
ORD-10248,28/10/2024,2024-11-02,Second Class,CUST-0102,Customer 102,North,Furniture,Chair,7.0,1051.27,0.0,7358.89,1650.4
ORD-10249,2024-06-20,2024-06-25,Second Class,CUST-0068,Customer 68,South,Office Supplies,Binder,10.0,365.08,0.1,3285.72,1029.89
ORD-10250,2024-01-18,2024-01-23,Second Class,CUST-0100,  Customer 100  ,North,Office Supplies,Pens (Box),11.0,268.09,0.1,2654.09,597.96
ORD-10251,2024-10-30,2024-11-06,Same Day,CUST-0139,Customer 139,South,Furniture,Desk,4.0,1038.79,0.0,4155.16,1501.04
ORD-10252,07/07/2024,2024-07-10,Standard Class,CUST-0013,  Customer 13  ,East,Technology,Printer,6.0,1040.6,0.1,5619.24,561.94
ORD-10253,2024-09-05,2024-09-12,Second Class,CUST-0122,Customer 122,East,Technology,Monitor,9.0,298.61,0.0,2687.49,1318.18
ORD-10254,2025-06-27,2025-06-28,First Class,CUST-0089,Customer 89,West,Furniture,Bookcase,5.0,640.28,0.0,3201.4,1097.0
ORD-10255,2024-04-03,2024-04-04,Second Class,CUST-0024,Customer 24,West,Furniture,Chair,10.0,975.04,0.0,9750.4,2900.61
ORD-10256,2025-11-03,2025-11-04,Standard Class,CUST-0028,Customer 28,West,FURNITURE,Table Lamp,8.0,401.93,0.0,3215.44,1369.39
ORD-10257,2025-01-20,2025-01-26,First Class,CUST-0028,Customer 28,West,Furniture,Desk,1.0,1187.84,0.0,1187.84,538.82
ORD-10258,2025-04-05,2025-04-12,First Class,CUST-0166,Customer 166,west,Furniture,Table Lamp,1.0,1059.2,0.0,1059.2,336.04
ORD-10259,2025-07-24,2025-07-26,Second Class,CUST-0071,Customer 71,West,Technology,Printer,4.0,563.84,0.0,2255.36,498.89
ORD-10260,2025-09-06,2025-09-13,Standard Class,CUST-0095,Customer 95,west,Office Supplies,Paper,9.0,399.59,0.1,3236.68,360.55
ORD-10261,2024-03-22,2024-03-25,Same Day,CUST-0004,Customer 4,South,Office Supplies,Paper,4.0,263.86,0.1,949.9,86.1
ORD-10262,2025-02-08,2025-02-15,Standard Class,CUST-0087,Customer 87,north,Furniture,Desk,4.0,748.13,0.0,2992.52,843.17
ORD-10263,2024-02-07,2024-02-10,Second Class,CUST-0126,Customer 126,East,Office Supplies,Stapler,8.0,820.69,0.0,6565.52,2255.95
ORD-10264,2024-11-17,2024-11-21,First Class,CUST-0145,Customer 145,West,OFFICE SUPPLIES,Paper,4.0,892.77,0.0,3571.08,748.45
ORD-10265,2025-11-09,2025-11-13,Same Day,CUST-0177,Customer 177,East,Office Supplies,Pens (Box),6.0,601.54,0.0,3609.24,632.38
ORD-10266,22/06/2025,2025-06-26,Same Day,CUST-0122,Customer 122,East,Technology,Printer,11.0,90.86,0.0,999.46,331.26
ORD-10267,2024-11-06,2024-11-08,Standard Class,CUST-0150,  Customer 150  ,North,TECHNOLOGY,Printer,6.0,1154.83,0.0,6928.98,3025.82
ORD-10268,2024-11-11,2024-11-13,First Class,CUST-0007,Customer 7,North,Technology,Laptop,8.0,924.24,0.1,6654.53,2874.37
ORD-10269,2024-10-15,2024-10-20,Second Class,CUST-0132,Customer 132,East,Furniture,Chair,11.0,205.0,0.0,2255.0,870.02
ORD-10270,2024-06-17,2024-06-21,Same Day,CUST-0118,Customer 118,North,Furniture,Table Lamp,2.0,1087.42,0.0,2174.84,511.89
ORD-10271,2025-04-11,2025-04-16,Same Day,CUST-0079,Customer 79,east,Office Supplies,Pens (Box),3.0,347.84,0.0,1043.52,425.75
ORD-10272,2025-01-19,2025-01-22,Standard Class,CUST-0019,Customer 19,West,Furniture,Table Lamp,2.0,768.64,0.15,1306.69,36.09
ORD-10273,2024-11-23,2024-11-30,Same Day,CUST-0063,  Customer 63  ,south,Technology,Printer,10.0,367.33,0.0,3673.3,569.48
ORD-10274,15/07/2024,2024-07-17,First Class,CUST-0134,Customer 134,East,Technology,Wireless Mouse,11.0,388.42,0.0,4272.62,1297.71
ORD-10275,2025-01-20,2025-01-21,Second Class,CUST-0184,Customer 184,East,Technology,Monitor,5.0,900.26,0.0,4501.3,1729.68
ORD-10276,2024-11-21,2024-11-23,,CUST-0058,Customer 58,North,Technology,Wireless Mouse,,,,2745.27,628.69
ORD-10277,2024-01-08,2024-01-09,Same Day,CUST-0028,Customer 28,West,Furniture,Chair,2.0,788.77,0.0,1577.54,752.91
ORD-10278,2025-09-11,2025-09-16,Second Class,CUST-0023,Customer 23,North,Office Supplies,Paper,1.0,190.7,0.0,190.7,65.67
ORD-10279,2025-03-09,2025-03-16,Second Class,CUST-0153,Customer 153,West,Furniture,Desk,9.0,1072.2,0.0,9649.8,4221.68
ORD-10280,2024-05-28,2024-06-04,Same Day,CUST-0118,Customer 118,North,Office Supplies,Paper,10.0,793.68,0.1,7143.12,1509.58
ORD-10281,19/06/2025,2025-06-20,Standard Class,CUST-0198,Customer 198,North,Technology,Printer,4.0,575.29,0.0,2301.16,969.83
ORD-10282,14/01/2024,2024-01-19,Same Day,CUST-0070,Customer 70,South,Technology,Printer,4.0,529.82,0.0,2119.28,606.87
ORD-10283,2025-05-22,2025-05-24,Standard Class,CUST-0026,Customer 26,East,OFFICE SUPPLIES,Paper,8.0,127.84,,1022.72,295.37
ORD-10284,2024-11-28,2024-12-02,Same Day,CUST-0027,Customer 27,south,Office Supplies,Paper,7.0,499.65,0.0,3497.55,739.57
ORD-10285,06/01/2025,2025-01-07,Same Day,CUST-0134,Customer 134,East,Furniture,Bookcase,11.0,26.34,0.2,231.79,-9.61
ORD-10286,2025-10-23,2025-10-24,Same Day,CUST-0052,Customer 52,North,Office Supplies,Pens (Box),3.0,1165.0,0.0,3495.0,1651.9
ORD-10287,2025-04-28,2025-05-04,First Class,CUST-0133,Customer 133,North,Technology,Wireless Mouse,7.0,503.62,0.0,3525.34,1573.17
ORD-10288,2025-09-11,2025-09-18,Same Day,CUST-0058,Customer 58,North,Office Supplies,Stapler,3.0,569.6,0.0,1708.8,667.67
ORD-10289,2025-03-08,2025-03-15,First Class,CUST-0061,Customer 61,West,OFFICE SUPPLIES,Paper,5.0,213.89,0.0,1069.45,361.08
ORD-10290,2025-09-19,2025-09-24,First Class,CUST-0111,Customer 111,South,Furniture,Chair,11.0,456.95,0.15,4272.48,1334.04
ORD-10291,2024-11-25,2024-11-26,First Class,CUST-0195,Customer 195,West,Office Supplies,Paper,3.0,833.05,0.3,1749.4,368.1
ORD-10292,22/02/2024,2024-02-26,Second Class,CUST-0093,Customer 93,West,Office Supplies,Binder,4.0,572.99,0.1,2062.76,688.06
ORD-10293,2024-07-02,2024-07-07,Standard Class,CUST-0118,Customer 118,North,Office Supplies,Stapler,6.0,1012.06,0.0,6072.36,1010.8
ORD-10294,23/12/2024,2024-12-24,Standard Class,CUST-0143,Customer 143,south,TECHNOLOGY,Wireless Mouse,8.0,174.26,0.0,1394.08,361.57
ORD-10295,2024-07-15,2024-07-17,Second Class,CUST-0178,Customer 178,north,Furniture,Desk,2.0,532.09,0.0,1064.18,337.71
ORD-10296,2024-09-29,2024-10-03,Standard Class,CUST-0068,Customer 68,South,Office Supplies,Stapler,4.0,783.35,0.0,3133.4,1551.59
ORD-10297,2024-05-29,2024-06-03,Standard Class,CUST-0083,Customer 83,north,Technology,Monitor,5.0,973.31,0.0,4866.55,1529.78
ORD-10298,2024-09-08,2024-09-14,Same Day,CUST-0138,Customer 138,North,TECHNOLOGY,Printer,9.0,508.43,0.0,4575.87,1034.21
ORD-10299,2025-01-01,2025-01-06,Second Class,CUST-0135,Customer 135,West,Furniture,Table Lamp,7.0,917.79,0.0,6424.53,1441.38
ORD-10300,2024-01-31,2024-02-06,Second Class,CUST-0005,Customer 5,South,Office Supplies,Pens (Box),9.0,536.7,0.0,4830.3,2167.07
ORD-10301,03/01/2024,2024-01-07,Standard Class,CUST-0066,Customer 66,South,Office Supplies,Paper,1.0,545.75,0.15,463.89,129.15
ORD-10302,2024-04-05,2024-04-11,First Class,CUST-0052,Customer 52,North,Furniture,Desk,1.0,66.81,0.2,53.45,13.83
ORD-10303,2025-12-11,2025-12-13,Same Day,CUST-0019,Customer 19,West,Furniture,Bookcase,5.0,1116.48,0.0,5582.4,893.76
ORD-10304,23/11/2024,2024-11-26,First Class,CUST-0003,Customer 3,East,Office Supplies,Pens (Box),2.0,338.99,0.15,576.28,144.77
ORD-10305,15/02/2025,2025-02-17,First Class,CUST-0082,Customer 82,south,Office Supplies,Paper,3.0,365.17,0.0,1095.51,397.51
ORD-10306,2025-05-07,2025-05-10,First Class,CUST-0044,Customer 44,South,Technology,Laptop,6.0,319.85,0.0,1919.1,725.23
ORD-10307,2024-01-31,2024-02-07,Second Class,CUST-0165,Customer 165,South,Technology,Printer,-4.0,1023.88,0.0,4095.52,1741.25
ORD-10308,2024-12-27,2024-12-30,Standard Class,CUST-0186,Customer 186,South,Office Supplies,Paper,7.0,153.11,0.0,1071.77,255.63
ORD-10309,2025-05-15,2025-05-22,Second Class,CUST-0087,Customer 87,north,Office Supplies,Pens (Box),11.0,729.81,0.1,7225.12,1206.15
ORD-10310,2025-01-13,2025-01-16,Standard Class,CUST-0044,Customer 44,South,Technology,Laptop,2.0,642.23,0.0,1284.46,366.6
ORD-10311,2024-09-02,2024-09-04,Same Day,CUST-0099,Customer 99,East,OFFICE SUPPLIES,Stapler,3.0,52.27,0.0,156.81,65.22
ORD-10312,2024-05-20,2024-05-23,Second Class,CUST-0125,Customer 125,West,Technology,Monitor,4.0,457.45,0.0,1829.8,697.79
ORD-10313,2024-09-13,2024-09-20,Standard Class,CUST-0142,Customer 142,North,Furniture,Bookcase,1.0,246.53,0.1,221.88,13.12
ORD-10314,17/08/2024,2024-08-21,Same Day,CUST-0082,Customer 82,South,Office Supplies,Stapler,11.0,929.86,0.1,9205.61,1068.92
ORD-10315,2024-12-25,2024-12-26,Same Day,CUST-0076,  Customer 76  ,South,Technology,Laptop,9.0,968.65,0.0,8717.85,1523.58
ORD-10316,2024-03-09,2024-03-15,Same Day,CUST-0184,Customer 184,East,Technology,Wireless Mouse,1.0,789.19,0.0,789.19,181.86
ORD-10317,2025-09-13,2025-09-14,First Class,CUST-0053,Customer 53,South,Technology,Printer,10.0,121.97,0.0,1219.7,433.04
ORD-10318,2024-10-13,2024-10-20,Same Day,CUST-0066,Customer 66,South,Technology,Monitor,11.0,513.0,0.15,4796.55,1441.11
ORD-10319,2024-09-30,2024-10-04,Standard Class,CUST-0002,  Customer 2  ,West,Technology,Wireless Mouse,4.0,605.5,0.0,2422.0,992.83
ORD-10320,2025-02-17,2025-02-22,Same Day,CUST-0014,Customer 14,West,Office Supplies,Binder,7.0,499.02,0.15,2969.17,908.73
ORD-10321,2025-02-11,2025-02-13,Standard Class,CUST-0118,Customer 118,North,Office Supplies,Binder,11.0,1006.57,0.0,11072.27,3495.95
ORD-10322,11/07/2024,2024-07-14,First Class,CUST-0003,Customer 3,East,FURNITURE,Bookcase,4.0,1115.87,0.0,4463.48,1350.86
ORD-10323,2024-08-03,2024-08-05,Standard Class,CUST-0134,Customer 134,East,Furniture,Desk,7.0,980.0,0.0,6860.0,2200.1
ORD-10324,2025-11-15,2025-11-16,First Class,CUST-0001,  Customer 1  ,North,TECHNOLOGY,Laptop,5.0,1074.2,0.0,5371.0,2077.81
ORD-10325,2025-07-11,2025-07-15,Second Class,CUST-0182,Customer 182,North,Office Supplies,Binder,5.0,191.77,0.0,958.85,143.91
ORD-10326,2025-11-04,2025-11-09,Same Day,CUST-0099,Customer 99,East,Furniture,Desk,9.0,109.87,0.0,988.83,172.68
ORD-10327,2025-02-06,2025-02-13,Same Day,CUST-0154,Customer 154,South,Furniture,Desk,4.0,545.68,0.0,2182.72,946.17
ORD-10328,2024-02-19,2024-02-24,First Class,CUST-0033,Customer 33,North,Technology,Printer,7.0,51.31,0.1,323.25,101.05
ORD-10329,12/09/2025,2025-09-15,Same Day,CUST-0112,Customer 112,West,Furniture,Table Lamp,11.0,899.47,0.15,8410.04,2990.36
ORD-10330,2024-08-04,2024-08-09,Second Class,CUST-0174,Customer 174,East,OFFICE SUPPLIES,Stapler,6.0,77.45,0.0,464.7,190.95
ORD-10331,2025-05-20,2025-05-24,Same Day,CUST-0153,Customer 153,West,Furniture,Bookcase,3.0,754.21,0.0,2262.63,857.8
ORD-10332,2025-03-04,2025-03-11,Same Day,CUST-0110,Customer 110,East,Furniture,Desk,4.0,1159.61,0.0,4638.44,842.21
ORD-10333,2024-01-14,2024-01-15,Second Class,CUST-0121,Customer 121,South,Furniture,Bookcase,5.0,839.49,0.3,2938.21,166.08
ORD-10334,2025-07-02,2025-07-07,First Class,CUST-0019,Customer 19,West,Furniture,Chair,8.0,611.67,0.1,4404.02,468.4
ORD-10335,2024-03-13,2024-03-17,First Class,CUST-0060,Customer 60,East,Technology,Monitor,9.0,1011.73,0.15,7739.73,3070.84
ORD-10336,2025-04-18,2025-04-23,First Class,CUST-0092,Customer 92,West,Furniture,Table Lamp,9.0,507.17,0.0,4564.53,1740.65
ORD-10337,19/07/2024,2024-07-22,Standard Class,CUST-0114,Customer 114,South,Furniture,Bookcase,2.0,1066.19,0.1,1919.14,703.84
ORD-10338,2025-03-21,2025-03-22,First Class,CUST-0083,Customer 83,North,Furniture,Bookcase,7.0,372.62,0.0,2608.34,1268.09
ORD-10339,2024-06-02,2024-06-06,Standard Class,CUST-0086,Customer 86,East,Furniture,Table Lamp,1.0,876.75,0.2,701.4,30.88
ORD-10340,2024-08-24,2024-08-29,Same Day,CUST-0198,Customer 198,north,Office Supplies,Binder,2.0,628.45,0.0,1256.9,365.31
ORD-10341,2024-04-17,2024-04-20,Second Class,CUST-0065,Customer 65,South,Office Supplies,Pens (Box),1.0,464.7,0.0,464.7,175.08
ORD-10342,28/12/2024,2024-12-29,Second Class,CUST-0028,Customer 28,west,Furniture,Table Lamp,10.0,1103.5,0.0,11035.0,5258.81
ORD-10343,2024-04-07,2024-04-12,Second Class,CUST-0178,Customer 178,North,Furniture,Desk,3.0,1183.31,0.0,3549.93,1528.81
ORD-10344,2024-10-02,2024-10-03,First Class,CUST-0013,Customer 13,East,Office Supplies,Stapler,2.0,992.98,0.0,1985.96,695.21
ORD-10345,2025-05-24,2025-05-25,First Class,CUST-0133,Customer 133,North,Office Supplies,Pens (Box),5.0,683.46,0.0,3417.3,1504.94
ORD-10346,2025-06-12,2025-06-13,Standard Class,CUST-0127,Customer 127,North,Office Supplies,Binder,1.0,84.35,0.15,71.7,4.86
ORD-10347,2025-07-14,2025-07-17,Second Class,CUST-0106,Customer 106,West,Furniture,Table Lamp,1.0,1025.09,0.0,1025.09,315.83
ORD-10348,2024-12-31,2025-01-07,Standard Class,CUST-0055,Customer 55,south,Office Supplies,Binder,1.0,1186.96,0.0,1186.96,248.38
ORD-10349,2025-08-27,2025-08-30,Standard Class,CUST-0081,Customer 81,West,Technology,Laptop,10.0,799.93,0.1,7199.37,2462.5
ORD-10350,2024-12-03,2024-12-10,Second Class,CUST-0003,Customer 3,east,Technology,Printer,3.0,395.64,0.0,1186.92,489.25
ORD-10351,2025-12-07,2025-12-13,Standard Class,CUST-0163,Customer 163,South,Furniture,Table Lamp,10.0,724.53,0.0,7245.3,1863.12
ORD-10352,2024-01-07,2024-01-09,Standard Class,CUST-0017,Customer 17,East,TECHNOLOGY,Laptop,7.0,61.46,0.1,387.2,23.44
ORD-10353,2025-02-13,2025-02-14,Second Class,CUST-0008,Customer 8,East,Office Supplies,Paper,1.0,712.6,0.1,641.34,195.45
ORD-10354,2024-07-07,2024-07-12,First Class,CUST-0154,Customer 154,South,Furniture,Table Lamp,11.0,231.44,0.0,2545.84,778.16
ORD-10355,2025-01-19,2025-01-23,First Class,CUST-0131,Customer 131,East,Office Supplies,Stapler,-9.0,1071.59,0.15,8197.66,2540.85
ORD-10356,2025-11-11,2025-11-13,First Class,CUST-0155,Customer 155,South,OFFICE SUPPLIES,Binder,6.0,819.87,0.3,3443.45,266.03
ORD-10357,13/09/2025,2025-09-20,Same Day,CUST-0125,Customer 125,west,Technology,Monitor,2.0,287.86,0.0,575.72,274.28
ORD-10358,12/07/2025,2025-07-13,Standard Class,CUST-0021,Customer 21,East,Furniture,Chair,9.0,120.84,0.2,870.05,50.03
ORD-10359,2025-10-03,2025-10-08,Second Class,CUST-0021,  Customer 21  ,East,Office Supplies,Pens (Box),7.0,910.03,0.15,5414.68,627.96
ORD-10360,2025-11-29,2025-12-04,Same Day,CUST-0056,Customer 56,North,Office Supplies,Stapler,3.0,707.09,0.1,1909.14,523.96
ORD-10361,03/09/2025,2025-09-08,Standard Class,CUST-0025,  Customer 25  ,west,Office Supplies,Binder,2.0,246.87,0.0,493.74,163.68
ORD-10362,2025-03-01,2025-03-03,First Class,CUST-0016,Customer 16,West,Technology,Monitor,10.0,704.3,0.1,6338.7,1041.83
ORD-10363,17/03/2024,2024-03-19,Same Day,CUST-0085,  Customer 85  ,East,Office Supplies,Pens (Box),7.0,647.32,0.0,4531.24,2105.13
ORD-10364,2025-05-10,2025-05-11,First Class,CUST-0139,Customer 139,South,OFFICE SUPPLIES,Pens (Box),7.0,113.04,0.0,791.28,334.23
ORD-10365,2025-09-03,2025-09-10,Standard Class,CUST-0050,Customer 50,West,Office Supplies,Binder,7.0,711.68,0.0,4981.76,1712.79
ORD-10366,2024-09-25,2024-09-27,Second Class,CUST-0063,Customer 63,south,Technology,Printer,3.0,65.2,0.0,195.6,84.59
ORD-10367,28/01/2024,2024-02-03,Same Day,CUST-0066,Customer 66,South,Office Supplies,Binder,6.0,285.63,0.0,1713.78,653.97
ORD-10368,2025-08-08,2025-08-10,,CUST-0038,Customer 38,West,Office Supplies,Pens (Box),,,,1236.87,203.24
ORD-10369,2025-04-13,2025-04-15,First Class,CUST-0165,Customer 165,south,Furniture,Table Lamp,11.0,1060.98,0.0,11670.78,3579.56
ORD-10370,2024-01-25,2024-01-31,Second Class,CUST-0058,Customer 58,North,Office Supplies,Binder,3.0,821.2,0.3,1724.52,-222.22
ORD-10371,2025-10-04,2025-10-08,First Class,CUST-0088,Customer 88,South,Furniture,Bookcase,11.0,1124.79,0.0,12372.69,3404.83
ORD-10372,2024-03-11,2024-03-12,Standard Class,CUST-0066,Customer 66,South,Office Supplies,Paper,3.0,283.11,0.15,721.93,253.91
ORD-10373,2025-07-17,2025-07-22,Second Class,CUST-0012,Customer 12,west,Technology,Wireless Mouse,3.0,200.03,0.0,600.09,222.73
ORD-10374,2025-10-28,2025-11-01,First Class,CUST-0061,Customer 61,west,Technology,Laptop,11.0,1083.48,0.15,10130.54,1538.06
ORD-10375,2024-05-07,2024-05-13,Standard Class,CUST-0035,Customer 35,West,Technology,Printer,8.0,24.7,0.3,138.32,-0.98
ORD-10376,2025-01-07,2025-01-13,,CUST-0153,  Customer 153  ,West,Furniture,Chair,,,,5499.81,2095.97
ORD-10377,2025-11-15,2025-11-18,First Class,CUST-0140,Customer 140,South,Technology,Wireless Mouse,5.0,1164.07,0.0,5820.35,2258.98
ORD-10378,2025-04-14,2025-04-21,Standard Class,CUST-0043,Customer 43,East,Furniture,Desk,2.0,1140.25,0.0,2280.5,587.3
ORD-10379,25/03/2024,2024-03-31,Standard Class,CUST-0118,Customer 118,North,Furniture,Desk,6.0,42.04,0.0,252.24,66.24
ORD-10380,2024-10-16,2024-10-17,Same Day,CUST-0157,Customer 157,North,OFFICE SUPPLIES,Stapler,4.0,54.3,0.0,217.2,58.81
ORD-10381,25/04/2024,2024-04-30,Second Class,CUST-0073,Customer 73,South,Furniture,Bookcase,7.0,902.46,0.15,5369.64,1005.57
ORD-10382,2024-03-30,2024-04-02,Standard Class,CUST-0066,Customer 66,South,Office Supplies,Pens (Box),11.0,1111.79,0.0,12229.69,2535.58
ORD-10383,2024-05-26,2024-05-30,Standard Class,CUST-0030,Customer 30,South,Furniture,Desk,1.0,537.08,0.0,537.08,237.34
ORD-10384,2025-10-13,2025-10-19,Same Day,CUST-0094,Customer 94,south,Office Supplies,Pens (Box),8.0,784.82,0.0,6278.56,2490.16
ORD-10385,02/09/2025,2025-09-07,First Class,CUST-0143,Customer 143,South,Furniture,Desk,5.0,1131.29,0.3,3959.51,317.2
ORD-10386,2024-01-24,2024-01-30,First Class,CUST-0191,Customer 191,East,Office Supplies,Pens (Box),6.0,177.27,0.0,1063.62,445.24
ORD-10387,2024-03-03,2024-03-05,Standard Class,CUST-0016,  Customer 16  ,West,Technology,Monitor,10.0,984.01,0.0,9840.1,2258.17
ORD-10388,2025-09-20,2025-09-27,Same Day,CUST-0094,Customer 94,south,FURNITURE,Chair,5.0,988.57,0.2,3954.28,-35.18
ORD-10389,2024-09-09,2024-09-12,Standard Class,CUST-0080,Customer 80,East,Furniture,Bookcase,11.0,687.6,0.0,7563.6,2298.34
ORD-10390,01/03/2024,2024-03-06,First Class,CUST-0082,Customer 82,South,Office Supplies,Paper,11.0,598.4,0.15,5595.04,852.07
ORD-10391,2025-06-04,2025-06-10,Same Day,CUST-0045,Customer 45,North,Technology,Laptop,6.0,255.09,0.15,1300.96,429.42
ORD-10392,21/09/2025,2025-09-28,Same Day,CUST-0021,Customer 21,East,Office Supplies,Stapler,4.0,352.81,0.15,1199.55,133.65
ORD-10393,2024-10-14,2024-10-20,Standard Class,CUST-0116,Customer 116,East,Technology,Laptop,10.0,1191.75,0.0,11917.5,2563.81
ORD-10394,14/10/2024,2024-10-17,Same Day,CUST-0119,Customer 119,North,Office Supplies,Pens (Box),3.0,680.73,0.0,2042.19,859.72
ORD-10395,2024-10-12,2024-10-19,First Class,CUST-0057,Customer 57,East,Technology,Wireless Mouse,5.0,298.95,0.0,1494.75,325.8
ORD-10396,2024-12-07,2024-12-11,Second Class,CUST-0065,Customer 65,South,Office Supplies,Stapler,5.0,739.07,0.0,3695.35,1332.08
ORD-10397,18/02/2024,2024-02-21,First Class,CUST-0041,Customer 41,North,Technology,Laptop,6.0,569.21,0.15,2902.97,304.04
ORD-10398,2024-04-22,2024-04-25,Standard Class,CUST-0090,Customer 90,West,Technology,Wireless Mouse,4.0,701.31,0.0,2805.24,676.88
ORD-10399,2024-02-14,2024-02-21,Standard Class,CUST-0014,Customer 14,west,Office Supplies,Paper,3.0,615.82,0.2,1477.97,307.68
ORD-10400,01/05/2024,2024-05-08,Same Day,CUST-0054,Customer 54,South,Technology,Wireless Mouse,2.0,984.49,0.0,1968.98,713.45
ORD-10401,16/01/2024,2024-01-20,First Class,CUST-0185,Customer 185,South,Office Supplies,Stapler,6.0,468.5,0.15,2389.35,285.75
ORD-10402,2024-05-04,2024-05-07,Standard Class,CUST-0143,Customer 143,South,Furniture,Chair,4.0,773.15,0.3,2164.82,350.89
ORD-10403,22/10/2024,2024-10-23,Second Class,CUST-0190,Customer 190,South,Furniture,Chair,10.0,275.55,0.0,2755.5,422.13
ORD-10404,2025-08-12,2025-08-14,First Class,CUST-0103,Customer 103,West,Technology,Printer,11.0,429.56,0.0,4725.16,2084.84
ORD-10405,31/05/2025,2025-06-03,Standard Class,CUST-0150,Customer 150,north,Office Supplies,Binder,2.0,475.18,0.15,807.81,331.73
ORD-10406,2024-07-17,2024-07-19,First Class,CUST-0126,  Customer 126  ,East,Furniture,Desk,7.0,554.74,0.0,3883.18,1221.77
ORD-10407,2025-09-20,2025-09-23,Second Class,CUST-0138,Customer 138,north,Technology,Wireless Mouse,2.0,1014.07,0.0,2028.14,471.17
ORD-10408,16/05/2024,2024-05-17,First Class,CUST-0010,Customer 10,North,Furniture,Chair,9.0,598.95,0.0,5390.55,2270.21
ORD-10409,2025-01-06,2025-01-11,First Class,CUST-0047,Customer 47,South,Office Supplies,Paper,1.0,1059.08,0.1,953.17,101.26
ORD-10410,2025-04-21,2025-04-22,Standard Class,CUST-0104,Customer 104,North,Technology,Printer,268.0,1103.34,0.0,5516.7,2148.66
ORD-10411,2024-07-26,2024-07-28,Second Class,CUST-0146,Customer 146,West,Office Supplies,Stapler,5.0,812.04,0.15,3451.17,12.79
ORD-10412,2024-02-05,2024-02-09,First Class,CUST-0087,Customer 87,North,Furniture,Table Lamp,2.0,906.14,0.0,1812.28,494.74
ORD-10413,2024-06-09,2024-06-12,Second Class,CUST-0118,Customer 118,North,Furniture,Bookcase,2.0,144.75,0.0,289.5,80.13
ORD-10414,2025-05-16,2025-05-20,Same Day,CUST-0079,Customer 79,East,Office Supplies,Stapler,3.0,649.31,0.2,1558.34,321.61
ORD-10415,2025-01-20,2025-01-25,Same Day,CUST-0037,Customer 37,West,Furniture,Desk,9.0,1186.19,0.15,9074.35,1570.58
ORD-10416,16/07/2025,2025-07-20,First Class,CUST-0147,  Customer 147  ,North,Technology,Printer,9.0,1197.88,0.0,10780.92,5159.14
ORD-10417,2025-10-21,2025-10-23,Standard Class,CUST-0167,Customer 167,South,Furniture,Desk,3.0,397.89,0.1,1074.3,400.67
ORD-10418,2025-05-21,2025-05-25,Second Class,CUST-0064,Customer 64,west,Furniture,Table Lamp,3.0,52.74,0.0,158.22,48.17
ORD-10419,21/03/2025,2025-03-22,Same Day,CUST-0161,Customer 161,West,Technology,Monitor,5.0,1108.36,0.0,5541.8,1453.61
ORD-10420,2025-06-23,2025-06-27,First Class,CUST-0049,Customer 49,East,Office Supplies,Pens (Box),11.0,560.93,0.0,6170.23,1330.42
ORD-10421,2024-09-14,2024-09-19,Same Day,CUST-0116,Customer 116,East,Furniture,Table Lamp,5.0,558.04,0.15,2371.67,308.75
ORD-10422,2024-09-28,2024-10-02,Second Class,CUST-0177,Customer 177,East,Technology,Monitor,6.0,59.57,0.1,321.68,88.8
ORD-10423,25/02/2024,2024-03-02,First Class,CUST-0095,Customer 95,West,Furniture,Table Lamp,3.0,707.45,0.0,2122.35,1013.48
ORD-10424,2024-11-10,2024-11-12,Same Day,CUST-0140,Customer 140,South,Technology,Monitor,4.0,978.98,0.0,3915.92,919.02
ORD-10425,2025-05-14,2025-05-18,Standard Class,CUST-0128,Customer 128,West,Technology,Wireless Mouse,5.0,898.61,0.0,4493.05,1594.81
ORD-10426,2024-10-29,2024-11-01,Same Day,CUST-0098,Customer 98,east,TECHNOLOGY,Laptop,5.0,153.01,0.0,765.05,233.4
ORD-10427,04/11/2025,2025-11-05,Same Day,CUST-0108,Customer 108,East,Furniture,Table Lamp,7.0,551.99,0.0,3863.93,1594.48
ORD-10428,2024-10-19,2024-10-21,Standard Class,CUST-0173,  Customer 173  ,west,Furniture,Desk,2.0,637.2,0.0,1274.4,565.0
ORD-10429,2024-12-25,2025-01-01,Second Class,CUST-0076,Customer 76,South,TECHNOLOGY,Monitor,4.0,660.34,0.0,2641.36,1298.28
ORD-10430,2024-04-16,2024-04-20,Same Day,CUST-0167,Customer 167,South,Office Supplies,Paper,3.0,1177.63,0.0,3532.89,1011.81
ORD-10431,31/03/2024,2024-04-03,Second Class,CUST-0140,Customer 140,South,FURNITURE,Desk,11.0,248.8,0.0,2736.8,966.01
ORD-10432,2025-12-28,2026-01-02,Standard Class,CUST-0158,Customer 158,east,Furniture,Chair,5.0,458.05,0.0,2290.25,369.26
ORD-10433,2024-04-21,2024-04-26,Standard Class,CUST-0073,  Customer 73  ,South,Office Supplies,Binder,7.0,846.75,0.0,5927.25,1857.09
ORD-10434,2024-06-27,2024-07-03,Same Day,CUST-0168,Customer 168,North,Furniture,Chair,10.0,1026.0,0.0,10260.0,2584.48
ORD-10435,2024-07-05,2024-07-10,Second Class,CUST-0099,Customer 99,East,Furniture,Table Lamp,2.0,810.6,0.0,1621.2,475.94
ORD-10436,2025-05-24,2025-05-30,Same Day,CUST-0184,Customer 184,East,Technology,Monitor,4.0,715.18,0.0,2860.72,866.52
ORD-10437,2025-04-24,2025-04-25,Standard Class,CUST-0004,Customer 4,South,Office Supplies,Pens (Box),6.0,389.29,0.0,2335.74,967.89
ORD-10438,2025-08-17,2025-08-18,Second Class,CUST-0089,Customer 89,West,Office Supplies,Paper,2.0,206.53,0.0,413.06,146.06
ORD-10439,2024-05-17,2024-05-19,Second Class,CUST-0115,Customer 115,East,Office Supplies,Paper,11.0,1050.98,0.0,11560.78,2637.7
ORD-10440,2024-09-02,2024-09-07,Same Day,CUST-0156,Customer 156,East,Office Supplies,Stapler,3.0,192.65,0.0,577.95,238.82
ORD-10441,2025-11-07,2025-11-11,Second Class,CUST-0122,Customer 122,east,Office Supplies,Stapler,11.0,125.41,0.0,1379.51,565.6
ORD-10442,2025-02-22,2025-02-24,Standard Class,CUST-0191,Customer 191,East,Office Supplies,Binder,2.0,224.07,0.0,448.14,121.99
ORD-10443,2024-06-08,2024-06-14,,CUST-0118,Customer 118,,Office Supplies,Pens (Box),,,,5315.44,
ORD-10444,2024-07-22,2024-07-28,Standard Class,CUST-0092,Customer 92,West,Furniture,Bookcase,10.0,123.91,0.0,1239.1,590.77
ORD-10445,08/11/2025,2025-11-14,Standard Class,CUST-0188,Customer 188,South,Furniture,Table Lamp,7.0,196.6,0.0,1376.2,307.16
ORD-10446,2025-02-14,2025-02-20,Same Day,CUST-0106,Customer 106,west,Office Supplies,Stapler,10.0,570.1,0.1,5130.9,1861.2
ORD-10447,2024-02-20,2024-02-21,Second Class,CUST-0020,Customer 20,South,Furniture,Bookcase,10.0,714.94,0.0,7149.4,1708.8
ORD-10448,2024-03-21,2024-03-24,,CUST-0185,Customer 185,,TECHNOLOGY,Printer,,,,540.05,
ORD-10449,2024-06-30,2024-07-01,First Class,CUST-0140,Customer 140,South,Office Supplies,Binder,8.0,337.93,0.1,2433.1,184.24
ORD-10450,14/10/2024,2024-10-16,Second Class,CUST-0139,Customer 139,South,Technology,Laptop,5.0,892.09,0.0,4460.45,1339.22
ORD-10451,08/12/2024,2024-12-14,Second Class,CUST-0075,Customer 75,East,Furniture,Desk,3.0,1032.32,0.0,3096.96,1138.76
ORD-10452,2024-06-16,2024-06-23,Standard Class,CUST-0128,Customer 128,West,Technology,Monitor,5.0,1182.51,0.1,5321.3,1086.58
ORD-10453,2024-11-20,2024-11-24,Second Class,CUST-0138,Customer 138,North,Furniture,Bookcase,7.0,458.76,0.2,2569.06,103.88
ORD-10454,2024-12-02,2024-12-04,Same Day,CUST-0115,  Customer 115  ,East,Furniture,Table Lamp,2.0,772.82,0.2,1236.51,329.16
ORD-10455,2024-12-02,2024-12-07,Standard Class,CUST-0038,Customer 38,west,Furniture,Table Lamp,8.0,940.49,0.0,7523.92,2457.03
ORD-10456,2024-07-16,2024-07-18,Same Day,CUST-0109,  Customer 109  ,South,Office Supplies,Paper,6.0,719.35,0.0,4316.1,1788.74
ORD-10457,2024-02-17,2024-02-21,Second Class,CUST-0063,Customer 63,South,Technology,Laptop,5.0,494.59,0.0,2472.95,603.23
ORD-10458,2025-08-18,2025-08-23,Second Class,CUST-0172,Customer 172,north,TECHNOLOGY,Wireless Mouse,1.0,869.65,0.15,739.2,28.36
ORD-10459,2024-07-01,2024-07-06,Second Class,CUST-0017,Customer 17,East,Technology,Laptop,7.0,324.42,0.0,2270.94,1044.93
ORD-10460,2024-08-18,2024-08-24,Same Day,CUST-0051,Customer 51,West,Office Supplies,Pens (Box),6.0,250.29,0.0,1501.74,463.46
ORD-10461,2025-10-20,2025-10-21,Second Class,CUST-0134,Customer 134,East,Office Supplies,Paper,11.0,1021.06,0.3,7862.16,416.41
ORD-10462,2024-07-07,2024-07-08,Same Day,CUST-0038,Customer 38,West,Furniture,Desk,7.0,208.08,0.3,1019.59,191.69
ORD-10463,2024-11-16,2024-11-18,Standard Class,CUST-0140,Customer 140,south,Office Supplies,Binder,8.0,812.84,0.0,6502.72,1780.12
ORD-10464,05/07/2024,2024-07-09,First Class,CUST-0141,Customer 141,west,Furniture,Desk,8.0,854.84,0.1,6154.85,1655.28
ORD-10465,01/11/2025,2025-11-04,Same Day,CUST-0014,  Customer 14  ,West,Furniture,Table Lamp,8.0,328.38,0.0,2627.04,1164.4
ORD-10466,19/05/2024,2024-05-24,First Class,CUST-0164,Customer 164,South,Office Supplies,Binder,1.0,235.64,0.0,235.64,107.19
ORD-10467,2024-07-19,2024-07-25,First Class,CUST-0132,Customer 132,East,OFFICE SUPPLIES,Paper,5.0,1081.82,0.0,5409.1,2623.22
ORD-10468,2024-02-11,2024-02-16,Standard Class,CUST-0095,Customer 95,West,Technology,Wireless Mouse,7.0,933.4,0.0,6533.8,2573.22
ORD-10469,2024-02-19,2024-02-24,Standard Class,CUST-0108,Customer 108,East,Office Supplies,Paper,1.0,993.27,0.0,993.27,241.09
ORD-10470,2024-01-01,2024-01-04,Standard Class,CUST-0102,Customer 102,north,Furniture,Chair,4.0,720.24,0.0,2880.96,1315.66
ORD-10471,2025-07-20,2025-07-27,Standard Class,CUST-0161,Customer 161,West,Furniture,Chair,1.0,73.01,0.2,58.41,13.93
ORD-10472,2025-06-05,2025-06-06,Standard Class,CUST-0173,Customer 173,West,Office Supplies,Paper,1.0,722.96,0.1,650.66,264.84
ORD-10473,2025-02-12,2025-02-19,Second Class,CUST-0050,  Customer 50  ,West,Furniture,Table Lamp,7.0,1183.98,0.1,7459.07,1253.4
ORD-10474,24/09/2025,2025-09-29,Same Day,CUST-0153,Customer 153,west,Technology,Laptop,2.0,440.79,0.0,881.58,284.28
ORD-10475,2025-11-16,2025-11-22,Standard Class,CUST-0183,Customer 183,South,FURNITURE,Table Lamp,6.0,212.66,0.0,1275.96,602.01
ORD-10476,2024-07-29,2024-08-02,First Class,CUST-0121,  Customer 121  ,South,Furniture,Chair,7.0,238.06,0.0,1666.42,510.42
ORD-10477,2025-02-19,2025-02-26,First Class,CUST-0140,Customer 140,South,Technology,Wireless Mouse,5.0,668.24,0.0,3341.2,1490.15
ORD-10478,2025-10-31,2025-11-01,Standard Class,CUST-0103,Customer 103,West,Furniture,Table Lamp,9.0,781.02,0.2,5623.34,1083.57
ORD-10479,2025-12-09,2025-12-15,Same Day,CUST-0121,Customer 121,South,Furniture,Chair,2.0,118.95,0.0,237.9,60.56
ORD-10480,2025-06-29,2025-06-30,Second Class,CUST-0039,Customer 39,South,Office Supplies,Paper,10.0,428.99,0.0,4289.9,1723.66
ORD-10481,2025-07-29,2025-08-04,Same Day,CUST-0115,Customer 115,East,FURNITURE,Bookcase,9.0,913.11,0.1,7396.19,2887.38
ORD-10482,2025-04-18,2025-04-19,First Class,CUST-0055,Customer 55,South,Technology,Laptop,4.0,582.8,0.0,2331.2,1074.12
ORD-10483,2024-06-26,2024-06-29,First Class,CUST-0141,Customer 141,West,Furniture,Bookcase,2.0,163.39,0.3,228.75,32.78
ORD-10484,14/02/2025,2025-02-21,First Class,CUST-0197,Customer 197,South,Technology,Wireless Mouse,11.0,1103.4,0.0,12137.4,5580.87
ORD-10485,08/01/2025,2025-01-12,Second Class,CUST-0182,Customer 182,North,Technology,Monitor,9.0,1055.91,0.0,9503.19,1520.74
ORD-10486,2024-01-28,2024-01-30,First Class,CUST-0072,Customer 72,North,Office Supplies,Binder,8.0,965.78,0.0,7726.24,3028.21
ORD-10487,2025-09-05,2025-09-08,Standard Class,CUST-0093,  Customer 93  ,West,Furniture,Chair,1.0,836.86,0.0,836.86,278.69
ORD-10488,2025-07-11,2025-07-14,First Class,CUST-0037,Customer 37,West,Technology,Laptop,11.0,1142.09,0.0,12562.99,2061.73
ORD-10489,2024-10-30,2024-11-03,Standard Class,CUST-0002,Customer 2,West,Technology,Printer,8.0,846.42,0.15,5755.66,1224.17
ORD-10490,30/04/2025,2025-05-02,Standard Class,CUST-0162,Customer 162,East,Office Supplies,Paper,7.0,45.16,0.0,316.12,147.63
ORD-10491,2024-12-04,2024-12-07,First Class,CUST-0114,  Customer 114  ,South,TECHNOLOGY,Laptop,7.0,508.16,0.0,3557.12,1239.01
ORD-10492,2024-12-24,2024-12-31,Second Class,CUST-0032,  Customer 32  ,North,Office Supplies,Stapler,7.0,586.94,0.3,2876.01,-265.83
ORD-10493,2025-09-27,2025-10-04,Standard Class,CUST-0117,Customer 117,north,Technology,Laptop,1.0,1131.3,0.0,1131.3,464.31
ORD-10494,2024-02-15,2024-02-16,Same Day,CUST-0089,Customer 89,West,Technology,Laptop,11.0,35.47,0.0,390.17,185.31
ORD-10495,2024-05-20,2024-05-26,Same Day,CUST-0185,Customer 185,South,Office Supplies,Stapler,7.0,741.88,0.0,5193.16,2480.3
ORD-10496,2024-08-15,2024-08-16,Same Day,CUST-0063,Customer 63,south,Furniture,Chair,9.0,19.9,0.0,179.1,45.19
ORD-10497,2025-02-26,2025-02-28,Standard Class,CUST-0060,Customer 60,East,Technology,Laptop,10.0,490.77,0.15,4171.55,847.73
ORD-10498,20/01/2024,2024-01-23,First Class,CUST-0044,Customer 44,South,Technology,Monitor,8.0,295.0,0.0,2360.0,889.79
ORD-10499,2024-09-30,2024-10-02,Standard Class,CUST-0001,  Customer 1  ,North,Office Supplies,Pens (Box),4.0,627.32,0.0,2509.28,532.92
ORD-10500,05/05/2025,2025-05-08,Second Class,CUST-0182,Customer 182,North,Office Supplies,Stapler,5.0,955.65,0.0,4778.25,1094.95
ORD-10501,2024-08-06,2024-08-09,First Class,CUST-0096,Customer 96,South,Furniture,Bookcase,2.0,51.27,0.0,102.54,33.49
ORD-10502,2025-05-09,2025-05-11,First Class,CUST-0057,Customer 57,East,Office Supplies,Binder,7.0,802.02,0.0,5614.14,2126.78
ORD-10503,2024-10-17,2024-10-18,Second Class,CUST-0029,Customer 29,East,Technology,Laptop,4.0,399.73,0.1,1439.03,277.26
ORD-10504,2024-01-27,2024-02-02,Second Class,CUST-0115,Customer 115,east,Furniture,Table Lamp,6.0,1026.92,0.0,6161.52,1986.86
ORD-10505,2024-04-11,2024-04-18,Second Class,CUST-0133,Customer 133,North,Furniture,Bookcase,11.0,548.64,0.3,4224.53,601.33
ORD-10506,2024-05-27,2024-05-31,Second Class,CUST-0065,Customer 65,South,Technology,Printer,6.0,823.87,0.0,4943.22,837.45
ORD-10507,2024-06-29,2024-07-05,Same Day,CUST-0134,Customer 134,East,Furniture,Table Lamp,2.0,839.87,0.3,1175.82,319.29
ORD-10508,2024-03-21,2024-03-25,Same Day,CUST-0156,Customer 156,East,Office Supplies,Paper,9.0,831.89,0.0,7487.01,3563.15
ORD-10509,2024-09-26,2024-09-28,Same Day,CUST-0046,  Customer 46  ,west,Technology,Monitor,10.0,1054.2,0.15,8960.7,1786.19
ORD-10510,25/04/2025,2025-04-29,Second Class,CUST-0059,Customer 59,East,Office Supplies,Paper,9.0,165.1,0.0,1485.9,714.67
ORD-10511,25/07/2024,2024-08-01,Second Class,CUST-0054,Customer 54,South,Furniture,Desk,7.0,945.21,0.0,6616.47,1339.18
ORD-10512,2024-10-20,2024-10-27,Same Day,CUST-0018,Customer 18,North,Furniture,Bookcase,2.0,189.26,0.0,378.52,177.82
ORD-10513,2024-11-23,2024-11-25,First Class,CUST-0053,Customer 53,South,Office Supplies,Binder,10.0,677.22,0.0,6772.2,1052.31
ORD-10514,2024-08-28,2024-08-31,Second Class,CUST-0135,Customer 135,West,Furniture,Bookcase,11.0,390.19,0.0,4292.09,1250.36
ORD-10515,2024-01-16,2024-01-21,First Class,CUST-0185,Customer 185,South,Furniture,Chair,1.0,440.41,0.15,374.35,102.25
ORD-10516,22/08/2025,2025-08-23,Standard Class,CUST-0104,Customer 104,North,Furniture,Desk,11.0,831.8,0.0,147904.36259409625,4571.72
ORD-10517,2024-02-27,2024-03-04,Second Class,CUST-0017,Customer 17,East,Office Supplies,Stapler,9.0,1125.39,0.2,8102.81,2966.09
ORD-10518,2024-01-05,2024-01-06,First Class,CUST-0190,Customer 190,south,Technology,Wireless Mouse,4.0,349.4,0.1,1257.84,171.13
ORD-10519,2025-08-02,2025-08-06,Second Class,CUST-0024,Customer 24,west,Furniture,Desk,4.0,1160.28,0.0,4641.12,1594.25
ORD-10520,2024-11-11,2024-11-14,First Class,CUST-0103,  Customer 103  ,West,Technology,Printer,8.0,992.92,0.2,6354.69,-208.42
ORD-10521,25/05/2024,2024-05-31,Standard Class,CUST-0072,Customer 72,north,TECHNOLOGY,Monitor,8.0,1006.8,0.0,8054.4,2053.93
ORD-10522,2024-06-01,2024-06-08,Same Day,CUST-0027,Customer 27,South,Furniture,Bookcase,9.0,600.56,0.0,5405.04,2697.83
ORD-10523,2024-09-05,2024-09-08,Second Class,CUST-0108,Customer 108,East,TECHNOLOGY,Monitor,2.0,980.55,0.1,1764.99,263.95
ORD-10524,2025-02-20,2025-02-21,First Class,CUST-0191,Customer 191,East,Office Supplies,Binder,11.0,5.77,0.0,63.47,15.78
ORD-10525,2025-03-15,2025-03-20,Standard Class,CUST-0168,Customer 168,North,Technology,Monitor,9.0,819.24,0.0,7373.16,1211.59
ORD-10526,01/11/2025,2025-11-02,First Class,CUST-0180,Customer 180,East,Furniture,Table Lamp,5.0,907.67,0.0,4538.35,1995.7
ORD-10527,2025-08-06,2025-08-10,Same Day,CUST-0163,Customer 163,south,Office Supplies,Stapler,6.0,1042.55,0.0,6255.3,2293.64
ORD-10528,2024-04-22,2024-04-29,Standard Class,CUST-0115,Customer 115,East,Office Supplies,Paper,11.0,1005.95,0.0,11065.45,5344.03
ORD-10529,04/06/2025,2025-06-09,Same Day,CUST-0044,Customer 44,South,Technology,Laptop,2.0,847.63,0.1,1525.73,542.64
ORD-10530,2025-10-10,2025-10-11,Second Class,CUST-0082,Customer 82,South,FURNITURE,Desk,4.0,655.2,0.15,2227.68,710.66
ORD-10531,2024-12-01,2024-12-08,First Class,CUST-0189,Customer 189,North,Technology,Monitor,6.0,1197.19,0.0,7183.14,1449.65
ORD-10532,2025-01-14,2025-01-18,Same Day,CUST-0152,Customer 152,South,Furniture,Desk,2.0,354.5,0.1,638.1,159.95
ORD-10533,2025-10-10,2025-10-12,Second Class,CUST-0197,Customer 197,South,Technology,Monitor,6.0,854.73,0.0,5128.38,940.66
ORD-10534,2025-09-20,2025-09-22,Same Day,CUST-0062,Customer 62,East,Furniture,Table Lamp,9.0,582.07,0.15,4452.84,1271.05
ORD-10535,2024-04-12,2024-04-18,Second Class,CUST-0008,Customer 8,East,Furniture,Chair,4.0,537.65,0.0,2150.6,783.99
ORD-10536,2024-02-23,2024-02-28,First Class,CUST-0077,  Customer 77  ,south,Office Supplies,Stapler,2.0,920.06,0.1,1656.11,477.34
ORD-10537,2024-10-10,2024-10-13,Second Class,CUST-0125,Customer 125,West,Office Supplies,Pens (Box),9.0,471.58,0.0,4244.22,964.39
ORD-10538,11/08/2025,2025-08-15,Same Day,CUST-0182,Customer 182,North,Furniture,Desk,3.0,108.73,0.0,326.19,49.19
ORD-10539,04/01/2024,2024-01-08,Same Day,CUST-0127,  Customer 127  ,north,Office Supplies,Binder,11.0,528.79,0.0,5816.69,2643.63
ORD-10540,2024-01-03,2024-01-05,Standard Class,CUST-0036,Customer 36,North,Technology,Wireless Mouse,9.0,176.12,0.0,1585.08,682.16
ORD-10541,23/02/2025,2025-02-28,Second Class,CUST-0035,Customer 35,West,Technology,Monitor,4.0,739.95,0.15,2515.83,411.72
ORD-10542,2024-08-22,2024-08-28,Second Class,CUST-0128,Customer 128,west,Technology,Laptop,10.0,1157.32,0.0,11573.2,4662.51
ORD-10543,2025-10-29,2025-11-03,Standard Class,CUST-0078,Customer 78,north,Office Supplies,Binder,8.0,674.98,0.15,4589.86,619.07
ORD-10544,05/12/2025,2025-12-08,Standard Class,CUST-0093,Customer 93,West,Furniture,Chair,9.0,720.64,0.0,6485.76,1905.79
ORD-10545,2025-06-04,2025-06-05,Standard Class,CUST-0030,Customer 30,South,Office Supplies,Paper,3.0,966.43,0.0,2899.29,1168.99
ORD-10546,2024-02-07,2024-02-09,Standard Class,CUST-0074,Customer 74,north,Technology,Laptop,5.0,908.27,0.0,4541.35,1651.84
ORD-10547,2025-07-10,2025-07-13,Same Day,CUST-0158,Customer 158,East,Office Supplies,Pens (Box),4.0,256.18,0.0,1024.72,439.5
ORD-10548,2024-10-31,2024-11-07,Same Day,CUST-0164,Customer 164,South,Technology,Laptop,10.0,1055.96,0.0,10559.6,4493.78
ORD-10549,2024-08-31,2024-09-01,Same Day,CUST-0173,Customer 173,West,Office Supplies,Paper,8.0,292.37,0.0,2338.96,996.57
ORD-10550,2024-09-19,2024-09-26,Same Day,CUST-0009,  Customer 9  ,North,Furniture,Bookcase,10.0,734.94,0.0,7349.4,2785.07
ORD-10551,2024-02-15,2024-02-21,Standard Class,CUST-0047,Customer 47,south,Office Supplies,Binder,4.0,687.96,0.0,2751.84,1324.55
ORD-10552,21/12/2024,2024-12-24,Same Day,CUST-0196,Customer 196,North,Office Supplies,Binder,9.0,225.44,0.0,2028.96,767.34
ORD-10553,2025-07-29,2025-08-02,Standard Class,CUST-0047,Customer 47,South,Technology,Monitor,5.0,51.5,0.0,257.5,120.44
ORD-10554,2024-08-06,2024-08-12,Same Day,CUST-0144,Customer 144,South,Office Supplies,Binder,4.0,61.62,0.0,246.48,86.14
ORD-10555,27/04/2025,2025-04-30,Standard Class,CUST-0187,Customer 187,North,Furniture,Desk,7.0,822.75,0.0,5759.25,2571.01
ORD-10556,2025-06-19,2025-06-24,Same Day,CUST-0087,Customer 87,North,Office Supplies,Binder,10.0,1041.78,0.1,9376.02,549.16
ORD-10557,2025-03-05,2025-03-09,Standard Class,CUST-0033,Customer 33,North,Office Supplies,Pens (Box),10.0,877.67,0.15,7460.19,200.64
ORD-10558,2025-09-13,2025-09-19,Same Day,CUST-0123,Customer 123,East,Technology,Printer,8.0,520.47,0.15,3539.2,292.41
ORD-10559,2024-11-23,2024-11-28,,CUST-0141,Customer 141,West,Furniture,Bookcase,,,,5820.93,-126.72
ORD-10560,2025-12-12,2025-12-18,Second Class,CUST-0112,Customer 112,West,Office Supplies,Paper,9.0,309.75,0.1,2508.97,338.63
ORD-10561,2024-03-22,2024-03-28,Standard Class,CUST-0113,Customer 113,East,FURNITURE,Desk,3.0,1028.51,0.0,3085.53,1445.42
ORD-10562,2024-08-13,2024-08-19,Second Class,CUST-0178,Customer 178,north,OFFICE SUPPLIES,Pens (Box),9.0,244.32,0.0,2198.88,705.76
ORD-10563,2024-01-10,2024-01-17,Standard Class,CUST-0011,Customer 11,East,Office Supplies,Stapler,6.0,415.86,0.0,2495.16,1004.67
ORD-10564,2024-08-26,2024-08-29,Same Day,CUST-0105,Customer 105,West,Furniture,Table Lamp,6.0,110.63,0.0,663.78,318.32
ORD-10565,2024-09-27,2024-10-04,Second Class,CUST-0077,Customer 77,South,Technology,Laptop,4.0,796.15,0.0,3184.6,544.71
ORD-10566,2025-08-01,2025-08-07,Same Day,CUST-0194,Customer 194,South,Technology,Wireless Mouse,6.0,592.11,0.1,3197.39,1323.75
ORD-10567,2024-09-17,2024-09-21,First Class,CUST-0134,  Customer 134  ,East,Office Supplies,Stapler,1.0,1004.16,0.2,803.33,221.75
ORD-10568,2024-04-03,2024-04-08,Second Class,CUST-0034,Customer 34,East,Furniture,Table Lamp,6.0,422.06,0.1,2279.12,816.57
ORD-10569,24/12/2024,2024-12-30,First Class,CUST-0082,Customer 82,South,Furniture,Table Lamp,2.0,676.98,0.1,1218.56,234.07
ORD-10570,2024-01-12,2024-01-14,Standard Class,CUST-0050,Customer 50,West,Furniture,Desk,2.0,251.92,0.0,503.84,220.49
ORD-10571,2025-11-14,2025-11-18,Same Day,CUST-0022,Customer 22,South,Furniture,Desk,8.0,757.35,0.2,4847.04,125.06
ORD-10572,2024-02-14,2024-02-15,Second Class,CUST-0024,Customer 24,West,Office Supplies,Stapler,3.0,519.91,0.0,1559.73,546.32
ORD-10573,2025-02-10,2025-02-11,First Class,CUST-0157,  Customer 157  ,North,Office Supplies,Pens (Box),10.0,923.38,0.0,9233.8,2877.06
ORD-10574,2024-07-16,2024-07-21,,CUST-0174,Customer 174,East,TECHNOLOGY,Printer,,396.77,,1269.66,129.3
ORD-10575,2025-06-04,2025-06-09,Same Day,CUST-0006,Customer 6,West,Technology,Wireless Mouse,5.0,566.87,0.0,2834.35,980.83
ORD-10576,2024-07-25,2024-07-26,First Class,CUST-0120,Customer 120,North,Office Supplies,Pens (Box),5.0,820.66,0.0,4103.3,1114.37
ORD-10577,2024-02-23,2024-02-25,First Class,CUST-0168,Customer 168,North,Office Supplies,Pens (Box),6.0,880.12,0.1,4752.65,1675.61
ORD-10578,2024-09-24,2024-09-27,,CUST-0034,  Customer 34  ,East,Technology,Monitor,,472.2,,5194.2,2197.35
ORD-10579,2025-10-09,2025-10-14,Standard Class,CUST-0165,Customer 165,South,Technology,Printer,8.0,102.32,0.0,818.56,401.2
ORD-10580,2024-08-24,2024-08-29,Second Class,CUST-0092,Customer 92,West,Furniture,Table Lamp,7.0,678.75,0.0,4751.25,1344.42
ORD-10581,2025-04-13,2025-04-16,Standard Class,CUST-0111,Customer 111,South,Technology,Wireless Mouse,3.0,138.27,0.0,414.81,62.36
ORD-10582,2024-01-15,2024-01-19,First Class,CUST-0068,Customer 68,south,Furniture,Table Lamp,2.0,505.21,0.1,909.38,80.72
ORD-10583,29/08/2025,2025-09-05,Second Class,CUST-0095,Customer 95,West,Technology,Monitor,11.0,51.99,0.3,400.32,-55.64
ORD-10584,2025-04-29,2025-05-06,First Class,CUST-0105,Customer 105,west,Technology,Laptop,10.0,621.45,0.0,6214.5,1096.13
ORD-10585,2025-06-20,2025-06-26,Same Day,CUST-0012,Customer 12,west,Furniture,Chair,5.0,164.53,0.0,822.65,370.05
ORD-10586,2024-09-30,2024-10-04,First Class,CUST-0055,  Customer 55  ,South,Furniture,Bookcase,2.0,803.85,0.15,1366.55,66.83
ORD-10587,2025-02-06,2025-02-09,Standard Class,CUST-0137,Customer 137,East,Office Supplies,Paper,6.0,572.06,0.15,2917.51,737.17
ORD-10588,2025-02-01,2025-02-08,Same Day,CUST-0157,Customer 157,North,Technology,Printer,11.0,794.25,,8736.75,3702.26
ORD-10589,2025-06-29,2025-07-05,Standard Class,CUST-0055,Customer 55,South,Technology,Monitor,11.0,252.79,0.0,2780.69,868.09
ORD-10590,2025-01-22,2025-01-27,Second Class,CUST-0058,Customer 58,North,Furniture,Table Lamp,8.0,705.4,0.0,5643.2,2750.45
ORD-10591,19/09/2024,2024-09-20,Same Day,CUST-0118,Customer 118,North,Furniture,Desk,4.0,780.68,0.0,3122.72,1459.48
ORD-10592,2025-03-20,2025-03-26,Standard Class,CUST-0101,Customer 101,West,OFFICE SUPPLIES,Paper,4.0,217.49,0.15,739.47,240.62
ORD-10593,2025-07-02,2025-07-08,Standard Class,CUST-0114,  Customer 114  ,south,Office Supplies,Pens (Box),4.0,513.38,0.3,1437.46,-268.05
ORD-10594,2025-12-23,2025-12-26,Second Class,CUST-0081,Customer 81,West,Furniture,Bookcase,3.0,1136.56,0.0,3409.68,1232.3
ORD-10595,2024-11-05,2024-11-09,First Class,CUST-0172,Customer 172,north,Furniture,Chair,8.0,332.25,0.0,2658.0,1244.94
ORD-10596,2024-04-14,2024-04-20,Standard Class,CUST-0148,Customer 148,North,Furniture,Desk,1.0,1144.85,0.0,1144.85,363.31
ORD-10597,07/12/2025,2025-12-12,Second Class,CUST-0028,Customer 28,West,Furniture,Bookcase,3.0,70.46,0.0,211.38,69.18
ORD-10598,2025-02-28,2025-03-04,Standard Class,CUST-0085,Customer 85,East,Technology,Monitor,1.0,284.9,0.0,284.9,135.29
ORD-10599,2025-06-09,2025-06-10,Same Day,CUST-0159,Customer 159,East,Technology,Laptop,11.0,1195.54,0.3,9205.66,682.8
ORD-10600,2024-01-11,2024-01-12,Standard Class,CUST-0143,Customer 143,South,Furniture,Chair,3.0,118.8,0.0,356.4,135.83
ORD-10601,2025-02-17,2025-02-19,Standard Class,CUST-0140,Customer 140,South,Office Supplies,Binder,4.0,1022.98,0.0,4091.92,1274.89
ORD-10602,2024-04-27,2024-04-29,Same Day,CUST-0118,Customer 118,north,OFFICE SUPPLIES,Paper,5.0,736.61,0.0,3683.05,1619.33
ORD-10603,2025-12-04,2025-12-05,Second Class,CUST-0101,Customer 101,West,Furniture,Desk,7.0,660.18,0.0,4621.26,1578.3
ORD-10604,2024-05-21,2024-05-23,Same Day,CUST-0152,Customer 152,South,Office Supplies,Paper,11.0,381.28,0.2,3355.26,89.06
ORD-10605,2024-05-11,2024-05-14,Same Day,CUST-0172,  Customer 172  ,north,Technology,Printer,8.0,578.64,0.2,3703.3,561.02
ORD-10606,2024-03-31,2024-04-04,Second Class,CUST-0034,Customer 34,East,Furniture,Bookcase,9.0,474.31,0.0,4268.79,869.16
ORD-10607,2025-07-02,2025-07-06,First Class,CUST-0014,Customer 14,west,Office Supplies,Pens (Box),5.0,905.43,0.0,4527.15,798.46
ORD-10608,2024-07-12,2024-07-14,First Class,CUST-0009,Customer 9,North,Technology,Laptop,4.0,443.24,0.1,1595.66,119.92
ORD-10609,2024-08-14,2024-08-21,Standard Class,CUST-0040,Customer 40,east,Technology,Monitor,5.0,994.69,0.15,4227.43,1230.61
ORD-10610,06/12/2025,2025-12-08,Standard Class,CUST-0088,Customer 88,South,Technology,Wireless Mouse,6.0,845.87,0.0,5075.22,1496.44
ORD-10611,15/07/2025,2025-07-18,Second Class,CUST-0130,Customer 130,East,Office Supplies,Stapler,4.0,835.78,0.2,2674.5,791.14
ORD-10612,07/05/2024,2024-05-11,First Class,CUST-0081,  Customer 81  ,West,Technology,Monitor,11.0,39.74,0.0,437.14,119.24
ORD-10613,2024-03-18,2024-03-21,Second Class,CUST-0175,Customer 175,East,Furniture,Table Lamp,5.0,446.52,0.0,2232.6,546.44
ORD-10614,2025-01-28,2025-02-01,,CUST-0169,Customer 169,,Office Supplies,Pens (Box),,,,2969.36,
ORD-10615,05/06/2024,2024-06-10,Standard Class,CUST-0053,Customer 53,South,Office Supplies,Stapler,10.0,227.81,0.0,2278.1,881.35
ORD-10616,22/10/2025,2025-10-26,Second Class,CUST-0110,Customer 110,East,Technology,Printer,6.0,357.57,0.1,1930.88,437.88
ORD-10617,2024-12-23,2024-12-27,Second Class,CUST-0009,  Customer 9  ,North,Office Supplies,Stapler,2.0,855.84,0.1,1540.51,136.31
ORD-10618,2025-07-16,2025-07-23,First Class,CUST-0189,Customer 189,North,Technology,Wireless Mouse,10.0,602.88,0.1,5425.92,1846.28
ORD-10619,10/03/2025,2025-03-17,Second Class,CUST-0057,Customer 57,East,Office Supplies,Pens (Box),4.0,582.84,0.3,1631.95,-185.05
ORD-10620,21/04/2024,2024-04-25,Same Day,CUST-0030,Customer 30,South,Technology,Wireless Mouse,7.0,624.93,0.0,4374.51,964.79
ORD-10621,2024-09-08,2024-09-09,Standard Class,CUST-0121,Customer 121,South,Office Supplies,Pens (Box),7.0,515.78,0.0,3610.46,1161.65
ORD-10622,2025-06-01,2025-06-07,Standard Class,CUST-0081,Customer 81,West,Furniture,Table Lamp,9.0,955.87,0.0,8602.83,2708.68
ORD-10623,2025-07-27,2025-07-31,Standard Class,CUST-0069,Customer 69,north,Technology,Printer,6.0,309.97,0.0,1859.82,480.5
ORD-10624,2025-01-27,2025-01-28,Standard Class,CUST-0043,Customer 43,East,Office Supplies,Paper,6.0,528.44,0.0,3170.64,940.71
ORD-10625,10/04/2025,2025-04-12,First Class,CUST-0006,Customer 6,West,Office Supplies,Paper,1.0,543.86,0.0,543.86,172.23
ORD-10626,2025-04-11,2025-04-14,First Class,CUST-0175,Customer 175,East,Furniture,Desk,2.0,302.41,0.0,604.82,216.86
ORD-10627,2025-06-05,2025-06-11,Standard Class,CUST-0154,Customer 154,South,Technology,Wireless Mouse,11.0,849.67,0.3,6542.46,904.07
ORD-10628,2025-12-20,2025-12-26,Standard Class,CUST-0149,Customer 149,West,Technology,Printer,7.0,786.51,0.15,4679.73,528.46
ORD-10629,2025-10-29,2025-10-30,Standard Class,CUST-0079,Customer 79,East,Office Supplies,Binder,6.0,1102.96,0.15,5625.1,2075.02
ORD-10630,2024-02-28,2024-03-06,Second Class,CUST-0140,Customer 140,South,OFFICE SUPPLIES,Binder,3.0,869.8,0.0,2609.4,541.29
ORD-10631,13/05/2025,2025-05-15,Standard Class,CUST-0120,Customer 120,North,Technology,Wireless Mouse,-2.0,1062.11,0.0,2124.22,986.01
ORD-10632,2025-03-24,2025-03-29,,CUST-0166,Customer 166,west,Office Supplies,Paper,,,,1614.04,598.05
ORD-10633,2024-07-09,2024-07-10,First Class,CUST-0059,Customer 59,East,Technology,Printer,3.0,840.63,0.0,2521.89,864.32
ORD-10634,10/05/2025,2025-05-14,Standard Class,CUST-0165,Customer 165,South,Furniture,Chair,1.0,90.05,0.3,63.03,-3.57
ORD-10635,2025-06-04,2025-06-09,Same Day,CUST-0065,Customer 65,South,Furniture,Bookcase,4.0,187.61,0.0,750.44,145.99
ORD-10636,05/07/2024,2024-07-08,Same Day,CUST-0074,Customer 74,North,Office Supplies,Stapler,5.0,1171.56,0.0,5857.8,1427.48
ORD-10637,2025-04-02,2025-04-07,First Class,CUST-0147,Customer 147,North,Furniture,Bookcase,2.0,464.25,0.15,789.23,150.47
ORD-10638,13/12/2024,2024-12-17,Same Day,CUST-0010,Customer 10,North,Office Supplies,Pens (Box),2.0,613.01,0.1,1103.42,377.41
ORD-10639,2024-04-21,2024-04-23,Second Class,CUST-0142,Customer 142,North,Furniture,Table Lamp,3.0,961.24,0.0,2883.72,1290.63
ORD-10640,2024-02-21,2024-02-28,Second Class,CUST-0074,  Customer 74  ,North,Furniture,Table Lamp,8.0,41.42,0.0,331.36,54.79
ORD-10641,2025-05-30,2025-06-03,Second Class,CUST-0026,Customer 26,East,Office Supplies,Stapler,10.0,343.35,0.15,2918.47,377.5
ORD-10642,2025-08-01,2025-08-02,Same Day,CUST-0134,Customer 134,East,Technology,Wireless Mouse,7.0,909.54,0.3,4456.75,207.06
ORD-10643,2025-10-16,2025-10-19,First Class,CUST-0104,Customer 104,North,Office Supplies,Paper,3.0,55.27,0.0,165.81,33.19
ORD-10644,2024-09-16,2024-09-23,Standard Class,CUST-0007,Customer 7,North,Office Supplies,Paper,11.0,740.54,0.0,8145.94,1516.67
ORD-10645,08/07/2024,2024-07-09,Standard Class,CUST-0101,Customer 101,West,Office Supplies,Pens (Box),3.0,1193.16,0.0,3579.48,1684.07
ORD-10646,2025-08-13,2025-08-20,First Class,CUST-0127,  Customer 127  ,North,Office Supplies,Stapler,6.0,486.54,0.0,2919.24,857.52
ORD-10647,14/06/2025,2025-06-15,Standard Class,CUST-0103,Customer 103,West,Office Supplies,Pens (Box),6.0,858.06,0.3,3603.85,398.46
ORD-10648,2024-09-08,2024-09-15,Same Day,CUST-0152,Customer 152,South,Technology,Printer,2.0,1128.28,0.0,2256.56,717.31
ORD-10649,16/08/2025,2025-08-22,Standard Class,CUST-0093,Customer 93,West,FURNITURE,Table Lamp,10.0,8.66,0.0,86.6,14.97
ORD-10650,2025-08-24,2025-08-30,Standard Class,CUST-0132,Customer 132,East,Office Supplies,Binder,7.0,663.24,0.0,4642.68,2225.61
ORD-10651,2025-11-18,2025-11-19,First Class,CUST-0106,Customer 106,West,Technology,Monitor,1.0,891.03,0.15,757.38,24.84
ORD-10652,2024-12-12,2024-12-19,Standard Class,CUST-0047,Customer 47,South,Furniture,Chair,10.0,1009.1,0.0,10091.0,4981.11
ORD-10653,2024-03-02,2024-03-04,First Class,CUST-0083,  Customer 83  ,North,Technology,Printer,9.0,157.27,0.0,1415.43,426.06
ORD-10654,13/07/2025,2025-07-17,Standard Class,CUST-0096,Customer 96,South,Technology,Wireless Mouse,11.0,1053.22,0.0,11585.42,2417.74
ORD-10655,2025-09-18,2025-09-25,,CUST-0040,Customer 40,,Furniture,Bookcase,,,,456.14,
ORD-10656,25/06/2025,2025-07-02,Same Day,CUST-0143,Customer 143,South,Office Supplies,Binder,7.0,295.12,0.0,2065.84,556.1
ORD-10657,2025-06-06,2025-06-10,Standard Class,CUST-0033,Customer 33,North,Office Supplies,Stapler,2.0,573.02,0.0,1146.04,514.21
ORD-10658,2025-01-08,2025-01-11,First Class,CUST-0172,Customer 172,north,Office Supplies,Paper,5.0,202.93,0.0,1014.65,447.06
ORD-10659,2024-08-06,2024-08-08,Standard Class,CUST-0064,Customer 64,West,Furniture,Bookcase,10.0,36.32,0.0,363.2,140.91
ORD-10660,2025-10-30,2025-11-01,First Class,CUST-0052,Customer 52,North,Furniture,Table Lamp,6.0,367.38,0.0,2204.28,546.55
ORD-10661,2025-02-03,2025-02-07,First Class,CUST-0173,Customer 173,West,Furniture,Chair,9.0,625.12,0.1,5063.47,1542.85
ORD-10662,24/04/2024,2024-04-28,Standard Class,CUST-0032,  Customer 32  ,North,TECHNOLOGY,Wireless Mouse,4.0,935.07,0.1,3366.25,518.74
ORD-10663,28/09/2024,2024-10-05,Same Day,CUST-0050,Customer 50,West,Furniture,Table Lamp,6.0,716.68,0.2,3440.06,724.72
ORD-10664,2024-02-08,2024-02-15,Same Day,CUST-0129,Customer 129,East,Technology,Monitor,8.0,892.27,0.0,7138.16,2926.95
ORD-10665,2025-04-14,2025-04-16,First Class,CUST-0088,Customer 88,South,Technology,Wireless Mouse,1.0,7.67,0.0,7.67,3.02
ORD-10666,2025-03-08,2025-03-09,Standard Class,CUST-0087,Customer 87,North,Furniture,Chair,4.0,458.22,0.0,1832.88,827.84
ORD-10667,2025-06-28,2025-07-03,Standard Class,CUST-0154,  Customer 154  ,South,Furniture,Table Lamp,4.0,1082.84,0.15,3681.66,952.03
ORD-10668,21/06/2024,2024-06-23,Second Class,CUST-0018,Customer 18,North,Office Supplies,Pens (Box),5.0,359.18,0.0,1795.9,872.26
ORD-10669,2024-12-26,2024-12-30,Second Class,CUST-0034,Customer 34,East,OFFICE SUPPLIES,Stapler,11.0,136.01,0.0,1496.11,548.37
ORD-10670,2025-09-06,2025-09-09,First Class,CUST-0146,Customer 146,West,Office Supplies,Paper,2.0,1168.53,0.1,2103.35,394.59
ORD-10671,2025-06-16,2025-06-19,First Class,CUST-0074,Customer 74,North,Technology,Printer,2.0,702.96,0.0,1405.92,297.25
ORD-10672,2025-12-08,2025-12-11,First Class,CUST-0151,  Customer 151  ,West,Technology,Monitor,3.0,214.03,,642.09,283.84
ORD-10673,2024-02-25,2024-02-26,Same Day,CUST-0106,Customer 106,West,Office Supplies,Pens (Box),3.0,1087.21,0.0,3261.63,891.19
ORD-10674,2025-01-26,2025-01-30,Second Class,CUST-0075,Customer 75,East,Furniture,Bookcase,5.0,289.21,0.15,1229.14,15.11
ORD-10675,2024-08-26,2024-09-01,,CUST-0069,Customer 69,,Technology,Wireless Mouse,,,,2245.89,
ORD-10676,2025-01-24,2025-01-30,Standard Class,CUST-0159,  Customer 159  ,East,Office Supplies,Binder,9.0,632.28,,4836.94,7.71
ORD-10677,2024-03-07,2024-03-13,Second Class,CUST-0133,Customer 133,North,Furniture,Chair,4.0,577.31,0.0,2309.24,462.61
ORD-10678,2025-03-27,2025-04-02,Second Class,CUST-0154,Customer 154,South,Office Supplies,Binder,9.0,555.17,0.0,4996.53,1803.17
ORD-10679,2025-09-19,2025-09-26,Same Day,CUST-0188,Customer 188,South,Furniture,Desk,9.0,389.07,0.0,3501.63,1118.75
ORD-10680,2024-08-07,2024-08-14,Standard Class,CUST-0021,Customer 21,East,Technology,Laptop,3.0,520.3,0.0,1560.9,363.51
ORD-10681,2024-01-23,2024-01-27,Standard Class,CUST-0120,  Customer 120  ,North,Furniture,Bookcase,5.0,929.19,0.15,3949.06,433.61
ORD-10682,2024-06-20,2024-06-25,First Class,CUST-0140,Customer 140,South,Office Supplies,Stapler,10.0,663.16,0.1,5968.44,1916.58
ORD-10683,2025-05-27,2025-05-28,Standard Class,CUST-0102,Customer 102,North,Technology,Printer,6.0,112.62,0.1,608.15,65.55
ORD-10684,2024-01-22,2024-01-26,Second Class,CUST-0182,Customer 182,North,Office Supplies,Paper,3.0,1187.64,0.0,3562.92,1338.12
ORD-10685,2024-12-13,2024-12-18,Standard Class,CUST-0127,Customer 127,North,Office Supplies,Paper,3.0,872.22,0.0,2616.66,1243.77
ORD-10686,2024-07-01,2024-07-04,Standard Class,CUST-0026,Customer 26,East,Technology,Printer,4.0,896.59,0.1,3227.72,525.62
ORD-10687,2024-03-13,2024-03-15,First Class,CUST-0170,Customer 170,North,Office Supplies,Stapler,11.0,294.94,0.0,3244.34,698.4
ORD-10688,2024-01-28,2024-01-29,Same Day,CUST-0167,Customer 167,South,Office Supplies,Pens (Box),3.0,666.75,0.0,2000.25,787.69
ORD-10689,2025-10-31,2025-11-01,Same Day,CUST-0035,Customer 35,west,Furniture,Bookcase,5.0,1019.16,0.0,5095.8,1082.95
ORD-10690,2025-05-09,2025-05-14,First Class,CUST-0129,Customer 129,East,Technology,Laptop,8.0,949.77,0.15,6458.44,49.83
ORD-10691,2025-09-13,2025-09-15,Same Day,CUST-0194,Customer 194,South,Office Supplies,Paper,6.0,1095.72,0.0,6574.32,1254.1
ORD-10692,2024-05-27,2024-05-29,Standard Class,CUST-0104,  Customer 104  ,North,Office Supplies,Stapler,1.0,257.55,0.3,180.28,12.33
ORD-10693,2024-09-24,2024-09-29,Second Class,CUST-0114,Customer 114,South,Furniture,Chair,5.0,749.59,0.2,2998.36,-169.81
ORD-10694,2025-09-17,2025-09-19,Same Day,CUST-0101,  Customer 101  ,west,Office Supplies,Binder,11.0,265.27,,2917.97,465.01
ORD-10695,01/03/2025,2025-03-02,Second Class,CUST-0060,Customer 60,East,Furniture,Chair,8.0,563.09,0.0,4504.72,1800.22
ORD-10696,08/01/2025,2025-01-15,Same Day,CUST-0179,Customer 179,West,Technology,Monitor,8.0,262.35,0.2,1679.04,160.54
ORD-10697,2024-05-10,2024-05-12,Second Class,CUST-0013,Customer 13,East,Furniture,Bookcase,7.0,1020.11,0.0,7140.77,3082.67
ORD-10698,2024-08-25,2024-08-31,Second Class,CUST-0166,Customer 166,West,Furniture,Desk,7.0,329.17,0.0,2304.19,1109.33
ORD-10699,2024-01-12,2024-01-16,Second Class,CUST-0003,Customer 3,East,Office Supplies,Paper,2.0,269.01,0.0,538.02,268.84
ORD-10700,2025-12-27,2026-01-02,Second Class,CUST-0052,Customer 52,North,Technology,Monitor,7.0,1102.48,0.0,7717.36,3021.34
ORD-10701,31/07/2025,2025-08-07,Second Class,CUST-0064,Customer 64,West,Office Supplies,Stapler,9.0,155.86,0.0,1402.74,496.77
ORD-10702,2025-02-23,2025-02-26,Second Class,CUST-0121,Customer 121,south,Furniture,Chair,11.0,191.03,0.1,1891.2,166.53
ORD-10703,2024-10-12,2024-10-19,First Class,CUST-0195,  Customer 195  ,West,Furniture,Desk,7.0,493.18,0.15,2934.42,797.05
ORD-10704,2024-08-11,2024-08-16,Standard Class,CUST-0074,  Customer 74  ,North,Office Supplies,Paper,284.0,46.72,0.0,233.6,62.83
ORD-10705,2025-11-16,2025-11-17,Second Class,CUST-0179,Customer 179,West,Furniture,Desk,2.0,97.67,0.15,166.04,3.82
ORD-10706,2025-12-28,2025-12-31,Same Day,CUST-0041,Customer 41,North,Technology,Printer,9.0,420.71,0.0,3786.39,1292.75
ORD-10707,2024-11-09,2024-11-12,Second Class,CUST-0017,Customer 17,East,OFFICE SUPPLIES,Paper,6.0,297.25,0.1,1605.15,179.98
ORD-10708,2024-12-15,2024-12-22,Second Class,CUST-0169,Customer 169,south,Technology,Monitor,2.0,632.27,0.1,1138.09,73.19
ORD-10709,2024-12-31,2025-01-03,Second Class,CUST-0092,Customer 92,West,Technology,Wireless Mouse,5.0,165.0,0.0,825.0,387.54
ORD-10710,2025-08-02,2025-08-06,First Class,CUST-0158,  Customer 158  ,East,Furniture,Desk,6.0,298.88,0.0,1793.28,331.02
ORD-10711,2024-11-01,2024-11-05,Standard Class,CUST-0108,Customer 108,east,FURNITURE,Table Lamp,4.0,710.49,0.0,2841.96,1273.15
ORD-10712,2025-03-23,2025-03-25,Second Class,CUST-0006,Customer 6,west,Office Supplies,Binder,11.0,88.84,0.0,977.24,213.53
ORD-10713,2025-04-10,2025-04-12,Same Day,CUST-0005,Customer 5,South,Technology,Wireless Mouse,5.0,383.17,0.2,1532.68,344.58
ORD-10714,2025-05-12,2025-05-17,Standard Class,CUST-0140,  Customer 140  ,South,Technology,Printer,9.0,64.19,0.0,577.71,159.78
ORD-10715,18/01/2025,2025-01-22,First Class,CUST-0011,Customer 11,East,Furniture,Desk,9.0,346.68,0.0,3120.12,1520.27
ORD-10716,2024-03-21,2024-03-23,Second Class,CUST-0009,Customer 9,north,Technology,Wireless Mouse,11.0,240.02,0.0,2640.22,983.65
ORD-10717,2025-10-30,2025-11-06,Second Class,CUST-0146,Customer 146,West,Office Supplies,Paper,6.0,501.07,0.3,2104.49,532.66
ORD-10718,2025-11-04,2025-11-08,First Class,CUST-0130,Customer 130,East,OFFICE SUPPLIES,Stapler,6.0,611.25,0.0,3667.5,1483.98
ORD-10719,18/04/2025,2025-04-19,,CUST-0028,Customer 28,West,TECHNOLOGY,Printer,,852.75,,2558.25,923.36
ORD-10720,2024-02-24,2024-03-01,First Class,CUST-0081,Customer 81,West,Office Supplies,Paper,9.0,519.58,0.0,4676.22,1886.93
ORD-10721,24/11/2025,2025-12-01,Standard Class,CUST-0112,Customer 112,West,Furniture,Bookcase,11.0,1099.98,0.0,12099.78,1954.94
ORD-10722,2024-04-09,2024-04-15,Second Class,CUST-0011,Customer 11,East,Office Supplies,Stapler,4.0,823.04,0.0,3292.16,1626.69
ORD-10723,10/05/2025,2025-05-16,First Class,CUST-0103,Customer 103,West,Office Supplies,Stapler,4.0,221.84,0.0,887.36,294.85
ORD-10724,2024-06-01,2024-06-08,First Class,CUST-0002,Customer 2,West,Technology,Monitor,2.0,60.05,0.0,120.1,25.8
ORD-10725,2024-05-30,2024-06-04,Same Day,CUST-0165,Customer 165,South,Technology,Printer,7.0,526.31,0.0,3684.17,1174.78
ORD-10726,08/11/2024,2024-11-15,First Class,CUST-0115,Customer 115,East,Technology,Wireless Mouse,8.0,24.02,0.0,192.16,62.41
ORD-10727,2025-12-16,2025-12-19,Second Class,CUST-0056,Customer 56,North,Technology,Monitor,8.0,333.2,0.1,2399.04,409.41
ORD-10728,2024-10-29,2024-10-30,Second Class,CUST-0028,Customer 28,West,Office Supplies,Paper,11.0,945.25,0.2,8318.2,959.04
ORD-10729,2024-10-20,2024-10-21,Same Day,CUST-0069,Customer 69,North,OFFICE SUPPLIES,Stapler,9.0,401.99,0.15,3075.22,1172.95
ORD-10730,03/10/2025,2025-10-05,Second Class,CUST-0137,  Customer 137  ,east,Office Supplies,Paper,1.0,512.85,0.0,512.85,179.41
ORD-10731,2024-01-26,2024-01-28,,CUST-0035,Customer 35,West,Furniture,Bookcase,,788.82,,1577.64,360.65
ORD-10732,2024-04-01,2024-04-06,First Class,CUST-0146,Customer 146,West,Furniture,Table Lamp,4.0,108.66,0.2,347.71,59.95
ORD-10733,2025-11-14,2025-11-20,Same Day,CUST-0016,Customer 16,West,FURNITURE,Bookcase,4.0,608.95,0.15,2070.43,621.12
ORD-10734,2024-08-02,2024-08-05,Second Class,CUST-0151,Customer 151,West,Office Supplies,Paper,7.0,289.25,0.0,2024.75,562.14
ORD-10735,2025-08-02,2025-08-04,First Class,CUST-0053,Customer 53,south,Furniture,Bookcase,8.0,703.44,0.0,5627.52,1721.76
ORD-10736,2024-09-22,2024-09-25,Second Class,CUST-0037,Customer 37,West,Furniture,Desk,10.0,183.93,0.0,1839.3,531.68
ORD-10737,2025-04-12,2025-04-19,Second Class,CUST-0047,Customer 47,south,Office Supplies,Paper,10.0,135.32,0.1,1217.88,354.75
ORD-10738,2024-11-18,2024-11-19,Standard Class,CUST-0081,Customer 81,West,Office Supplies,Binder,6.0,326.11,0.1,1760.99,453.32
ORD-10739,12/10/2025,2025-10-14,Same Day,CUST-0096,  Customer 96  ,South,Technology,Printer,10.0,951.91,0.0,9519.1,3798.38
ORD-10740,2025-02-21,2025-02-25,Standard Class,CUST-0128,Customer 128,West,Furniture,Bookcase,11.0,1055.92,0.0,11615.12,3033.04
ORD-10741,2024-02-17,2024-02-23,Second Class,CUST-0150,Customer 150,North,Furniture,Chair,6.0,467.93,0.2,2246.06,523.91
ORD-10742,2025-11-02,2025-11-08,Second Class,CUST-0125,Customer 125,West,Furniture,Bookcase,7.0,492.47,0.0,3447.29,1529.45
ORD-10743,2024-08-22,2024-08-28,Second Class,CUST-0057,Customer 57,East,Office Supplies,Stapler,6.0,412.92,0.0,2477.52,818.24
ORD-10744,2025-04-04,2025-04-09,Standard Class,CUST-0026,Customer 26,East,Technology,Wireless Mouse,10.0,946.14,0.0,9461.4,2641.06
ORD-10745,2024-10-05,2024-10-06,Standard Class,CUST-0108,Customer 108,East,Technology,Wireless Mouse,8.0,759.84,0.0,6078.72,1213.19
ORD-10746,2025-01-22,2025-01-28,First Class,CUST-0125,Customer 125,west,TECHNOLOGY,Wireless Mouse,11.0,961.8,0.0,10579.8,2390.18
ORD-10747,2025-04-02,2025-04-04,Same Day,CUST-0054,Customer 54,South,OFFICE SUPPLIES,Stapler,3.0,891.48,0.0,2674.44,419.29
ORD-10748,2024-06-26,2024-07-01,Standard Class,CUST-0125,Customer 125,West,Technology,Wireless Mouse,6.0,436.28,0.1,2355.91,901.63
ORD-10749,2024-01-15,2024-01-18,First Class,CUST-0147,Customer 147,North,Technology,Printer,3.0,286.61,0.0,859.83,318.43
ORD-10750,2025-04-02,2025-04-09,First Class,CUST-0085,Customer 85,East,Technology,Printer,7.0,89.61,0.0,627.27,122.02
ORD-10751,19/03/2024,2024-03-26,Same Day,CUST-0001,Customer 1,north,Technology,Laptop,6.0,253.89,0.15,1294.84,45.85
ORD-10752,2024-04-27,2024-05-01,Standard Class,CUST-0176,Customer 176,South,Technology,Monitor,9.0,372.11,0.0,3348.99,932.4
ORD-10753,2024-12-23,2024-12-26,First Class,CUST-0169,  Customer 169  ,South,Office Supplies,Binder,2.0,13.22,0.15,22.47,2.74
ORD-10754,2024-05-02,2024-05-05,Standard Class,CUST-0046,Customer 46,West,FURNITURE,Chair,11.0,568.02,0.0,6248.22,1778.68
ORD-10755,2025-04-22,2025-04-28,First Class,CUST-0162,Customer 162,East,Technology,Monitor,9.0,204.13,0.0,1837.17,635.93
ORD-10756,2024-10-21,2024-10-28,First Class,CUST-0141,Customer 141,West,Office Supplies,Stapler,9.0,285.76,0.0,2571.84,1101.96
ORD-10757,01/12/2025,2025-12-05,First Class,CUST-0120,Customer 120,North,Furniture,Chair,4.0,610.32,0.0,2441.28,707.25
ORD-10758,2025-10-03,2025-10-09,Second Class,CUST-0169,Customer 169,South,Technology,Wireless Mouse,6.0,757.27,0.0,4543.62,1303.02
ORD-10759,19/02/2024,2024-02-20,Same Day,CUST-0105,Customer 105,West,Furniture,Bookcase,7.0,35.51,0.0,248.57,50.19
ORD-10760,2024-05-24,2024-05-31,Same Day,CUST-0178,Customer 178,North,Furniture,Bookcase,3.0,1075.4,0.0,3226.2,614.33
ORD-10761,20/04/2024,2024-04-27,First Class,CUST-0195,  Customer 195  ,West,Furniture,Chair,2.0,382.9,0.0,765.8,317.02
ORD-10762,2024-04-26,2024-04-30,First Class,CUST-0047,Customer 47,South,Office Supplies,Pens (Box),11.0,1176.39,0.0,12940.29,4560.27
ORD-10763,2025-12-15,2025-12-20,First Class,CUST-0117,  Customer 117  ,North,Furniture,Bookcase,9.0,333.25,0.0,2999.25,922.65
ORD-10764,2024-04-27,2024-04-29,First Class,CUST-0082,Customer 82,South,Technology,Laptop,8.0,365.95,0.0,2927.6,519.14
ORD-10765,28/10/2024,2024-10-31,Standard Class,CUST-0161,Customer 161,West,Technology,Laptop,4.0,335.11,,1340.44,532.14
ORD-10766,2025-12-19,2025-12-20,Second Class,CUST-0055,Customer 55,South,Office Supplies,Stapler,7.0,271.87,0.0,1903.09,851.96
ORD-10767,2025-09-17,2025-09-24,Standard Class,CUST-0147,Customer 147,North,Office Supplies,Pens (Box),2.0,699.71,0.0,1399.42,674.45
ORD-10768,2024-10-30,2024-10-31,Same Day,CUST-0032,  Customer 32  ,North,Technology,Wireless Mouse,11.0,1125.15,0.0,12376.65,4402.61
ORD-10769,2025-10-19,2025-10-24,First Class,CUST-0064,Customer 64,West,Technology,Monitor,5.0,1193.81,0.0,5969.05,1544.29
ORD-10770,2025-02-15,2025-02-21,Same Day,CUST-0190,Customer 190,South,Office Supplies,Pens (Box),3.0,356.99,0.0,1070.97,305.18
ORD-10771,2024-09-11,2024-09-13,Second Class,CUST-0132,Customer 132,east,Technology,Wireless Mouse,2.0,349.26,0.0,698.52,144.71
ORD-10772,2025-11-14,2025-11-20,Same Day,CUST-0150,Customer 150,North,Office Supplies,Pens (Box),4.0,144.46,0.2,462.27,51.71
ORD-10773,08/07/2024,2024-07-12,Same Day,CUST-0125,Customer 125,West,Furniture,Desk,6.0,749.04,0.0,4494.24,1568.14
ORD-10774,16/11/2024,2024-11-18,Second Class,CUST-0122,Customer 122,east,Technology,Laptop,8.0,260.51,0.2,1667.26,-87.12
ORD-10775,2025-01-18,2025-01-19,Standard Class,CUST-0066,Customer 66,South,Furniture,Bookcase,3.0,575.91,0.15,1468.57,302.33
ORD-10776,2025-09-07,2025-09-13,Same Day,CUST-0113,  Customer 113  ,East,OFFICE SUPPLIES,Paper,4.0,747.67,0.0,2990.68,1161.46
ORD-10777,2025-07-15,2025-07-17,Standard Class,CUST-0020,Customer 20,South,Furniture,Desk,10.0,1075.6,0.0,10756.0,2011.36
ORD-10778,11/12/2024,2024-12-14,Second Class,CUST-0150,Customer 150,North,Furniture,Chair,11.0,264.71,0.0,2911.81,1452.11
ORD-10779,2024-12-31,2025-01-01,Same Day,CUST-0039,Customer 39,South,Technology,Monitor,6.0,365.61,0.3,1535.56,-282.62
ORD-10780,2025-06-19,2025-06-26,Second Class,CUST-0153,Customer 153,West,Technology,Printer,4.0,442.81,0.1,1594.12,631.54
ORD-10781,2025-10-12,2025-10-13,Standard Class,CUST-0117,Customer 117,North,Office Supplies,Pens (Box),7.0,1005.47,0.0,7038.29,3089.55
ORD-10782,2025-01-03,2025-01-08,Standard Class,CUST-0082,Customer 82,South,Technology,Laptop,1.0,636.34,0.1,572.71,168.81
ORD-10783,25/11/2024,2024-12-02,Second Class,CUST-0024,  Customer 24  ,West,Office Supplies,Binder,1.0,1040.07,0.0,1040.07,326.93
ORD-10784,2025-05-12,2025-05-13,Same Day,CUST-0073,Customer 73,South,Office Supplies,Stapler,3.0,151.28,0.1,408.46,41.7
ORD-10785,21/05/2025,2025-05-23,Same Day,CUST-0017,Customer 17,East,Technology,Monitor,4.0,905.2,0.0,3620.8,1484.32
ORD-10786,2024-05-04,2024-05-06,Standard Class,CUST-0155,Customer 155,South,Furniture,Desk,5.0,28.56,0.0,142.8,24.92
ORD-10787,2024-08-21,2024-08-24,First Class,CUST-0033,Customer 33,North,Furniture,Table Lamp,5.0,297.89,0.3,1042.61,-177.02
ORD-10788,28/01/2024,2024-01-31,First Class,CUST-0148,Customer 148,North,Furniture,Desk,7.0,354.95,0.0,2484.65,1153.3
ORD-10789,2024-02-08,2024-02-09,Second Class,CUST-0021,Customer 21,East,Furniture,Desk,2.0,579.21,0.0,1158.42,523.41
ORD-10790,2025-08-07,2025-08-13,First Class,CUST-0150,Customer 150,North,Furniture,Chair,11.0,1098.95,0.0,12088.45,4330.57
ORD-10791,2024-07-18,2024-07-19,Same Day,CUST-0198,Customer 198,North,Technology,Printer,3.0,133.69,0.0,401.07,121.25
ORD-10792,2024-07-09,2024-07-12,Standard Class,CUST-0195,Customer 195,West,Furniture,Desk,10.0,555.61,0.1,5000.49,1231.86
ORD-10793,2024-01-29,2024-02-04,Second Class,CUST-0178,Customer 178,North,Furniture,Bookcase,10.0,577.77,0.0,5777.7,2366.88
ORD-10794,2025-03-15,2025-03-22,First Class,CUST-0194,  Customer 194  ,South,Technology,Wireless Mouse,11.0,510.37,0.0,5614.07,2425.84
ORD-10795,2025-06-18,2025-06-21,Same Day,CUST-0162,Customer 162,East,Technology,Monitor,2.0,1063.37,0.0,2126.74,1026.35
ORD-10796,2024-12-23,2024-12-29,Same Day,CUST-0060,Customer 60,East,Furniture,Table Lamp,2.0,1147.83,0.15,1951.31,140.42
ORD-10797,17/02/2025,2025-02-23,Same Day,CUST-0186,Customer 186,South,Technology,Wireless Mouse,9.0,694.92,0.1,5628.85,2112.54
ORD-10798,2025-12-20,2025-12-22,Same Day,CUST-0091,Customer 91,South,Furniture,Desk,11.0,457.16,0.0,5028.76,2316.75
ORD-10799,30/01/2025,2025-02-06,Second Class,CUST-0115,Customer 115,East,Technology,Wireless Mouse,4.0,732.1,0.0,2928.4,1004.66
ORD-10800,2025-03-01,2025-03-07,Standard Class,CUST-0113,Customer 113,East,Office Supplies,Pens (Box),11.0,1189.72,0.0,13086.92,5342.06
ORD-10801,2024-09-19,2024-09-24,Standard Class,CUST-0121,  Customer 121  ,South,Technology,Laptop,7.0,872.52,0.0,6107.64,3027.62
ORD-10802,14/05/2024,2024-05-21,Second Class,CUST-0007,Customer 7,North,Technology,Monitor,11.0,341.71,0.0,3758.81,1549.31
ORD-10803,2024-01-27,2024-01-30,Same Day,CUST-0133,Customer 133,North,TECHNOLOGY,Printer,4.0,478.29,0.0,1913.16,341.92
ORD-10804,2025-04-07,2025-04-11,Standard Class,CUST-0117,Customer 117,North,Technology,Laptop,9.0,1037.27,0.0,9335.43,4193.05
ORD-10805,2024-07-10,2024-07-16,Second Class,CUST-0075,Customer 75,East,Technology,Monitor,11.0,528.13,0.0,5809.43,1347.53
ORD-10806,2024-09-18,2024-09-20,Same Day,CUST-0111,Customer 111,South,Technology,Laptop,5.0,931.85,0.1,4193.32,777.86
ORD-10807,2025-09-11,2025-09-14,Second Class,CUST-0194,Customer 194,South,Furniture,Table Lamp,4.0,55.6,0.15,189.04,32.5
ORD-10808,30/06/2025,2025-07-03,Same Day,CUST-0140,Customer 140,South,Office Supplies,Stapler,9.0,801.08,0.0,7209.72,1300.45
ORD-10809,2024-08-27,2024-08-30,,CUST-0163,Customer 163,,Technology,Printer,,,,6948.54,
ORD-10810,2025-04-15,2025-04-19,Same Day,CUST-0038,Customer 38,West,Furniture,Table Lamp,5.0,97.33,0.0,486.65,90.0
ORD-10811,2025-03-11,2025-03-13,Second Class,CUST-0156,  Customer 156  ,east,Office Supplies,Paper,5.0,941.95,0.15,4003.29,1128.02
ORD-10812,2025-03-12,2025-03-18,First Class,CUST-0184,Customer 184,East,Office Supplies,Paper,7.0,782.0,0.1,112948.72568151624,1699.84
ORD-10813,2025-11-26,2025-11-28,Second Class,CUST-0055,Customer 55,South,FURNITURE,Bookcase,10.0,266.84,0.1,2401.56,335.7
ORD-10814,2024-03-03,2024-03-05,First Class,CUST-0112,Customer 112,West,Furniture,Table Lamp,8.0,232.96,0.0,1863.68,325.09
ORD-10815,13/08/2024,2024-08-16,Second Class,CUST-0017,Customer 17,East,Technology,Wireless Mouse,11.0,559.14,0.0,6150.54,2189.13
ORD-10816,2024-01-30,2024-02-05,Standard Class,CUST-0028,  Customer 28  ,West,Technology,Printer,2.0,819.77,0.0,1639.54,599.3
ORD-10817,2025-01-01,2025-01-07,Same Day,CUST-0174,Customer 174,East,Technology,Monitor,9.0,428.81,0.0,3859.29,1623.69
ORD-10818,2024-08-29,2024-09-01,Standard Class,CUST-0123,  Customer 123  ,east,Furniture,Table Lamp,8.0,230.54,0.1,1659.89,435.28
ORD-10819,2025-07-11,2025-07-17,Standard Class,CUST-0173,Customer 173,West,Office Supplies,Binder,2.0,427.32,0.0,854.64,280.92
ORD-10820,2025-04-16,2025-04-18,First Class,CUST-0002,Customer 2,west,Office Supplies,Pens (Box),2.0,1141.03,0.15,1939.75,57.64
ORD-10821,13/07/2024,2024-07-14,First Class,CUST-0043,Customer 43,East,Technology,Laptop,5.0,791.35,0.0,3956.75,965.11
ORD-10822,2025-11-20,2025-11-22,Same Day,CUST-0033,Customer 33,North,Technology,Laptop,1.0,190.88,0.0,190.88,41.2
ORD-10823,2025-06-21,2025-06-25,First Class,CUST-0107,Customer 107,west,OFFICE SUPPLIES,Binder,11.0,328.29,0.15,3069.51,818.97
ORD-10824,2025-02-23,2025-02-28,First Class,CUST-0191,Customer 191,East,Furniture,Chair,1.0,898.27,0.0,898.27,156.23
ORD-10825,2025-04-06,2025-04-07,Standard Class,CUST-0157,Customer 157,North,Furniture,Chair,8.0,234.35,0.0,1874.8,487.71
ORD-10826,2024-02-10,2024-02-17,First Class,CUST-0105,Customer 105,West,Office Supplies,Stapler,4.0,972.67,0.1,3501.61,1363.73
ORD-10827,2025-10-28,2025-11-02,Standard Class,CUST-0044,Customer 44,South,Furniture,Desk,7.0,80.2,0.2,449.12,127.6
ORD-10828,2024-11-25,2024-11-26,Standard Class,CUST-0129,  Customer 129  ,East,Office Supplies,Paper,2.0,689.85,0.3,965.79,263.42
ORD-10829,2025-08-21,2025-08-23,First Class,CUST-0138,Customer 138,North,Technology,Wireless Mouse,5.0,1061.19,0.2,4244.76,-43.42
ORD-10830,2024-08-16,2024-08-20,Same Day,CUST-0030,Customer 30,South,Technology,Printer,6.0,797.57,0.0,4785.42,1851.02
ORD-10831,2025-09-11,2025-09-13,First Class,CUST-0031,  Customer 31  ,South,Furniture,Table Lamp,11.0,370.98,0.0,4080.78,1676.32
ORD-10832,02/04/2025,2025-04-06,Second Class,CUST-0104,Customer 104,North,Technology,Laptop,6.0,1050.5,0.0,6303.0,2779.8
ORD-10833,2025-06-18,2025-06-21,Second Class,CUST-0103,Customer 103,West,Office Supplies,Paper,7.0,125.87,0.0,881.09,296.2
ORD-10834,2024-05-08,2024-05-13,Second Class,CUST-0143,Customer 143,South,Furniture,Table Lamp,7.0,235.33,0.0,1647.31,494.91
ORD-10835,2025-11-10,2025-11-13,Standard Class,CUST-0135,Customer 135,West,Furniture,Chair,5.0,809.86,0.0,4049.3,727.51
ORD-10836,2025-08-14,2025-08-20,Second Class,CUST-0147,Customer 147,North,Furniture,Table Lamp,10.0,415.05,0.15,3527.92,699.0
ORD-10837,2025-06-26,2025-06-27,Standard Class,CUST-0037,Customer 37,West,Office Supplies,Binder,9.0,360.96,0.0,3248.64,1204.31
ORD-10838,2025-03-12,2025-03-13,Same Day,CUST-0148,Customer 148,North,Technology,Printer,1.0,721.87,0.0,721.87,287.65
ORD-10839,2024-08-29,2024-09-01,First Class,CUST-0143,Customer 143,South,Technology,Wireless Mouse,8.0,548.48,0.0,4387.84,2095.1
ORD-10840,03/10/2025,2025-10-06,Standard Class,CUST-0014,Customer 14,West,FURNITURE,Bookcase,4.0,366.79,0.0,1467.16,389.34
ORD-10841,2025-07-05,2025-07-07,First Class,CUST-0033,Customer 33,North,Office Supplies,Binder,5.0,125.93,0.0,629.65,109.27
ORD-10842,2024-05-21,2024-05-26,First Class,CUST-0153,  Customer 153  ,West,Office Supplies,Paper,9.0,1055.69,0.0,9501.21,4688.25
ORD-10843,17/06/2024,2024-06-23,First Class,CUST-0039,Customer 39,South,Office Supplies,Pens (Box),4.0,158.15,0.3,442.82,-23.32
ORD-10844,2024-10-07,2024-10-11,Same Day,CUST-0062,Customer 62,East,Technology,Printer,6.0,392.59,0.1,2119.99,351.33
ORD-10845,2025-03-22,2025-03-28,Second Class,CUST-0200,Customer 200,West,Technology,Laptop,4.0,589.99,0.0,2359.96,827.51
ORD-10846,2025-02-19,2025-02-21,First Class,CUST-0123,Customer 123,East,Technology,Laptop,11.0,762.16,0.2,6707.01,1301.14
ORD-10847,2025-01-23,2025-01-27,Second Class,CUST-0107,Customer 107,West,Technology,Wireless Mouse,6.0,85.43,0.15,435.69,16.07
ORD-10848,2025-03-12,2025-03-16,First Class,CUST-0029,Customer 29,East,Furniture,Chair,6.0,517.84,0.1,2796.34,1191.57
ORD-10849,2024-03-02,2024-03-08,Same Day,CUST-0066,Customer 66,South,Furniture,Table Lamp,8.0,754.42,0.0,6035.36,2087.28
ORD-10850,19/11/2024,2024-11-26,Standard Class,CUST-0120,Customer 120,North,Office Supplies,Paper,7.0,377.57,0.0,2642.99,752.99
ORD-10851,2024-06-22,2024-06-25,First Class,CUST-0165,Customer 165,south,Technology,Monitor,9.0,923.63,0.0,8312.67,3272.86
ORD-10852,2024-02-21,2024-02-22,First Class,CUST-0195,Customer 195,West,Office Supplies,Binder,2.0,140.29,0.1,252.52,86.44
ORD-10853,2024-02-08,2024-02-11,Second Class,CUST-0122,Customer 122,East,Furniture,Chair,7.0,472.78,0.1,2978.51,415.72
ORD-10854,2025-02-27,2025-03-06,Same Day,CUST-0001,Customer 1,north,Office Supplies,Paper,9.0,102.11,0.0,918.99,400.72
ORD-10855,30/05/2025,2025-06-06,Same Day,CUST-0114,Customer 114,South,Technology,Printer,7.0,435.66,0.0,3049.62,1308.22
ORD-10856,2025-06-29,2025-06-30,Standard Class,CUST-0016,Customer 16,West,Furniture,Chair,9.0,505.14,0.0,4546.26,1432.4
ORD-10857,2025-05-20,2025-05-26,Same Day,CUST-0095,Customer 95,West,FURNITURE,Table Lamp,8.0,312.28,0.15,2123.5,299.76
ORD-10858,2024-09-21,2024-09-26,Standard Class,CUST-0166,Customer 166,West,Technology,Wireless Mouse,8.0,661.22,0.0,5289.76,971.59
ORD-10859,2025-09-22,2025-09-24,,CUST-0184,Customer 184,,Technology,Monitor,,,,3421.16,
ORD-10860,2024-01-12,2024-01-13,Same Day,CUST-0120,Customer 120,North,Office Supplies,Binder,10.0,88.46,0.0,884.6,204.11
ORD-10861,2024-01-05,2024-01-08,Standard Class,CUST-0112,Customer 112,West,TECHNOLOGY,Laptop,2.0,643.63,0.15,1094.17,112.87
ORD-10862,2025-09-15,2025-09-21,Standard Class,CUST-0189,Customer 189,North,Technology,Wireless Mouse,8.0,69.19,0.15,470.49,174.9
ORD-10863,2025-07-20,2025-07-21,First Class,CUST-0034,Customer 34,East,Office Supplies,Stapler,6.0,500.38,0.2,2401.82,18.74
ORD-10864,05/02/2025,2025-02-08,Standard Class,CUST-0191,  Customer 191  ,East,Technology,Wireless Mouse,10.0,1179.69,0.1,10617.21,4288.76
ORD-10865,2024-08-28,2024-08-29,Second Class,CUST-0109,Customer 109,South,Office Supplies,Paper,11.0,122.52,0.0,1347.72,313.77
ORD-10866,2025-08-07,2025-08-10,Same Day,CUST-0031,Customer 31,South,OFFICE SUPPLIES,Pens (Box),11.0,1058.47,0.1,10478.85,3342.89
ORD-10867,2025-07-01,2025-07-03,Second Class,CUST-0115,Customer 115,East,Furniture,Chair,4.0,1064.25,0.1,3831.3,368.29
ORD-10868,02/05/2025,2025-05-03,First Class,CUST-0117,Customer 117,North,Office Supplies,Stapler,11.0,1097.3,0.0,12070.3,2995.23
ORD-10869,2025-11-13,2025-11-20,,CUST-0057,Customer 57,East,Office Supplies,Binder,,817.67,,8176.7,3564.23
ORD-10870,2024-01-27,2024-01-29,Standard Class,CUST-0085,Customer 85,East,Furniture,Table Lamp,3.0,462.03,0.1,1247.48,189.19
ORD-10871,12/05/2025,2025-05-13,Standard Class,CUST-0123,Customer 123,East,Technology,Laptop,2.0,594.39,0.0,1188.78,572.27
ORD-10872,2025-11-11,2025-11-17,First Class,CUST-0129,Customer 129,East,Technology,Printer,4.0,566.64,0.0,2266.56,848.96
ORD-10873,2025-12-17,2025-12-21,Second Class,CUST-0005,Customer 5,South,Technology,Wireless Mouse,9.0,962.57,0.15,7363.66,2295.9
ORD-10874,2025-05-31,2025-06-03,Same Day,CUST-0194,  Customer 194  ,South,Technology,Laptop,8.0,661.03,0.1,4759.42,1953.12
ORD-10875,2025-08-15,2025-08-22,,CUST-0111,Customer 111,South,Office Supplies,Paper,,1039.94,,6239.64,1509.07
ORD-10876,2024-12-04,2024-12-06,Standard Class,CUST-0093,  Customer 93  ,West,Office Supplies,Pens (Box),11.0,984.89,0.1,9750.41,3831.28
ORD-10877,2025-02-20,2025-02-23,Same Day,CUST-0007,Customer 7,North,Office Supplies,Paper,7.0,625.65,0.2,3503.64,302.82
ORD-10878,2025-07-09,2025-07-16,First Class,CUST-0188,Customer 188,South,Office Supplies,Stapler,8.0,679.4,0.0,5435.2,1334.8
ORD-10879,15/04/2025,2025-04-20,First Class,CUST-0137,  Customer 137  ,East,Office Supplies,Binder,1.0,907.17,0.0,907.17,429.87
ORD-10880,2025-08-02,2025-08-05,Second Class,CUST-0030,Customer 30,south,Technology,Printer,7.0,363.8,0.0,2546.6,960.69
ORD-10881,2024-12-28,2024-12-30,Second Class,CUST-0185,Customer 185,South,Office Supplies,Binder,10.0,866.5,0.0,8665.0,3221.86
ORD-10882,18/01/2025,2025-01-24,,CUST-0129,Customer 129,East,Office Supplies,Paper,,,,3424.46,1124.62
ORD-10883,2025-10-07,2025-10-11,Standard Class,CUST-0026,Customer 26,East,Technology,Printer,7.0,120.19,0.15,715.13,143.52
ORD-10884,30/08/2024,2024-08-31,Same Day,CUST-0070,  Customer 70  ,South,FURNITURE,Desk,11.0,328.53,0.0,3613.83,1222.21
ORD-10885,2025-09-10,2025-09-17,Standard Class,CUST-0008,Customer 8,East,OFFICE SUPPLIES,Pens (Box),3.0,124.63,0.1,336.5,19.37
ORD-10886,2024-02-01,2024-02-05,First Class,CUST-0024,Customer 24,West,Office Supplies,Binder,5.0,985.83,0.0,4929.15,1578.31
ORD-10887,2025-12-24,2025-12-29,First Class,CUST-0023,Customer 23,North,Furniture,Desk,7.0,41.65,0.0,291.55,70.83
ORD-10888,06/06/2025,2025-06-10,Second Class,CUST-0197,Customer 197,South,Technology,Wireless Mouse,6.0,158.32,0.0,949.92,263.14
ORD-10889,16/11/2024,2024-11-18,Standard Class,CUST-0050,Customer 50,West,Furniture,Desk,2.0,202.91,0.0,405.82,116.64
ORD-10890,2024-08-15,2024-08-18,Second Class,CUST-0178,Customer 178,North,Office Supplies,Binder,3.0,272.08,0.1,734.62,52.3
ORD-10891,2024-03-26,2024-04-02,Same Day,CUST-0182,Customer 182,North,Furniture,Desk,3.0,193.87,0.15,494.37,186.29
ORD-10892,2025-09-10,2025-09-11,Same Day,CUST-0115,Customer 115,East,Furniture,Bookcase,6.0,37.92,0.1,204.77,81.72
ORD-10893,2025-07-24,2025-07-30,Same Day,CUST-0006,Customer 6,West,Technology,Wireless Mouse,1.0,1000.73,0.0,1000.73,451.9
ORD-10894,08/04/2025,2025-04-14,Same Day,CUST-0052,Customer 52,north,Furniture,Table Lamp,7.0,750.12,0.0,5250.84,2379.74
ORD-10895,2025-04-16,2025-04-22,Same Day,CUST-0167,Customer 167,South,Furniture,Bookcase,6.0,330.72,0.0,1984.32,579.21
ORD-10896,01/08/2024,2024-08-07,Second Class,CUST-0197,Customer 197,South,Office Supplies,Pens (Box),3.0,561.57,0.0,1684.71,401.97
ORD-10897,2024-07-01,2024-07-02,Standard Class,CUST-0161,Customer 161,West,Technology,Monitor,2.0,984.18,0.15,1673.11,84.43
ORD-10898,2024-08-13,2024-08-14,Standard Class,CUST-0171,Customer 171,North,Technology,Laptop,10.0,302.96,0.0,3029.6,928.78
ORD-10899,2025-08-06,2025-08-08,Second Class,CUST-0189,  Customer 189  ,north,Technology,Printer,8.0,1004.05,0.1,7229.16,1542.12
ORD-10900,2024-07-11,2024-07-17,First Class,CUST-0038,Customer 38,West,Office Supplies,Paper,6.0,73.19,,395.23,119.04
ORD-10901,2024-06-02,2024-06-07,Same Day,CUST-0085,Customer 85,East,Technology,Laptop,6.0,552.26,0.0,3313.56,1157.83
ORD-10902,02/05/2025,2025-05-09,Second Class,CUST-0056,Customer 56,North,Furniture,Chair,5.0,374.09,0.0,1870.45,833.36
ORD-10903,11/09/2024,2024-09-16,First Class,CUST-0188,Customer 188,South,Furniture,Table Lamp,8.0,292.58,0.1,2106.58,701.57
ORD-10904,04/02/2024,2024-02-09,Standard Class,CUST-0020,Customer 20,South,Furniture,Desk,5.0,644.86,0.3,2257.01,-448.65
ORD-10905,2024-04-08,2024-04-12,Second Class,CUST-0100,Customer 100,North,Office Supplies,Binder,4.0,196.53,0.1,707.51,176.64
ORD-10906,2025-05-01,2025-05-05,Same Day,CUST-0044,Customer 44,South,TECHNOLOGY,Monitor,7.0,442.6,0.0,3098.2,1139.19
ORD-10907,2025-12-15,2025-12-20,Standard Class,CUST-0155,Customer 155,South,Technology,Printer,2.0,826.95,0.3,1157.73,-194.8
ORD-10908,2025-08-18,2025-08-19,Standard Class,CUST-0081,Customer 81,West,Office Supplies,Stapler,11.0,1034.18,0.15,9669.58,2168.07
ORD-10909,2025-12-17,2025-12-23,Second Class,CUST-0071,Customer 71,West,Technology,Printer,2.0,77.85,0.0,155.7,42.14
ORD-10910,08/07/2025,2025-07-12,Standard Class,CUST-0136,Customer 136,South,Furniture,Table Lamp,5.0,845.37,0.0,4226.85,1187.17
ORD-10911,2024-12-04,2024-12-11,First Class,CUST-0027,Customer 27,South,FURNITURE,Table Lamp,2.0,988.83,0.1,1779.89,134.34
ORD-10912,2025-10-03,2025-10-09,Standard Class,CUST-0099,  Customer 99  ,east,Office Supplies,Paper,8.0,1007.17,0.15,6848.76,2392.32
ORD-10913,2024-07-20,2024-07-21,Same Day,CUST-0140,Customer 140,South,Office Supplies,Paper,2.0,445.5,0.0,891.0,406.69
ORD-10914,2025-10-28,2025-10-31,Second Class,CUST-0136,Customer 136,South,Technology,Wireless Mouse,6.0,345.05,0.0,2070.3,726.56
ORD-10915,26/08/2025,2025-08-29,First Class,CUST-0089,Customer 89,West,Furniture,Table Lamp,9.0,1196.02,0.0,10764.18,3919.34
ORD-10916,2025-01-01,2025-01-07,Standard Class,CUST-0003,Customer 3,East,Furniture,Desk,5.0,521.06,0.0,2605.3,528.43
ORD-10917,2024-03-20,2024-03-27,First Class,CUST-0098,Customer 98,East,FURNITURE,Desk,1.0,165.33,0.0,165.33,35.9
ORD-10918,2024-04-22,2024-04-25,Second Class,CUST-0018,Customer 18,North,Office Supplies,Binder,4.0,484.69,0.0,1938.76,379.01
ORD-10919,05/11/2024,2024-11-06,Standard Class,CUST-0063,Customer 63,South,Furniture,Chair,4.0,168.08,0.2,537.86,189.85
ORD-10920,17/01/2025,2025-01-18,Same Day,CUST-0106,Customer 106,West,Furniture,Table Lamp,2.0,752.88,0.0,1505.76,716.69
ORD-10921,2025-05-16,2025-05-22,First Class,CUST-0142,Customer 142,North,Furniture,Chair,1.0,689.38,0.0,689.38,321.58
ORD-10922,2024-09-11,2024-09-12,First Class,CUST-0110,Customer 110,East,Furniture,Chair,10.0,876.44,0.0,8764.4,4024.89
ORD-10923,2024-01-17,2024-01-22,Second Class,CUST-0106,Customer 106,West,Technology,Laptop,11.0,452.59,0.0,4978.49,1552.6
ORD-10924,2024-05-24,2024-05-31,Same Day,CUST-0171,Customer 171,North,TECHNOLOGY,Printer,9.0,1014.45,0.15,7760.54,1822.63
ORD-10925,2025-01-11,2025-01-14,Second Class,CUST-0179,Customer 179,West,Office Supplies,Paper,2.0,444.42,0.0,888.84,418.03
ORD-10926,2024-10-27,2024-10-31,Same Day,CUST-0117,Customer 117,North,Furniture,Table Lamp,7.0,916.39,0.0,6414.73,2911.43
ORD-10927,2025-12-22,2025-12-23,Standard Class,CUST-0088,Customer 88,South,FURNITURE,Chair,1.0,440.44,0.1,396.4,123.5
ORD-10928,04/01/2024,2024-01-07,First Class,CUST-0200,Customer 200,West,Technology,Laptop,11.0,644.09,0.0,7084.99,2829.58
ORD-10929,2025-04-22,2025-04-24,Same Day,CUST-0054,Customer 54,South,Office Supplies,Binder,3.0,398.39,0.0,1195.17,197.31
ORD-10930,2024-05-18,2024-05-20,First Class,CUST-0197,Customer 197,South,Furniture,Desk,8.0,192.27,0.0,1538.16,424.44
ORD-10931,2025-07-13,2025-07-19,Second Class,CUST-0124,Customer 124,South,Technology,Monitor,9.0,395.0,0.2,2844.0,154.21
ORD-10932,2024-07-25,2024-07-29,Standard Class,CUST-0172,Customer 172,North,FURNITURE,Desk,11.0,509.91,0.0,5609.01,1918.57
ORD-10933,2024-05-23,2024-05-27,Second Class,CUST-0074,Customer 74,North,Furniture,Desk,11.0,828.76,0.0,9116.36,3469.82
ORD-10934,15/03/2025,2025-03-20,Same Day,CUST-0106,Customer 106,West,Office Supplies,Stapler,8.0,554.94,0.0,4439.52,1134.34
ORD-10935,19/01/2025,2025-01-24,First Class,CUST-0026,  Customer 26  ,East,Technology,Printer,5.0,516.6,0.0,2583.0,395.93
ORD-10936,10/11/2024,2024-11-15,First Class,CUST-0146,Customer 146,West,Office Supplies,Binder,11.0,48.87,0.0,537.57,116.12
ORD-10937,2025-07-24,2025-07-29,Standard Class,CUST-0106,Customer 106,West,Furniture,Chair,9.0,864.75,0.0,7782.75,2194.69
ORD-10938,2024-05-22,2024-05-26,Same Day,CUST-0116,Customer 116,East,Furniture,Chair,10.0,585.73,0.0,5857.3,2076.66
ORD-10939,14/08/2024,2024-08-18,Second Class,CUST-0114,Customer 114,South,Furniture,Table Lamp,6.0,1187.77,0.0,7126.62,2320.33
ORD-10940,2025-05-09,2025-05-11,Same Day,CUST-0133,Customer 133,North,Furniture,Chair,10.0,477.94,0.0,4779.4,2337.19
ORD-10941,20/07/2024,2024-07-22,First Class,CUST-0035,Customer 35,West,Furniture,Desk,9.0,461.48,0.0,4153.32,1716.62
ORD-10942,2024-05-22,2024-05-24,First Class,CUST-0069,Customer 69,North,Technology,Printer,5.0,526.45,0.0,2632.25,1117.15
ORD-10943,2024-06-15,2024-06-19,Second Class,CUST-0093,Customer 93,West,Furniture,Bookcase,6.0,140.55,0.0,843.3,329.68
ORD-10944,2024-12-23,2024-12-24,Standard Class,CUST-0110,Customer 110,East,Technology,Wireless Mouse,11.0,983.11,0.0,10814.21,4074.48
ORD-10945,2024-01-17,2024-01-19,Second Class,CUST-0143,Customer 143,South,Technology,Wireless Mouse,8.0,1006.61,0.0,8052.88,2222.39
ORD-10946,2024-05-01,2024-05-04,First Class,CUST-0162,Customer 162,East,Furniture,Table Lamp,2.0,113.95,0.2,182.32,-8.49
ORD-10947,2024-08-03,2024-08-10,First Class,CUST-0084,Customer 84,West,Technology,Laptop,10.0,249.64,0.0,2496.4,936.26
ORD-10948,2024-03-21,2024-03-25,Standard Class,CUST-0118,Customer 118,North,Office Supplies,Stapler,10.0,581.22,0.0,5812.2,1105.94
ORD-10949,2024-04-24,2024-04-30,Second Class,CUST-0106,Customer 106,West,Furniture,Desk,8.0,546.68,0.15,3717.42,1416.46
ORD-10950,02/12/2024,2024-12-03,Standard Class,CUST-0043,Customer 43,East,Furniture,Chair,9.0,269.44,0.0,2424.96,1190.57
ORD-10951,2024-10-12,2024-10-18,First Class,CUST-0018,Customer 18,North,Office Supplies,Stapler,3.0,789.42,0.1,2131.43,898.12
ORD-10952,2024-03-04,2024-03-06,Same Day,CUST-0188,Customer 188,South,Office Supplies,Binder,6.0,1007.16,0.0,6042.96,1954.09
ORD-10953,2025-11-23,2025-11-30,First Class,CUST-0045,Customer 45,North,Technology,Monitor,10.0,865.03,0.2,6920.24,-153.38
ORD-10954,2025-08-10,2025-08-16,Standard Class,CUST-0068,Customer 68,South,Furniture,Table Lamp,4.0,775.03,0.0,3100.12,502.83
ORD-10955,2024-02-26,2024-03-02,Second Class,CUST-0162,Customer 162,East,Technology,Wireless Mouse,6.0,198.39,0.1,1071.31,439.12
ORD-10956,2025-06-01,2025-06-08,Standard Class,CUST-0037,Customer 37,West,Furniture,Desk,1.0,192.34,0.15,163.49,3.23
ORD-10957,2025-04-13,2025-04-18,Same Day,CUST-0016,Customer 16,west,Office Supplies,Paper,6.0,640.14,0.1,3456.76,879.33
ORD-10958,23/09/2025,2025-09-29,Same Day,CUST-0074,Customer 74,North,Furniture,Desk,9.0,136.33,0.0,1226.97,534.34
ORD-10959,2024-07-14,2024-07-18,Second Class,CUST-0098,Customer 98,East,Technology,Monitor,5.0,303.54,0.0,1517.7,250.17
ORD-10960,03/10/2024,2024-10-08,First Class,CUST-0081,Customer 81,West,Office Supplies,Stapler,10.0,515.77,0.0,5157.7,2306.41
ORD-10961,2025-10-02,2025-10-07,Same Day,CUST-0016,Customer 16,West,Office Supplies,Pens (Box),10.0,1057.56,0.0,10575.6,4236.34
ORD-10962,2024-12-27,2024-12-28,Same Day,CUST-0186,Customer 186,South,Technology,Printer,6.0,828.13,0.1,4471.9,388.83
ORD-10963,2024-03-15,2024-03-19,Same Day,CUST-0174,Customer 174,east,Technology,Wireless Mouse,4.0,602.36,0.0,2409.44,409.68
ORD-10964,2025-04-11,2025-04-18,Second Class,CUST-0172,Customer 172,North,Technology,Monitor,2.0,626.46,0.0,1252.92,245.29
ORD-10965,2024-07-22,2024-07-23,Second Class,CUST-0197,  Customer 197  ,South,Technology,Laptop,3.0,666.31,0.1,1799.04,183.09
ORD-10966,2024-07-26,2024-07-28,Second Class,CUST-0171,  Customer 171  ,north,Furniture,Bookcase,10.0,249.35,0.0,2493.5,482.48
ORD-10967,2025-03-22,2025-03-24,Standard Class,CUST-0055,Customer 55,south,Technology,Printer,8.0,1047.03,0.1,7538.62,1142.62
ORD-10968,2024-04-03,2024-04-07,First Class,CUST-0130,Customer 130,East,Technology,Monitor,2.0,1171.61,0.0,2343.22,1059.54
ORD-10969,04/12/2024,2024-12-06,Standard Class,CUST-0071,Customer 71,West,Furniture,Chair,2.0,723.34,0.1,1302.01,177.04
ORD-10970,27/04/2024,2024-04-29,Standard Class,CUST-0105,Customer 105,West,Technology,Wireless Mouse,10.0,253.18,0.0,2531.8,801.01
ORD-10971,2024-11-03,2024-11-04,Second Class,CUST-0051,Customer 51,West,Office Supplies,Stapler,11.0,254.46,0.0,2799.06,1192.0
ORD-10972,2025-11-22,2025-11-25,Standard Class,CUST-0084,  Customer 84  ,West,Technology,Monitor,6.0,643.47,0.0,3860.82,1322.64
ORD-10973,2024-10-28,2024-11-03,Second Class,CUST-0141,Customer 141,West,Office Supplies,Stapler,8.0,412.78,0.0,3302.24,877.35
ORD-10974,2024-03-24,2024-03-31,Second Class,CUST-0171,Customer 171,North,Office Supplies,Paper,4.0,477.02,0.0,1908.08,862.91
ORD-10975,2024-03-29,2024-04-02,Same Day,CUST-0131,  Customer 131  ,East,Technology,Monitor,2.0,1100.41,0.0,2200.82,801.13
ORD-10976,2025-02-23,2025-03-01,Same Day,CUST-0050,Customer 50,West,Office Supplies,Pens (Box),3.0,596.4,0.2,1431.36,12.0
ORD-10977,22/09/2024,2024-09-28,Standard Class,CUST-0047,Customer 47,South,Furniture,Chair,2.0,829.67,0.0,1659.34,432.59
ORD-10978,24/12/2024,2024-12-30,Second Class,CUST-0064,Customer 64,West,Furniture,Desk,11.0,331.89,0.1,3285.71,506.16
ORD-10979,2024-08-30,2024-09-05,First Class,CUST-0174,Customer 174,East,Office Supplies,Pens (Box),6.0,856.88,0.0,5141.28,1241.13
ORD-10980,2025-09-16,2025-09-22,Same Day,CUST-0174,Customer 174,East,Furniture,Bookcase,5.0,303.18,0.1,1364.31,100.22
ORD-10981,2024-01-06,2024-01-07,Same Day,CUST-0013,Customer 13,East,Technology,Laptop,7.0,1190.17,0.0,8331.19,3830.18
ORD-10982,29/06/2024,2024-07-06,Same Day,CUST-0183,Customer 183,South,Furniture,Desk,6.0,420.47,0.1,2270.54,598.32
ORD-10983,2024-12-01,2024-12-02,Second Class,CUST-0125,  Customer 125  ,West,Office Supplies,Paper,11.0,1066.76,0.0,11734.36,3160.41
ORD-10984,2025-04-30,2025-05-01,Standard Class,CUST-0152,Customer 152,South,Technology,Monitor,8.0,1019.74,0.0,8157.92,1658.03
ORD-10985,19/02/2024,2024-02-22,Second Class,CUST-0176,Customer 176,South,Technology,Monitor,6.0,452.04,0.0,2712.24,487.67
ORD-10986,2025-07-18,2025-07-23,First Class,CUST-0140,Customer 140,South,TECHNOLOGY,Wireless Mouse,11.0,53.68,0.2,472.38,167.5
ORD-10987,2024-05-29,2024-05-31,Standard Class,CUST-0002,Customer 2,West,Technology,Wireless Mouse,9.0,182.39,0.0,1641.51,388.65
ORD-10988,2025-04-20,2025-04-22,Second Class,CUST-0143,Customer 143,South,Technology,Printer,10.0,256.67,0.0,2566.7,412.88
ORD-10989,16/07/2024,2024-07-17,Standard Class,CUST-0159,  Customer 159  ,east,Furniture,Table Lamp,3.0,414.21,0.3,869.84,116.88
ORD-10990,2024-07-19,2024-07-23,Second Class,CUST-0118,Customer 118,North,Furniture,Chair,4.0,1190.9,0.1,4287.24,1820.97
ORD-10991,2024-07-18,2024-07-25,Standard Class,CUST-0070,Customer 70,South,Furniture,Desk,2.0,706.54,0.0,1413.08,339.13
ORD-10992,2025-01-13,2025-01-14,First Class,CUST-0063,Customer 63,South,Furniture,Table Lamp,8.0,314.31,0.15,2137.31,848.8
ORD-10993,2025-11-06,2025-11-07,Same Day,CUST-0019,  Customer 19  ,West,Office Supplies,Pens (Box),4.0,1036.87,0.0,4147.48,854.56
ORD-10994,2025-09-15,2025-09-16,Second Class,CUST-0039,Customer 39,south,Furniture,Desk,5.0,177.78,0.15,755.56,239.64
ORD-10995,2025-06-08,2025-06-13,Same Day,CUST-0145,Customer 145,west,Technology,Laptop,2.0,1133.45,0.0,2266.9,585.73
ORD-10996,2025-10-17,2025-10-19,First Class,CUST-0094,Customer 94,South,Technology,Printer,9.0,840.68,0.0,7566.12,2074.52
ORD-10997,11/01/2024,2024-01-18,Second Class,CUST-0064,Customer 64,West,Technology,Laptop,7.0,535.07,0.1,3370.94,228.03
ORD-10998,2025-07-01,2025-07-05,Standard Class,CUST-0082,Customer 82,South,Office Supplies,Stapler,7.0,217.77,0.0,1524.39,624.91
ORD-10999,2024-10-24,2024-10-28,Second Class,CUST-0072,Customer 72,North,Office Supplies,Pens (Box),10.0,618.87,0.0,6188.7,1593.33
ORD-11000,2024-09-11,2024-09-12,Second Class,CUST-0102,Customer 102,North,Office Supplies,Pens (Box),9.0,297.06,0.0,2673.54,1249.42
ORD-11001,2024-02-27,2024-02-28,First Class,CUST-0065,Customer 65,South,Furniture,Table Lamp,2.0,329.68,0.0,659.36,160.72
ORD-11002,20/03/2024,2024-03-23,First Class,CUST-0182,Customer 182,north,FURNITURE,Chair,6.0,17.08,0.1,92.23,31.79
ORD-11003,2025-11-17,2025-11-19,Standard Class,CUST-0194,Customer 194,South,Furniture,Chair,11.0,154.83,0.0,1703.13,343.9
ORD-11004,2024-07-18,2024-07-20,Same Day,CUST-0030,Customer 30,South,Technology,Wireless Mouse,4.0,8.43,0.0,33.72,16.71
ORD-11005,2025-03-20,2025-03-21,First Class,CUST-0168,Customer 168,North,Technology,Printer,7.0,245.9,0.1,1549.17,280.5
ORD-11006,2025-08-01,2025-08-04,Same Day,CUST-0054,Customer 54,South,Technology,Printer,3.0,319.18,0.0,957.54,243.35
ORD-11007,21/06/2025,2025-06-26,Standard Class,CUST-0034,Customer 34,East,Technology,Printer,1.0,982.81,0.0,982.81,374.78
ORD-11008,19/01/2024,2024-01-24,Same Day,CUST-0061,Customer 61,west,Furniture,Chair,4.0,1100.38,0.0,4401.52,1182.99
ORD-11009,2025-07-27,2025-08-03,First Class,CUST-0149,Customer 149,West,Office Supplies,Stapler,6.0,627.5,0.0,3765.0,1092.14
ORD-11010,2024-08-30,2024-09-06,Second Class,CUST-0013,  Customer 13  ,East,Furniture,Desk,5.0,1060.82,0.0,5304.1,1074.85
ORD-11011,2024-01-09,2024-01-12,Standard Class,CUST-0027,Customer 27,South,Office Supplies,Pens (Box),9.0,575.01,0.0,5175.09,1057.43
ORD-11012,2024-11-13,2024-11-20,Same Day,CUST-0054,Customer 54,South,Technology,Printer,6.0,821.25,0.0,4927.5,1712.35
ORD-11013,2024-01-29,2024-02-04,First Class,CUST-0095,Customer 95,West,Furniture,Chair,6.0,794.34,0.15,4051.13,677.61
ORD-11014,2025-11-18,2025-11-23,Second Class,CUST-0035,Customer 35,West,FURNITURE,Desk,1.0,1063.74,0.0,1063.74,354.84
ORD-11015,2025-06-14,2025-06-17,Second Class,CUST-0053,Customer 53,South,Furniture,Chair,10.0,982.69,0.0,9826.9,3952.34
ORD-11016,2025-02-10,2025-02-11,Standard Class,CUST-0097,Customer 97,North,Technology,Printer,7.0,284.75,0.0,1993.25,313.48
ORD-11017,2024-11-09,2024-11-11,Standard Class,CUST-0130,Customer 130,East,Technology,Wireless Mouse,6.0,204.32,0.0,1225.92,352.95
ORD-11018,2024-08-15,2024-08-20,First Class,CUST-0014,  Customer 14  ,West,Technology,Wireless Mouse,10.0,758.25,0.0,7582.5,1564.2
ORD-11019,2024-10-13,2024-10-16,Standard Class,CUST-0200,Customer 200,West,Office Supplies,Stapler,7.0,542.1,0.0,3794.7,1393.94
ORD-11020,2024-10-11,2024-10-12,First Class,CUST-0171,Customer 171,North,Furniture,Desk,1.0,46.31,0.0,46.31,10.97
ORD-11021,23/03/2025,2025-03-30,Standard Class,CUST-0129,Customer 129,East,Office Supplies,Stapler,6.0,1025.63,0.1,5538.4,2249.82
ORD-11022,2025-08-01,2025-08-04,Standard Class,CUST-0151,Customer 151,West,Office Supplies,Stapler,3.0,401.61,0.0,1204.83,449.71
ORD-11023,2025-07-17,2025-07-21,Standard Class,CUST-0018,Customer 18,north,FURNITURE,Table Lamp,2.0,122.6,0.0,245.2,77.47
ORD-11024,2024-07-16,2024-07-22,Standard Class,CUST-0047,Customer 47,South,Furniture,Chair,5.0,933.98,0.2,3735.92,684.52
ORD-11025,13/07/2024,2024-07-18,First Class,CUST-0009,Customer 9,north,Office Supplies,Binder,10.0,499.32,0.0,4993.2,2419.75
ORD-11026,2024-08-19,2024-08-23,Same Day,CUST-0143,  Customer 143  ,South,Office Supplies,Stapler,8.0,773.25,0.15,5258.1,1134.88
ORD-11027,09/02/2024,2024-02-13,First Class,CUST-0112,Customer 112,West,Technology,Laptop,4.0,701.67,0.0,2806.68,443.49
ORD-11028,2025-02-03,2025-02-04,Second Class,CUST-0121,Customer 121,South,Office Supplies,Binder,1.0,429.12,0.1,386.21,114.48
ORD-11029,2025-04-12,2025-04-18,First Class,CUST-0196,Customer 196,North,Technology,Monitor,1.0,788.15,0.0,788.15,269.11
ORD-11030,2024-09-30,2024-10-02,First Class,CUST-0025,Customer 25,West,Furniture,Table Lamp,4.0,395.81,0.1,1424.92,310.9
ORD-11031,2024-12-21,2024-12-24,Second Class,CUST-0118,Customer 118,North,Technology,Printer,9.0,232.1,0.0,2088.9,928.86
ORD-11032,2024-10-04,2024-10-05,Same Day,CUST-0163,Customer 163,South,Furniture,Desk,10.0,1062.54,0.1,9562.86,2292.94
ORD-11033,2024-03-16,2024-03-17,First Class,CUST-0144,Customer 144,South,Technology,Wireless Mouse,9.0,205.68,0.0,1851.12,706.52
ORD-11034,2025-04-07,2025-04-10,First Class,CUST-0179,Customer 179,West,Technology,Laptop,9.0,232.16,0.0,2089.44,336.02
ORD-11035,2025-06-20,2025-06-21,First Class,CUST-0115,Customer 115,East,Office Supplies,Binder,6.0,44.92,0.0,269.52,82.09
ORD-11036,2025-06-27,2025-07-03,Same Day,CUST-0099,Customer 99,East,OFFICE SUPPLIES,Stapler,1.0,595.24,0.0,595.24,243.98
ORD-11037,2025-10-12,2025-10-19,First Class,CUST-0190,Customer 190,South,Technology,Wireless Mouse,2.0,71.82,0.0,143.64,22.38
ORD-11038,11/06/2025,2025-06-16,Standard Class,CUST-0121,Customer 121,South,Technology,Wireless Mouse,2.0,410.41,0.0,820.82,387.49
ORD-11039,2025-02-25,2025-03-02,Second Class,CUST-0006,Customer 6,West,Technology,Printer,3.0,1144.43,0.3,2403.3,240.92
ORD-11040,2024-09-02,2024-09-04,Standard Class,CUST-0098,Customer 98,East,Furniture,Chair,1.0,283.88,0.0,283.88,120.58
ORD-11041,2024-08-10,2024-08-13,Second Class,CUST-0073,Customer 73,South,Furniture,Table Lamp,10.0,106.84,0.0,1068.4,336.59
ORD-11042,18/04/2025,2025-04-21,Second Class,CUST-0052,  Customer 52  ,North,Office Supplies,Paper,6.0,678.36,0.1,3663.14,819.97
ORD-11043,2025-06-12,2025-06-17,Same Day,CUST-0013,Customer 13,East,Technology,Laptop,3.0,602.58,0.0,1807.74,696.19
ORD-11044,2025-04-21,2025-04-27,Same Day,CUST-0090,Customer 90,West,Office Supplies,Paper,10.0,480.34,0.15,4082.89,105.39
ORD-11045,2024-12-12,2024-12-15,Same Day,CUST-0159,Customer 159,East,Technology,Printer,3.0,732.29,,2196.87,619.91
ORD-11046,2024-04-22,2024-04-29,First Class,CUST-0016,Customer 16,West,OFFICE SUPPLIES,Paper,3.0,153.06,0.2,367.34,135.52
ORD-11047,2024-02-22,2024-02-26,First Class,CUST-0189,Customer 189,North,OFFICE SUPPLIES,Binder,4.0,634.88,0.1,2285.57,733.9
ORD-11048,2025-08-13,2025-08-15,First Class,CUST-0185,Customer 185,South,Furniture,Bookcase,10.0,1184.87,0.0,11848.7,2826.13
ORD-11049,2024-02-03,2024-02-08,Standard Class,CUST-0044,Customer 44,South,Technology,Monitor,9.0,900.93,0.15,6892.11,1846.57
ORD-11050,2025-07-02,2025-07-06,Second Class,CUST-0097,Customer 97,North,Office Supplies,Stapler,7.0,950.25,0.0,6651.75,2141.52
ORD-11051,2025-05-26,2025-05-28,Second Class,CUST-0060,Customer 60,East,Furniture,Desk,3.0,1095.0,0.0,3285.0,521.77
ORD-11052,2025-05-23,2025-05-30,First Class,CUST-0185,Customer 185,South,Office Supplies,Stapler,3.0,774.53,0.1,2091.23,192.99
ORD-11053,31/07/2024,2024-08-05,Same Day,CUST-0090,Customer 90,West,Furniture,Table Lamp,3.0,851.32,0.0,2553.96,786.64
ORD-11054,2025-06-12,2025-06-19,First Class,CUST-0134,Customer 134,East,Office Supplies,Pens (Box),10.0,858.59,0.1,7727.31,758.78
ORD-11055,2024-07-12,2024-07-15,Same Day,CUST-0040,Customer 40,East,Office Supplies,Binder,2.0,760.19,0.1,1368.34,354.21
ORD-11056,2025-10-25,2025-10-29,Second Class,CUST-0165,Customer 165,South,Furniture,Desk,3.0,431.37,0.0,1294.11,385.99
ORD-11057,2025-08-14,2025-08-18,First Class,CUST-0156,Customer 156,East,Furniture,Table Lamp,7.0,647.73,0.0,4534.11,1318.64
ORD-11058,2024-06-30,2024-07-05,Same Day,CUST-0019,Customer 19,West,Office Supplies,Binder,8.0,1141.71,0.0,9133.68,4480.08
ORD-11059,2025-02-21,2025-02-23,Second Class,CUST-0008,Customer 8,East,Furniture,Table Lamp,9.0,847.67,0.3,5340.32,-1052.45
ORD-11060,2025-04-04,2025-04-08,Standard Class,CUST-0033,  Customer 33  ,North,Office Supplies,Binder,11.0,719.31,0.0,7912.41,3941.85
ORD-11061,21/04/2024,2024-04-27,Same Day,CUST-0046,  Customer 46  ,west,Furniture,Chair,3.0,1088.81,0.0,3266.43,722.17
ORD-11062,2025-09-22,2025-09-26,First Class,CUST-0183,Customer 183,South,Technology,Monitor,10.0,891.75,0.1,8025.75,753.07
ORD-11063,2024-07-04,2024-07-05,First Class,CUST-0040,Customer 40,East,Technology,Laptop,10.0,548.08,0.15,4658.68,1814.99
ORD-11064,2025-12-13,2025-12-19,Same Day,CUST-0096,Customer 96,South,Technology,Laptop,11.0,11.57,0.1,114.54,40.06
ORD-11065,2025-01-05,2025-01-12,Same Day,CUST-0151,Customer 151,West,Technology,Printer,1.0,37.19,0.0,37.19,5.75
ORD-11066,2024-03-14,2024-03-19,First Class,CUST-0191,Customer 191,East,Office Supplies,Binder,7.0,629.0,0.0,4403.0,1814.6
ORD-11067,2025-01-23,2025-01-25,First Class,CUST-0057,  Customer 57  ,East,OFFICE SUPPLIES,Pens (Box),1.0,278.58,0.0,278.58,127.21
ORD-11068,2025-06-23,2025-06-24,Standard Class,CUST-0170,Customer 170,North,FURNITURE,Chair,9.0,1064.99,0.2,7667.93,660.77
ORD-11069,2024-08-27,2024-08-30,Second Class,CUST-0097,  Customer 97  ,North,Furniture,Desk,3.0,1154.54,,2424.53,229.73
ORD-11070,2025-12-16,2025-12-17,Standard Class,CUST-0094,Customer 94,South,Technology,Monitor,11.0,269.36,0.0,2962.96,1036.21
ORD-11071,18/11/2024,2024-11-20,Same Day,CUST-0198,Customer 198,North,Technology,Monitor,10.0,172.73,0.0,1727.3,617.82
ORD-11072,2024-02-15,2024-02-19,Same Day,CUST-0084,Customer 84,west,Furniture,Desk,2.0,455.24,,773.91,89.33
ORD-11073,2024-10-17,2024-10-21,Standard Class,CUST-0081,Customer 81,West,Technology,Laptop,8.0,800.08,0.0,6400.64,2520.23
ORD-11074,2024-06-15,2024-06-21,Same Day,CUST-0059,Customer 59,East,Technology,Monitor,9.0,1192.19,0.0,10729.71,1775.11
ORD-11075,2024-05-02,2024-05-08,Standard Class,CUST-0103,Customer 103,West,OFFICE SUPPLIES,Binder,9.0,253.76,0.0,2283.84,537.02
ORD-11076,2024-08-27,2024-08-31,Same Day,CUST-0091,Customer 91,South,Furniture,Chair,11.0,578.41,0.0,6362.51,1317.47
ORD-11077,2025-07-25,2025-07-26,Same Day,CUST-0043,Customer 43,East,Office Supplies,Paper,3.0,577.26,0.0,1731.78,723.49
ORD-11078,2025-02-21,2025-02-28,First Class,CUST-0065,Customer 65,South,Office Supplies,Binder,10.0,79.45,0.0,794.5,384.8
ORD-11079,2025-05-28,2025-06-02,Standard Class,CUST-0052,  Customer 52  ,North,TECHNOLOGY,Laptop,4.0,181.06,0.3,506.97,-3.28
ORD-11080,2025-10-16,2025-10-19,First Class,CUST-0002,  Customer 2  ,West,OFFICE SUPPLIES,Pens (Box),7.0,462.34,0.1,2912.74,1034.15
ORD-11081,2025-12-12,2025-12-19,Same Day,CUST-0030,Customer 30,South,Technology,Printer,1.0,1146.86,0.15,974.83,284.66
ORD-11082,13/09/2025,2025-09-20,Standard Class,CUST-0081,Customer 81,West,Office Supplies,Binder,10.0,368.99,0.0,3689.9,985.37
ORD-11083,15/07/2024,2024-07-20,Same Day,CUST-0104,Customer 104,North,Technology,Laptop,4.0,813.75,0.0,3255.0,1362.36
ORD-11084,2025-06-04,2025-06-08,First Class,CUST-0019,Customer 19,West,Technology,Monitor,4.0,919.73,0.0,3678.92,742.41
ORD-11085,2024-02-28,2024-03-05,Standard Class,CUST-0185,Customer 185,South,Technology,Monitor,9.0,875.32,0.0,7877.88,2399.06
ORD-11086,13/08/2025,2025-08-17,Standard Class,CUST-0098,Customer 98,East,Office Supplies,Stapler,11.0,894.41,0.15,8362.73,156.59
ORD-11087,2024-01-16,2024-01-23,Standard Class,CUST-0046,  Customer 46  ,west,Furniture,Table Lamp,7.0,541.91,0.0,3793.37,837.14
ORD-11088,2024-05-23,2024-05-25,First Class,CUST-0077,Customer 77,South,Technology,Printer,8.0,643.79,0.0,5150.32,1667.09
ORD-11089,05/10/2025,2025-10-12,Same Day,CUST-0117,Customer 117,North,Office Supplies,Paper,8.0,433.28,0.0,3466.24,1593.01
ORD-11090,2024-07-07,2024-07-09,Standard Class,CUST-0145,Customer 145,West,Technology,Monitor,5.0,526.52,0.1,2369.34,724.26
ORD-11091,2024-09-12,2024-09-16,Second Class,CUST-0192,Customer 192,East,Technology,Wireless Mouse,3.0,393.29,0.0,1179.87,317.86
ORD-11092,2024-12-25,2024-12-28,Same Day,CUST-0104,Customer 104,North,Office Supplies,Stapler,1.0,956.19,0.3,669.33,147.5
ORD-11093,2025-01-28,2025-02-04,Same Day,CUST-0139,Customer 139,South,Office Supplies,Pens (Box),8.0,452.29,0.0,3618.32,1802.02
ORD-11094,31/01/2025,2025-02-05,First Class,CUST-0038,Customer 38,West,Office Supplies,Binder,7.0,53.43,0.0,374.01,105.41
ORD-11095,26/10/2025,2025-10-31,Same Day,CUST-0194,Customer 194,South,Office Supplies,Pens (Box),8.0,723.72,0.15,4921.3,1888.09
ORD-11096,22/05/2024,2024-05-28,Standard Class,CUST-0130,Customer 130,East,Office Supplies,Binder,3.0,260.55,0.0,781.65,247.53
ORD-11097,2025-07-25,2025-08-01,Same Day,CUST-0051,Customer 51,West,TECHNOLOGY,Printer,2.0,37.13,0.0,74.26,32.14
ORD-11098,2024-05-23,2024-05-30,Second Class,CUST-0186,Customer 186,south,Furniture,Chair,9.0,451.75,0.0,4065.75,920.16
ORD-11099,03/12/2024,2024-12-08,First Class,CUST-0101,Customer 101,West,TECHNOLOGY,Wireless Mouse,6.0,1016.56,0.0,6099.36,2430.83
ORD-11100,2025-12-21,2025-12-28,First Class,CUST-0029,Customer 29,East,Furniture,Desk,8.0,1055.52,0.0,8444.16,1896.86
ORD-11101,2025-03-22,2025-03-23,Second Class,CUST-0073,Customer 73,South,TECHNOLOGY,Printer,6.0,1024.83,0.0,6148.98,1917.27
ORD-11102,03/06/2025,2025-06-10,First Class,CUST-0164,Customer 164,South,Technology,Wireless Mouse,10.0,65.89,0.15,560.06,39.97
ORD-11103,2024-09-23,2024-09-30,First Class,CUST-0014,Customer 14,West,Furniture,Table Lamp,7.0,70.23,0.0,491.61,137.59
ORD-11104,2025-11-01,2025-11-03,Same Day,CUST-0034,Customer 34,East,Furniture,Table Lamp,7.0,30.15,0.0,211.05,53.09
ORD-11105,2024-02-06,2024-02-07,First Class,CUST-0001,  Customer 1  ,North,Technology,Monitor,8.0,736.53,0.1,5303.02,874.82
ORD-11106,2025-11-11,2025-11-14,First Class,CUST-0099,Customer 99,East,Office Supplies,Paper,2.0,1096.68,0.1,1974.02,787.74
ORD-11107,26/01/2025,2025-01-31,First Class,CUST-0020,Customer 20,South,Furniture,Chair,5.0,324.17,0.15,1377.72,485.35
ORD-11108,2024-02-27,2024-03-04,First Class,CUST-0079,Customer 79,East,Technology,Printer,1.0,1089.88,0.0,1089.88,370.88
ORD-11109,15/08/2025,2025-08-21,Same Day,CUST-0065,  Customer 65  ,South,Office Supplies,Pens (Box),6.0,639.93,0.0,3839.58,1822.24
ORD-11110,2024-10-09,2024-10-12,Second Class,CUST-0192,Customer 192,East,FURNITURE,Desk,3.0,339.65,0.0,1018.95,289.07
ORD-11111,2024-05-28,2024-05-29,First Class,CUST-0102,Customer 102,North,Furniture,Table Lamp,10.0,1165.15,0.0,11651.5,4492.16
ORD-11112,2025-11-10,2025-11-13,Second Class,CUST-0148,Customer 148,North,TECHNOLOGY,Monitor,11.0,878.2,0.0,9660.2,1557.07
ORD-11113,27/07/2024,2024-08-01,First Class,CUST-0067,Customer 67,west,Furniture,Bookcase,5.0,257.79,0.15,1095.61,288.2
ORD-11114,2025-04-13,2025-04-14,First Class,CUST-0119,Customer 119,North,Office Supplies,Pens (Box),3.0,588.46,0.0,1765.38,325.41
ORD-11115,2024-01-14,2024-01-17,First Class,CUST-0033,Customer 33,North,Furniture,Bookcase,10.0,70.06,0.0,700.6,218.66
ORD-11116,04/04/2024,2024-04-09,First Class,CUST-0031,Customer 31,south,Technology,Monitor,4.0,49.04,0.0,196.16,32.65
ORD-11117,2024-08-31,2024-09-05,First Class,CUST-0197,Customer 197,South,Technology,Wireless Mouse,5.0,851.56,0.0,4257.8,1717.4
ORD-11118,16/10/2025,2025-10-23,Standard Class,CUST-0015,Customer 15,East,Office Supplies,Pens (Box),8.0,988.93,0.0,7911.44,3702.44
ORD-11119,29/09/2025,2025-10-03,Standard Class,CUST-0093,Customer 93,West,Office Supplies,Binder,11.0,1110.91,0.0,12220.01,2515.86
ORD-11120,2024-04-16,2024-04-19,Second Class,CUST-0184,Customer 184,east,Furniture,Bookcase,8.0,99.67,0.3,558.15,40.64
ORD-11121,17/06/2024,2024-06-23,Second Class,CUST-0070,Customer 70,South,Technology,Printer,5.0,1134.27,0.0,5671.35,2599.34
ORD-11122,2024-01-26,2024-01-27,Standard Class,CUST-0068,Customer 68,South,Office Supplies,Paper,6.0,272.96,0.0,1637.76,810.73
ORD-11123,2025-03-16,2025-03-23,Standard Class,CUST-0104,Customer 104,North,Office Supplies,Pens (Box),10.0,1078.39,0.0,10783.9,4186.37
ORD-11124,04/07/2024,2024-07-10,Standard Class,CUST-0015,Customer 15,East,Office Supplies,Stapler,4.0,388.96,0.0,1555.84,482.73
ORD-11125,2024-08-03,2024-08-09,First Class,CUST-0144,Customer 144,South,Office Supplies,Stapler,7.0,709.04,0.0,4963.28,1152.74
ORD-11126,2025-04-25,2025-04-30,Second Class,CUST-0189,Customer 189,North,Furniture,Bookcase,7.0,1003.5,0.0,7024.5,1354.52
ORD-11127,2024-04-22,2024-04-28,Second Class,CUST-0123,Customer 123,east,Furniture,Chair,2.0,241.38,0.0,482.76,157.5
ORD-11128,2024-04-27,2024-05-02,First Class,CUST-0177,Customer 177,East,Office Supplies,Pens (Box),6.0,721.26,0.2,3462.05,37.32
ORD-11129,2024-12-13,2024-12-16,Standard Class,CUST-0141,Customer 141,West,Office Supplies,Stapler,2.0,16.55,0.0,33.1,15.51
ORD-11130,2025-10-04,2025-10-10,Standard Class,CUST-0080,Customer 80,East,Technology,Wireless Mouse,5.0,983.64,0.1,4426.38,1702.07
ORD-11131,2025-01-26,2025-01-28,First Class,CUST-0007,  Customer 7  ,North,Technology,Wireless Mouse,8.0,446.46,0.0,3571.68,1174.36
ORD-11132,2025-03-16,2025-03-21,,CUST-0141,Customer 141,,Furniture,Desk,,,,2294.4,
ORD-11133,2025-03-07,2025-03-14,First Class,CUST-0160,Customer 160,West,Furniture,Desk,8.0,581.12,0.0,4648.96,2261.97
ORD-11134,04/06/2024,2024-06-07,Standard Class,CUST-0005,Customer 5,South,Technology,Laptop,8.0,220.33,0.1,1586.38,336.09
ORD-11135,30/01/2024,2024-02-03,Second Class,CUST-0052,Customer 52,north,Office Supplies,Binder,4.0,555.72,0.0,2222.88,705.8
ORD-11136,2025-10-25,2025-10-27,Same Day,CUST-0121,Customer 121,South,Technology,Monitor,5.0,605.96,0.2,2423.84,325.57
ORD-11137,2024-04-02,2024-04-03,Standard Class,CUST-0144,Customer 144,South,Furniture,Chair,9.0,320.86,0.0,2887.74,1281.42
ORD-11138,2025-07-10,2025-07-17,Second Class,CUST-0195,Customer 195,West,Technology,Wireless Mouse,3.0,134.21,0.15,342.24,36.11
ORD-11139,2025-02-21,2025-02-23,Second Class,CUST-0177,  Customer 177  ,East,Technology,Printer,8.0,33.74,,269.92,65.77
ORD-11140,20/06/2025,2025-06-21,First Class,CUST-0140,Customer 140,South,Office Supplies,Stapler,7.0,1157.52,0.15,6887.24,1073.34
ORD-11141,2025-07-22,2025-07-26,Standard Class,CUST-0155,Customer 155,South,TECHNOLOGY,Printer,6.0,75.94,0.1,410.08,68.02
ORD-11142,2024-09-21,2024-09-22,Second Class,CUST-0158,Customer 158,East,Technology,Printer,11.0,28.53,0.0,313.83,118.27
ORD-11143,2025-06-06,2025-06-09,Same Day,CUST-0037,  Customer 37  ,West,Furniture,Desk,3.0,280.1,0.1,756.27,109.28
ORD-11144,2024-03-04,2024-03-10,Same Day,CUST-0178,Customer 178,North,Office Supplies,Paper,9.0,472.58,0.0,4253.22,1629.95
ORD-11145,2025-04-19,2025-04-22,Standard Class,CUST-0102,Customer 102,North,Technology,Monitor,10.0,159.47,0.0,1594.7,269.04
ORD-11146,2025-02-06,2025-02-08,Standard Class,CUST-0099,Customer 99,East,Furniture,Table Lamp,6.0,369.89,0.0,2219.34,1067.23
ORD-11147,2025-04-08,2025-04-13,Same Day,CUST-0146,Customer 146,West,Furniture,Desk,10.0,807.18,0.0,8071.8,3411.09
ORD-11148,2024-08-22,2024-08-23,Second Class,CUST-0180,Customer 180,east,Furniture,Desk,7.0,1025.82,0.15,6103.63,216.05
ORD-11149,2025-04-27,2025-05-02,Standard Class,CUST-0175,  Customer 175  ,east,Furniture,Chair,5.0,358.44,0.15,1523.37,604.29
ORD-11150,2025-04-19,2025-04-20,,CUST-0089,Customer 89,,Technology,Wireless Mouse,,,,2280.32,
ORD-11151,13/04/2024,2024-04-15,First Class,CUST-0066,Customer 66,south,Office Supplies,Stapler,10.0,38.52,0.0,385.2,143.13
ORD-11152,2025-07-31,2025-08-05,Same Day,CUST-0062,Customer 62,East,Technology,Laptop,10.0,667.58,0.0,6675.8,2997.42
ORD-11153,2024-01-16,2024-01-22,Standard Class,CUST-0029,  Customer 29  ,East,Technology,Monitor,5.0,448.5,0.2,1794.0,28.22
ORD-11154,2024-08-06,2024-08-07,Same Day,CUST-0162,Customer 162,East,Office Supplies,Pens (Box),8.0,845.93,0.0,6767.44,1962.56
ORD-11155,2025-05-18,2025-05-24,Standard Class,CUST-0091,Customer 91,South,Office Supplies,Paper,6.0,690.77,0.15,3522.93,20.84
ORD-11156,2025-10-16,2025-10-19,Second Class,CUST-0078,  Customer 78  ,North,Technology,Monitor,9.0,923.18,0.1,7477.76,1381.12
ORD-11157,2025-11-23,2025-11-29,First Class,CUST-0088,Customer 88,South,Technology,Wireless Mouse,9.0,356.07,0.1,2884.17,467.32
ORD-11158,2024-03-18,2024-03-20,Same Day,CUST-0044,Customer 44,south,Furniture,Bookcase,6.0,169.98,0.0,1019.88,490.23
ORD-11159,2025-11-16,2025-11-23,First Class,CUST-0134,  Customer 134  ,East,OFFICE SUPPLIES,Pens (Box),1.0,1006.78,0.0,1006.78,256.04
ORD-11160,02/01/2024,2024-01-06,Second Class,CUST-0058,Customer 58,North,Technology,Laptop,8.0,598.82,0.2,3832.45,477.06
ORD-11161,2024-03-02,2024-03-04,Second Class,CUST-0058,Customer 58,North,Furniture,Bookcase,11.0,395.95,0.1,3919.9,683.87
ORD-11162,2024-08-19,2024-08-22,First Class,CUST-0132,Customer 132,East,Technology,Monitor,11.0,841.81,0.15,7870.92,2520.03
ORD-11163,2024-05-04,2024-05-05,Second Class,CUST-0037,Customer 37,west,Furniture,Desk,3.0,915.31,0.1,2471.34,352.19
ORD-11164,2025-12-24,2025-12-29,Second Class,CUST-0162,Customer 162,East,Office Supplies,Binder,2.0,786.61,0.2,1258.58,391.94
ORD-11165,2024-07-04,2024-07-06,Same Day,CUST-0128,Customer 128,West,Office Supplies,Binder,5.0,760.85,0.0,3804.25,581.38
ORD-11166,2024-12-07,2024-12-09,Same Day,CUST-0008,Customer 8,east,Technology,Monitor,4.0,636.68,0.0,2546.72,414.4
ORD-11167,01/08/2025,2025-08-02,First Class,CUST-0046,Customer 46,West,Office Supplies,Binder,11.0,805.41,0.0,8859.51,1791.78
ORD-11168,2025-05-06,2025-05-07,Second Class,CUST-0182,  Customer 182  ,North,Office Supplies,Binder,4.0,451.99,0.0,1807.96,883.91
ORD-11169,2025-05-04,2025-05-10,Standard Class,CUST-0182,Customer 182,North,Technology,Wireless Mouse,3.0,300.55,0.0,901.65,350.54
ORD-11170,2024-04-26,2024-04-27,Second Class,CUST-0118,Customer 118,North,Furniture,Bookcase,11.0,636.25,0.0,6998.75,1926.03
ORD-11171,06/01/2024,2024-01-10,Second Class,CUST-0136,Customer 136,South,Technology,Laptop,2.0,558.3,0.0,1116.6,297.97
ORD-11172,2024-06-21,2024-06-23,Same Day,CUST-0152,Customer 152,South,Office Supplies,Binder,3.0,332.06,0.0,996.18,309.84
ORD-11173,2025-02-16,2025-02-19,Same Day,CUST-0154,Customer 154,south,Office Supplies,Binder,5.0,239.36,0.15,1017.28,395.1
ORD-11174,2024-03-27,2024-04-02,First Class,CUST-0012,Customer 12,West,Office Supplies,Binder,10.0,322.81,0.0,3228.1,1442.27
ORD-11175,07/02/2025,2025-02-13,Standard Class,CUST-0037,  Customer 37  ,West,Technology,Laptop,4.0,292.91,0.15,995.89,247.4
ORD-11176,2024-11-17,2024-11-22,Same Day,CUST-0099,Customer 99,East,Furniture,Chair,1.0,611.69,0.0,611.69,131.09
ORD-11177,2025-02-19,2025-02-25,Second Class,CUST-0087,Customer 87,North,Office Supplies,Stapler,7.0,652.03,0.0,4564.21,1822.3
ORD-11178,21/10/2025,2025-10-26,Standard Class,CUST-0078,Customer 78,North,Office Supplies,Binder,3.0,1019.24,0.0,3057.72,556.05
ORD-11179,2025-06-30,2025-07-02,First Class,CUST-0161,Customer 161,West,Furniture,Desk,4.0,680.7,0.0,2722.8,463.63
ORD-11180,03/01/2024,2024-01-10,First Class,CUST-0116,Customer 116,East,Technology,Printer,4.0,874.43,0.0,3497.72,551.9
ORD-11181,2025-10-03,2025-10-06,Second Class,CUST-0026,Customer 26,East,Furniture,Chair,2.0,110.36,0.3,154.5,-8.7
ORD-11182,2024-05-27,2024-05-30,First Class,CUST-0049,Customer 49,East,Technology,Wireless Mouse,8.0,849.48,0.1,6116.26,2017.49
ORD-11183,2025-05-12,2025-05-16,Same Day,CUST-0059,Customer 59,East,Furniture,Desk,5.0,1158.34,0.1,5212.53,600.51
ORD-11184,2024-12-31,2025-01-02,First Class,CUST-0015,  Customer 15  ,East,Technology,Printer,1.0,216.33,0.0,216.33,60.1
ORD-11185,2025-04-13,2025-04-19,Same Day,CUST-0127,Customer 127,North,FURNITURE,Table Lamp,10.0,458.56,0.0,4585.6,1979.64
ORD-11186,2024-06-11,2024-06-14,Same Day,CUST-0153,Customer 153,West,Office Supplies,Binder,2.0,824.88,0.1,1484.78,463.91
ORD-11187,2025-08-12,2025-08-16,First Class,CUST-0039,Customer 39,South,FURNITURE,Table Lamp,2.0,708.6,0.1,1275.48,442.54
ORD-11188,2025-04-26,2025-05-01,First Class,CUST-0137,Customer 137,East,Furniture,Bookcase,4.0,1167.51,0.0,4670.04,1275.5
ORD-11189,2024-11-17,2024-11-19,Second Class,CUST-0157,Customer 157,North,Furniture,Desk,3.0,1185.51,0.0,3556.53,794.54
ORD-11190,07/12/2025,2025-12-10,First Class,CUST-0159,Customer 159,East,TECHNOLOGY,Laptop,2.0,824.76,0.0,1649.52,424.57
ORD-11191,2025-11-05,2025-11-12,Second Class,CUST-0085,Customer 85,East,Technology,Monitor,3.0,863.92,0.1,2332.58,739.89
ORD-11192,2025-03-13,2025-03-20,Second Class,CUST-0123,Customer 123,East,Office Supplies,Paper,6.0,132.95,0.0,797.7,257.25
ORD-11193,2025-10-26,2025-10-30,Standard Class,CUST-0142,Customer 142,North,Furniture,Chair,8.0,658.66,0.15,4478.89,772.3
ORD-11194,23/05/2024,2024-05-29,First Class,CUST-0087,Customer 87,North,Office Supplies,Pens (Box),4.0,294.46,0.15,1001.16,106.69
ORD-11195,14/08/2024,2024-08-15,Same Day,CUST-0136,Customer 136,South,Furniture,Bookcase,2.0,602.45,0.1,1084.41,286.24
ORD-11196,21/05/2025,2025-05-27,Standard Class,CUST-0082,Customer 82,South,Office Supplies,Stapler,8.0,44.95,0.0,359.6,146.91
ORD-11197,23/01/2025,2025-01-30,Standard Class,CUST-0198,Customer 198,north,Technology,Wireless Mouse,2.0,779.62,0.1,1403.32,94.06
ORD-11198,2024-08-28,2024-09-03,Second Class,CUST-0051,Customer 51,West,Technology,Laptop,2.0,851.63,0.0,1703.26,637.19
ORD-11199,2024-11-05,2024-11-06,First Class,CUST-0159,Customer 159,East,Furniture,Desk,8.0,792.62,0.0,6340.96,1149.17
ORD-11200,2025-04-23,2025-04-30,Second Class,CUST-0065,Customer 65,South,Office Supplies,Binder,9.0,702.97,0.0,6326.73,1041.07
ORD-11201,15/09/2024,2024-09-17,Second Class,CUST-0148,Customer 148,North,TECHNOLOGY,Printer,7.0,1134.47,0.1,7147.16,522.77
ORD-11202,2025-01-06,2025-01-11,Second Class,CUST-0004,Customer 4,South,Office Supplies,Pens (Box),1.0,437.8,0.3,306.46,65.96
ORD-11203,2025-08-19,2025-08-26,Second Class,CUST-0190,Customer 190,South,Office Supplies,Pens (Box),10.0,1176.56,0.15,10000.76,3908.12
ORD-11204,14/10/2024,2024-10-15,Standard Class,CUST-0006,Customer 6,West,Technology,Printer,8.0,977.33,0.0,7818.64,1595.47
ORD-11205,2024-02-23,2024-02-27,Same Day,CUST-0102,Customer 102,North,Furniture,Bookcase,5.0,10.68,0.1,48.06,15.83
ORD-11206,2025-03-30,2025-03-31,Standard Class,CUST-0009,Customer 9,north,Office Supplies,Paper,3.0,370.27,0.0,1110.81,466.43
ORD-11207,05/01/2025,2025-01-10,Standard Class,CUST-0007,Customer 7,North,Technology,Wireless Mouse,2.0,438.43,0.1,789.17,193.09
ORD-11208,29/10/2024,2024-11-03,First Class,CUST-0013,Customer 13,east,Office Supplies,Pens (Box),1.0,347.92,0.2,278.34,24.58
ORD-11209,2024-11-06,2024-11-08,Second Class,CUST-0177,Customer 177,East,Office Supplies,Paper,1.0,1006.03,0.1,905.43,275.66
ORD-11210,2024-04-13,2024-04-17,Standard Class,CUST-0107,  Customer 107  ,West,Furniture,Table Lamp,8.0,315.03,0.1,2268.22,381.69
ORD-11211,2024-10-07,2024-10-12,,CUST-0038,Customer 38,,Office Supplies,Stapler,,,,6113.46,
ORD-11212,11/01/2024,2024-01-15,Same Day,CUST-0064,Customer 64,West,Technology,Printer,8.0,937.02,0.15,6371.74,422.72
ORD-11213,2024-10-18,2024-10-25,First Class,CUST-0016,Customer 16,West,Office Supplies,Binder,5.0,481.03,0.15,2044.38,61.51
ORD-11214,2025-11-20,2025-11-22,First Class,CUST-0196,Customer 196,North,Office Supplies,Paper,9.0,1136.83,0.1,9208.32,1022.65
ORD-11215,2024-09-07,2024-09-08,Second Class,CUST-0001,Customer 1,North,Office Supplies,Binder,2.0,1037.44,0.0,2074.88,791.18
ORD-11216,2025-11-26,2025-11-29,Standard Class,CUST-0136,Customer 136,South,Furniture,Chair,8.0,673.39,0.15,4579.05,1361.21
ORD-11217,2024-04-18,2024-04-23,Second Class,CUST-0091,Customer 91,South,Office Supplies,Paper,8.0,656.86,0.15,4466.65,294.12
ORD-11218,2025-05-09,2025-05-13,Same Day,CUST-0191,Customer 191,East,Technology,Printer,1.0,436.9,0.0,436.9,181.61
ORD-11219,2024-07-21,2024-07-28,Standard Class,CUST-0160,Customer 160,West,Office Supplies,Binder,4.0,752.57,0.0,3010.28,1227.38
ORD-11220,2024-12-21,2024-12-28,First Class,CUST-0026,Customer 26,East,Technology,Laptop,9.0,467.48,0.1,3786.59,266.15
ORD-11221,2025-05-28,2025-06-04,Same Day,CUST-0071,Customer 71,west,Technology,Printer,5.0,679.73,0.0,3398.65,1698.03
ORD-11222,2024-03-01,2024-03-06,Same Day,CUST-0062,Customer 62,East,Furniture,Desk,11.0,1005.35,0.0,11058.85,3940.08
ORD-11223,04/08/2024,2024-08-08,Second Class,CUST-0081,Customer 81,West,Technology,Monitor,11.0,255.13,0.1,2525.79,161.94
ORD-11224,2025-07-02,2025-07-03,First Class,CUST-0077,Customer 77,South,Office Supplies,Binder,5.0,1091.1,0.1,4909.95,395.11
ORD-11225,2024-04-24,2024-04-26,Standard Class,CUST-0077,  Customer 77  ,South,Technology,Monitor,4.0,853.0,0.15,2900.2,422.37
ORD-11226,2025-11-16,2025-11-22,Standard Class,CUST-0027,Customer 27,south,TECHNOLOGY,Wireless Mouse,5.0,192.13,0.0,960.65,341.48
ORD-11227,2025-08-05,2025-08-12,Standard Class,CUST-0200,Customer 200,West,OFFICE SUPPLIES,Paper,5.0,642.66,0.0,3213.3,1101.54
ORD-11228,26/06/2024,2024-07-01,First Class,CUST-0170,Customer 170,North,Office Supplies,Paper,9.0,1174.25,0.3,7397.77,1335.05
ORD-11229,2024-06-03,2024-06-05,First Class,CUST-0142,Customer 142,North,Furniture,Bookcase,7.0,155.48,0.15,925.11,23.02
ORD-11230,2024-09-04,2024-09-08,Standard Class,CUST-0144,Customer 144,South,Furniture,Chair,2.0,82.79,0.0,165.58,25.4
ORD-11231,2025-07-29,2025-07-31,First Class,CUST-0143,Customer 143,South,Office Supplies,Binder,1.0,637.15,0.0,637.15,110.84
ORD-11232,2025-06-13,2025-06-20,Same Day,CUST-0167,Customer 167,South,Technology,Printer,1.0,840.52,0.0,840.52,343.78
ORD-11233,01/05/2024,2024-05-07,Same Day,CUST-0122,Customer 122,East,TECHNOLOGY,Monitor,7.0,358.62,0.0,2510.34,423.51
ORD-11234,2025-03-01,2025-03-04,Second Class,CUST-0166,Customer 166,West,Office Supplies,Pens (Box),3.0,403.37,0.0,1210.11,297.82
ORD-11235,2024-10-28,2024-10-31,Same Day,CUST-0080,Customer 80,East,Technology,Wireless Mouse,8.0,238.47,0.2,1526.21,334.51
ORD-11236,2024-11-17,2024-11-19,Same Day,CUST-0200,Customer 200,West,Furniture,Bookcase,11.0,781.44,0.2,6876.67,171.06
ORD-11237,17/08/2024,2024-08-20,Standard Class,CUST-0078,Customer 78,North,Furniture,Chair,5.0,666.81,0.0,3334.05,768.74
ORD-11238,2024-07-25,2024-08-01,Second Class,CUST-0040,Customer 40,East,Furniture,Desk,4.0,408.93,0.0,1635.72,483.77
ORD-11239,15/05/2025,2025-05-20,First Class,CUST-0157,  Customer 157  ,North,FURNITURE,Chair,10.0,115.8,0.0,1158.0,368.02
ORD-11240,2025-12-11,2025-12-13,Second Class,CUST-0145,Customer 145,West,Furniture,Bookcase,4.0,1046.27,0.0,4185.08,1739.26
ORD-11241,2024-10-22,2024-10-27,Same Day,CUST-0059,  Customer 59  ,East,Technology,Printer,7.0,282.85,0.0,1979.95,725.68
ORD-11242,2024-05-27,2024-05-29,First Class,CUST-0187,Customer 187,North,Technology,Wireless Mouse,10.0,474.47,0.3,3321.29,-196.92
ORD-11243,30/06/2025,2025-07-04,Second Class,CUST-0059,Customer 59,east,Technology,Laptop,1.0,1072.58,0.0,1072.58,321.68
ORD-11244,2025-07-05,2025-07-06,Same Day,CUST-0039,Customer 39,south,Office Supplies,Binder,11.0,613.93,0.0,6753.23,2433.3
ORD-11245,2025-12-18,2025-12-24,Standard Class,CUST-0063,Customer 63,south,TECHNOLOGY,Printer,5.0,750.63,0.15,3190.18,435.51
ORD-11246,2025-10-21,2025-10-25,Second Class,CUST-0109,  Customer 109  ,south,Technology,Wireless Mouse,10.0,625.38,0.0,6253.8,2661.09
ORD-11247,2025-10-23,2025-10-26,Same Day,CUST-0155,Customer 155,South,Furniture,Desk,1.0,1177.18,0.0,1177.18,344.22
ORD-11248,2024-09-01,2024-09-02,Same Day,CUST-0184,Customer 184,East,Office Supplies,Binder,8.0,766.69,0.3,4293.46,306.54
ORD-11249,2024-04-29,2024-05-04,Standard Class,CUST-0170,Customer 170,North,Office Supplies,Pens (Box),7.0,288.34,0.0,2018.38,407.36
ORD-11250,2024-08-14,2024-08-16,Second Class,CUST-0192,Customer 192,East,Office Supplies,Pens (Box),11.0,941.42,0.0,10355.62,1840.11
ORD-11251,19/04/2024,2024-04-21,First Class,CUST-0076,Customer 76,South,Furniture,Table Lamp,8.0,199.6,0.2,1277.44,112.66
ORD-11252,19/03/2025,2025-03-22,First Class,CUST-0178,Customer 178,North,TECHNOLOGY,Wireless Mouse,4.0,1073.01,0.0,4292.04,755.88
ORD-11253,2024-07-27,2024-07-30,Standard Class,CUST-0160,Customer 160,West,Office Supplies,Pens (Box),5.0,75.67,0.3,264.85,-56.03
ORD-11254,2024-04-22,2024-04-26,Second Class,CUST-0167,Customer 167,South,Technology,Laptop,6.0,92.37,0.0,554.22,266.96
ORD-11255,2025-01-26,2025-02-01,First Class,CUST-0012,Customer 12,West,Furniture,Table Lamp,9.0,1000.87,0.1,8107.05,2971.03
ORD-11256,2025-02-18,2025-02-21,Same Day,CUST-0003,Customer 3,East,Technology,Wireless Mouse,1.0,443.22,0.0,443.22,93.24
ORD-11257,2025-08-21,2025-08-24,Same Day,CUST-0196,Customer 196,north,Technology,Printer,11.0,1121.26,0.0,12333.86,3010.4
ORD-11258,2025-12-12,2025-12-18,Second Class,CUST-0046,Customer 46,West,Technology,Laptop,4.0,872.73,0.0,3490.92,1291.59
ORD-11259,2024-11-15,2024-11-18,Standard Class,CUST-0136,Customer 136,South,Office Supplies,Pens (Box),11.0,389.12,0.0,4280.32,1251.47
ORD-11260,2024-05-02,2024-05-08,Standard Class,CUST-0176,Customer 176,South,Technology,Laptop,7.0,484.32,0.2,2712.19,602.53
ORD-11261,2025-08-01,2025-08-04,Same Day,CUST-0008,  Customer 8  ,east,OFFICE SUPPLIES,Pens (Box),11.0,553.65,0.0,6090.15,1578.25
ORD-11262,2024-01-02,2024-01-09,Standard Class,CUST-0047,Customer 47,South,Furniture,Desk,11.0,416.67,0.1,4125.03,1202.72
ORD-11263,2025-04-09,2025-04-12,Standard Class,CUST-0193,Customer 193,East,Technology,Wireless Mouse,9.0,147.72,0.1,1196.53,221.26
ORD-11264,2024-08-18,2024-08-22,First Class,CUST-0115,Customer 115,east,Office Supplies,Pens (Box),4.0,42.15,0.0,168.6,72.22
ORD-11265,2024-01-22,2024-01-26,,CUST-0163,Customer 163,,Office Supplies,Paper,,,,3704.7,
ORD-11266,2025-09-24,2025-09-29,Same Day,CUST-0097,Customer 97,North,Office Supplies,Pens (Box),6.0,260.95,0.1,1409.13,315.01
ORD-11267,2024-05-05,2024-05-07,Second Class,CUST-0021,Customer 21,East,Technology,Monitor,3.0,769.61,0.0,2308.83,682.01
ORD-11268,2024-03-20,2024-03-22,First Class,CUST-0149,Customer 149,west,Furniture,Table Lamp,5.0,483.32,0.1,2174.94,828.18
ORD-11269,2025-06-26,2025-06-27,Standard Class,CUST-0164,Customer 164,South,Office Supplies,Pens (Box),4.0,999.22,0.0,3996.88,1121.33
ORD-11270,21/10/2025,2025-10-25,First Class,CUST-0015,Customer 15,east,Furniture,Chair,8.0,1059.76,0.15,7206.37,2375.02
ORD-11271,2025-08-09,2025-08-11,First Class,CUST-0001,Customer 1,North,Office Supplies,Paper,8.0,143.05,0.15,972.74,336.18
ORD-11272,2024-09-29,2024-10-02,Same Day,CUST-0175,Customer 175,East,Technology,Monitor,5.0,666.62,0.3,2333.17,527.06
ORD-11273,2025-10-09,2025-10-12,Second Class,CUST-0141,Customer 141,West,Technology,Monitor,2.0,509.21,0.0,1018.42,435.8
ORD-11274,2025-06-11,2025-06-16,Second Class,CUST-0197,  Customer 197  ,South,TECHNOLOGY,Printer,3.0,1004.5,0.0,3013.5,1060.64
ORD-11275,2024-04-07,2024-04-14,Second Class,CUST-0166,Customer 166,West,Technology,Monitor,2.0,378.6,0.0,757.2,276.34
ORD-11276,2025-02-17,2025-02-18,First Class,CUST-0077,Customer 77,South,Technology,Monitor,7.0,804.55,0.0,5631.85,1933.42
ORD-11277,2025-10-07,2025-10-13,Second Class,CUST-0071,Customer 71,West,Furniture,Chair,6.0,659.06,0.1,3558.92,221.73
ORD-11278,2025-03-05,2025-03-08,Standard Class,CUST-0183,Customer 183,South,Technology,Laptop,8.0,1001.99,0.2,6412.74,89.31
ORD-11279,2024-09-18,2024-09-23,First Class,CUST-0024,  Customer 24  ,West,Office Supplies,Pens (Box),10.0,818.82,0.1,7369.38,1841.88
ORD-11280,27/08/2025,2025-08-28,Standard Class,CUST-0173,Customer 173,West,Furniture,Chair,4.0,1132.06,0.15,3849.0,1055.67
ORD-11281,2024-08-13,2024-08-17,First Class,CUST-0097,Customer 97,North,Furniture,Chair,10.0,788.7,0.3,5520.9,631.45
ORD-11282,2025-12-04,2025-12-08,Same Day,CUST-0192,Customer 192,East,Technology,Laptop,7.0,712.92,0.0,4990.44,2451.29
ORD-11283,2024-10-25,2024-11-01,,CUST-0176,Customer 176,,Technology,Wireless Mouse,,,,8477.1,
ORD-11284,2024-08-12,2024-08-18,Standard Class,CUST-0140,Customer 140,South,OFFICE SUPPLIES,Pens (Box),8.0,389.18,0.0,3113.44,615.52
ORD-11285,2025-03-09,2025-03-10,Same Day,CUST-0183,Customer 183,South,TECHNOLOGY,Printer,8.0,136.95,0.1,986.04,77.06
ORD-11286,2024-05-24,2024-05-28,First Class,CUST-0161,Customer 161,west,Furniture,Table Lamp,6.0,99.33,0.3,417.19,-66.99
ORD-11287,12/06/2024,2024-06-17,First Class,CUST-0067,Customer 67,West,Technology,Laptop,11.0,788.35,0.1,7804.67,908.03
ORD-11288,2025-01-02,2025-01-04,Same Day,CUST-0073,Customer 73,South,Furniture,Desk,1.0,629.36,0.0,629.36,215.97
ORD-11289,2024-11-29,2024-12-03,Standard Class,CUST-0170,Customer 170,North,Technology,Wireless Mouse,1.0,343.21,0.0,343.21,76.28
ORD-11290,2024-01-15,2024-01-18,Same Day,CUST-0147,  Customer 147  ,North,Office Supplies,Pens (Box),2.0,213.23,0.15,362.49,67.07
ORD-11291,2024-09-05,2024-09-07,First Class,CUST-0165,Customer 165,South,Office Supplies,Stapler,11.0,80.79,0.1,799.82,135.02
ORD-11292,2025-10-09,2025-10-11,Same Day,CUST-0004,Customer 4,South,OFFICE SUPPLIES,Binder,1.0,728.11,0.0,728.11,323.4
ORD-11293,05/10/2025,2025-10-10,Second Class,CUST-0045,Customer 45,North,Technology,Monitor,1.0,26.85,0.1,24.17,9.22
ORD-11294,2025-02-19,2025-02-22,Second Class,CUST-0167,Customer 167,South,Technology,Monitor,4.0,292.11,0.2,934.75,-1.24
ORD-11295,29/03/2025,2025-04-05,Standard Class,CUST-0186,Customer 186,South,Technology,Wireless Mouse,6.0,1152.23,0.0,6913.38,2096.28
ORD-11296,2024-03-18,2024-03-22,Second Class,CUST-0200,Customer 200,west,OFFICE SUPPLIES,Stapler,1.0,742.91,0.0,742.91,119.85
ORD-11297,2025-06-16,2025-06-18,First Class,CUST-0004,Customer 4,south,Furniture,Chair,10.0,985.94,0.1,8873.46,1359.77
ORD-11298,2024-05-23,2024-05-29,Standard Class,CUST-0022,Customer 22,South,Technology,Laptop,11.0,1119.07,0.1,11078.79,3930.07
ORD-11299,2024-07-28,2024-07-31,Same Day,CUST-0030,Customer 30,South,Office Supplies,Stapler,2.0,312.2,0.0,624.4,310.57
ORD-11300,2025-01-03,2025-01-09,First Class,CUST-0138,Customer 138,North,Office Supplies,Binder,6.0,896.39,0.0,5378.34,1289.42
ORD-11301,2025-08-08,2025-08-10,Second Class,CUST-0162,Customer 162,East,Technology,Monitor,8.0,960.0,0.1,6912.0,943.71
ORD-11302,2024-08-06,2024-08-13,Same Day,CUST-0167,Customer 167,south,Office Supplies,Stapler,6.0,1050.12,0.0,6300.72,2612.65
ORD-11303,2025-08-27,2025-09-01,Standard Class,CUST-0112,Customer 112,West,Furniture,Bookcase,5.0,444.67,0.15,1889.85,423.92
ORD-11304,2025-11-19,2025-11-21,First Class,CUST-0129,Customer 129,East,Technology,Printer,8.0,964.0,0.0,7712.0,1289.57
ORD-11305,20/03/2024,2024-03-23,Second Class,CUST-0104,Customer 104,North,Furniture,Bookcase,3.0,747.97,0.0,2243.91,663.25
ORD-11306,2025-09-11,2025-09-16,Second Class,CUST-0195,Customer 195,West,Furniture,Chair,6.0,437.5,0.0,2625.0,910.16
ORD-11307,2024-06-10,2024-06-11,Second Class,CUST-0056,Customer 56,North,Technology,Laptop,6.0,57.01,0.15,290.75,65.07
ORD-11308,2025-04-19,2025-04-25,Standard Class,CUST-0067,Customer 67,West,Office Supplies,Stapler,10.0,515.16,0.0,5151.6,1608.75
ORD-11309,2024-01-26,2024-02-01,First Class,CUST-0126,Customer 126,East,Furniture,Desk,11.0,796.32,0.0,8759.52,3698.03
ORD-11310,22/04/2024,2024-04-27,Standard Class,CUST-0093,Customer 93,west,Office Supplies,Paper,3.0,876.47,0.0,2629.41,1250.46
ORD-11311,2024-03-03,2024-03-10,Standard Class,CUST-0086,Customer 86,East,Technology,Wireless Mouse,7.0,824.77,0.0,5773.39,1418.49
ORD-11312,2025-05-11,2025-05-16,Same Day,CUST-0062,Customer 62,East,Furniture,Chair,8.0,414.98,0.0,3319.84,1308.62
ORD-11313,2025-11-05,2025-11-10,Second Class,CUST-0004,Customer 4,south,Technology,Wireless Mouse,10.0,612.85,0.0,6128.5,3053.06
ORD-11314,2024-07-09,2024-07-10,Second Class,CUST-0052,Customer 52,North,Furniture,Desk,8.0,473.9,0.0,3791.2,1876.41
ORD-11315,2025-04-08,2025-04-13,Standard Class,CUST-0108,Customer 108,East,Office Supplies,Paper,1.0,386.68,0.0,386.68,141.99
ORD-11316,2025-04-15,2025-04-18,,CUST-0136,Customer 136,,TECHNOLOGY,Monitor,,,,312.14,
ORD-11317,2025-09-06,2025-09-09,Second Class,CUST-0112,Customer 112,West,Technology,Monitor,3.0,228.21,0.0,684.63,207.21
ORD-11318,2025-12-25,2025-12-28,Second Class,CUST-0156,Customer 156,East,TECHNOLOGY,Monitor,11.0,1108.79,0.0,12196.69,3295.63
ORD-11319,2025-03-18,2025-03-25,Second Class,CUST-0108,Customer 108,East,Office Supplies,Binder,7.0,1067.66,0.0,7473.62,2822.34
ORD-11320,2025-06-16,2025-06-21,First Class,CUST-0004,Customer 4,South,Technology,Laptop,6.0,934.04,0.1,5043.82,719.2
ORD-11321,2025-06-20,2025-06-21,Second Class,CUST-0013,Customer 13,East,Furniture,Desk,7.0,933.37,0.15,5553.55,1723.67
ORD-11322,2024-01-24,2024-01-26,Standard Class,CUST-0090,Customer 90,West,Office Supplies,Binder,2.0,991.13,0.0,1982.26,764.51
ORD-11323,24/01/2025,2025-01-26,Standard Class,CUST-0099,Customer 99,East,Furniture,Chair,9.0,590.2,0.0,5311.8,1989.39
ORD-11324,2025-02-05,2025-02-06,Second Class,CUST-0022,Customer 22,South,Technology,Monitor,3.0,255.96,0.0,767.88,255.49
ORD-11325,2024-12-08,2024-12-09,Second Class,CUST-0105,  Customer 105  ,west,Furniture,Bookcase,1.0,47.37,0.0,47.37,11.77
ORD-11326,2024-01-03,2024-01-04,First Class,CUST-0067,Customer 67,west,Furniture,Bookcase,5.0,36.96,0.0,184.8,88.77
ORD-11327,2025-05-08,2025-05-12,Second Class,CUST-0126,Customer 126,East,Furniture,Desk,9.0,594.09,0.1,4812.13,733.87
ORD-11328,2024-09-19,2024-09-20,First Class,CUST-0079,Customer 79,east,Office Supplies,Pens (Box),8.0,155.41,0.0,1243.28,524.45
ORD-11329,2025-07-03,2025-07-06,Standard Class,CUST-0079,Customer 79,East,Technology,Printer,6.0,917.01,0.0,5502.06,1716.0
ORD-11330,2024-01-07,2024-01-14,First Class,CUST-0040,Customer 40,East,Office Supplies,Stapler,5.0,793.76,0.0,3968.8,978.05
ORD-11331,14/01/2025,2025-01-20,Second Class,CUST-0149,Customer 149,West,Technology,Printer,8.0,1028.63,0.1,7406.14,1720.84
ORD-11332,2025-08-28,2025-09-01,Standard Class,CUST-0066,Customer 66,South,Office Supplies,Pens (Box),3.0,169.07,0.0,507.21,205.68
ORD-11333,2024-04-21,2024-04-26,Same Day,CUST-0137,Customer 137,East,Technology,Laptop,3.0,716.67,0.0,2150.01,871.89
ORD-11334,2025-08-05,2025-08-12,Standard Class,CUST-0088,Customer 88,South,Office Supplies,Binder,2.0,1181.49,0.0,2362.98,1116.1
ORD-11335,2025-01-04,2025-01-08,Standard Class,CUST-0068,Customer 68,South,Office Supplies,Stapler,8.0,904.2,0.1,6510.24,2438.69
ORD-11336,2024-06-22,2024-06-23,Second Class,CUST-0136,Customer 136,South,Furniture,Table Lamp,1.0,717.17,0.0,717.17,118.05
ORD-11337,2025-09-21,2025-09-27,Same Day,CUST-0157,Customer 157,North,Office Supplies,Paper,3.0,741.18,0.1,2001.19,633.82
ORD-11338,2024-08-29,2024-09-02,Second Class,CUST-0020,Customer 20,South,FURNITURE,Table Lamp,2.0,894.49,0.0,1788.98,523.42
ORD-11339,2025-06-23,2025-06-24,Same Day,CUST-0131,Customer 131,East,Technology,Monitor,2.0,493.57,0.0,987.14,396.79
ORD-11340,2025-02-05,2025-02-12,Same Day,CUST-0038,Customer 38,west,Technology,Wireless Mouse,3.0,33.25,0.1,89.78,8.15
ORD-11341,2024-09-14,2024-09-17,First Class,CUST-0022,Customer 22,south,Office Supplies,Binder,11.0,705.75,0.3,5434.27,-1025.5
ORD-11342,20/07/2025,2025-07-26,First Class,CUST-0050,Customer 50,West,Technology,Wireless Mouse,3.0,1076.06,0.0,3228.18,1162.08
ORD-11343,02/01/2025,2025-01-04,First Class,CUST-0009,Customer 9,North,Office Supplies,Pens (Box),10.0,1051.64,0.1,9464.76,684.49
ORD-11344,2025-02-09,2025-02-12,Standard Class,CUST-0179,Customer 179,West,Furniture,Chair,8.0,112.79,0.0,902.32,327.96
ORD-11345,2024-10-15,2024-10-16,Second Class,CUST-0104,Customer 104,North,Technology,Monitor,9.0,213.15,0.1,1726.52,647.13
ORD-11346,2025-07-22,2025-07-28,Same Day,CUST-0125,Customer 125,West,Office Supplies,Stapler,4.0,718.29,0.15,2442.19,410.82
ORD-11347,11/10/2024,2024-10-15,First Class,CUST-0092,Customer 92,West,Office Supplies,Binder,5.0,184.18,0.0,920.9,267.87
ORD-11348,2025-11-29,2025-12-05,Second Class,CUST-0160,Customer 160,west,Furniture,Table Lamp,1.0,307.59,0.0,307.59,130.76
ORD-11349,2025-09-05,2025-09-08,Second Class,CUST-0178,Customer 178,North,Office Supplies,Binder,7.0,85.73,0.0,600.11,281.08
ORD-11350,2025-02-05,2025-02-08,Standard Class,CUST-0052,  Customer 52  ,north,Technology,Printer,9.0,1050.33,0.0,9452.97,2165.68
ORD-11351,16/04/2024,2024-04-22,Second Class,CUST-0071,Customer 71,West,Furniture,Table Lamp,10.0,830.04,0.0,8300.4,2724.4
ORD-11352,19/01/2024,2024-01-21,First Class,CUST-0199,Customer 199,South,Office Supplies,Stapler,2.0,602.14,0.0,1204.28,582.0
ORD-11353,2024-06-07,2024-06-09,Standard Class,CUST-0077,Customer 77,South,Office Supplies,Stapler,1.0,941.39,0.1,847.25,128.79
ORD-11354,2024-06-23,2024-06-24,Standard Class,CUST-0046,Customer 46,West,Technology,Laptop,7.0,366.83,0.0,2567.81,1126.59
ORD-11355,2025-10-27,2025-10-30,Standard Class,CUST-0148,Customer 148,North,Office Supplies,Paper,9.0,416.65,0.2,2999.88,811.38
ORD-11356,2024-06-20,2024-06-26,Second Class,CUST-0109,Customer 109,south,Office Supplies,Binder,8.0,445.4,0.0,3563.2,1007.58
ORD-11357,19/10/2025,2025-10-25,Second Class,CUST-0121,Customer 121,South,Technology,Wireless Mouse,3.0,644.74,0.0,1934.22,379.81
ORD-11358,2024-01-06,2024-01-08,First Class,CUST-0160,Customer 160,West,Technology,Printer,4.0,416.66,0.0,1666.64,559.28
ORD-11359,2024-01-11,2024-01-12,First Class,CUST-0133,  Customer 133  ,North,Office Supplies,Pens (Box),5.0,423.97,0.0,2119.85,851.25
ORD-11360,2025-11-30,2025-12-03,Same Day,CUST-0105,Customer 105,West,Technology,Wireless Mouse,6.0,265.31,0.0,1591.86,552.31
ORD-11361,2024-12-28,2025-01-02,Same Day,CUST-0051,Customer 51,West,Furniture,Chair,2.0,87.4,0.1,157.32,21.84
ORD-11362,23/11/2024,2024-11-27,Second Class,CUST-0189,Customer 189,North,Office Supplies,Stapler,5.0,193.68,0.0,968.4,314.34
ORD-11363,2025-02-17,2025-02-18,First Class,CUST-0021,Customer 21,East,OFFICE SUPPLIES,Stapler,6.0,449.72,0.1,2428.49,464.95
ORD-11364,2024-09-30,2024-10-02,Standard Class,CUST-0056,Customer 56,North,Technology,Laptop,11.0,849.09,0.0,9339.99,3464.86
ORD-11365,2025-09-17,2025-09-20,Same Day,CUST-0039,Customer 39,South,Technology,Monitor,4.0,1095.95,0.0,4383.8,863.23
ORD-11366,2024-08-05,2024-08-11,First Class,CUST-0122,Customer 122,east,Office Supplies,Paper,2.0,98.42,0.0,196.84,35.12
ORD-11367,2024-12-29,2025-01-03,Same Day,CUST-0083,Customer 83,North,TECHNOLOGY,Wireless Mouse,6.0,685.62,0.0,4113.72,866.75
ORD-11368,14/12/2025,2025-12-21,Standard Class,CUST-0096,Customer 96,South,Technology,Monitor,10.0,43.12,0.0,431.2,82.48
ORD-11369,2024-08-02,2024-08-06,Standard Class,CUST-0099,Customer 99,East,Furniture,Table Lamp,5.0,516.69,0.2,2066.76,19.01
ORD-11370,2025-09-29,2025-10-04,Standard Class,CUST-0130,Customer 130,East,Office Supplies,Stapler,8.0,299.04,0.0,2392.32,1171.28
ORD-11371,2025-05-20,2025-05-24,Same Day,CUST-0054,Customer 54,South,Office Supplies,Pens (Box),2.0,659.63,0.1,1187.33,512.82
ORD-11372,2024-08-06,2024-08-07,Second Class,CUST-0015,Customer 15,East,Furniture,Table Lamp,1.0,1169.19,0.15,993.81,142.96
ORD-11373,2024-11-12,2024-11-16,Same Day,CUST-0001,Customer 1,North,Office Supplies,Pens (Box),9.0,367.44,0.3,2314.87,-390.28
ORD-11374,2025-07-09,2025-07-12,Second Class,CUST-0157,Customer 157,North,Furniture,Bookcase,3.0,993.24,0.0,2979.72,1407.33
ORD-11375,2025-02-07,2025-02-14,Second Class,CUST-0140,Customer 140,South,Office Supplies,Binder,5.0,1065.58,0.0,5327.9,2125.31
ORD-11376,2024-02-02,2024-02-07,First Class,CUST-0051,Customer 51,West,Office Supplies,Binder,4.0,137.57,0.0,550.28,204.87
ORD-11377,2025-04-27,2025-04-30,Second Class,CUST-0119,Customer 119,North,Furniture,Chair,1.0,321.45,0.0,321.45,49.09
ORD-11378,2025-11-02,2025-11-06,First Class,CUST-0039,Customer 39,South,Technology,Printer,1.0,945.1,0.15,803.34,23.74
ORD-11379,2024-12-25,2024-12-29,Standard Class,CUST-0093,Customer 93,West,Office Supplies,Paper,1.0,1002.63,0.15,852.24,29.24
ORD-11380,16/03/2025,2025-03-17,Second Class,CUST-0044,Customer 44,south,Furniture,Chair,5.0,433.58,0.0,2167.9,571.36
ORD-11381,17/02/2025,2025-02-18,Second Class,CUST-0034,Customer 34,East,Furniture,Chair,4.0,798.43,0.1,2874.35,448.84
ORD-11382,2024-01-23,2024-01-29,Standard Class,CUST-0194,Customer 194,South,Technology,Printer,9.0,406.04,0.0,3654.36,1365.94
ORD-11383,2024-01-20,2024-01-24,First Class,CUST-0189,Customer 189,North,Furniture,Table Lamp,1.0,116.23,0.0,116.23,24.76
ORD-11384,2025-01-30,2025-02-05,First Class,CUST-0134,Customer 134,East,Office Supplies,Stapler,1.0,162.16,0.0,162.16,68.45
ORD-11385,19/12/2025,2025-12-23,Standard Class,CUST-0069,Customer 69,north,Technology,Laptop,5.0,670.18,0.3,2345.63,301.69
ORD-11386,2025-06-17,2025-06-20,Same Day,CUST-0061,Customer 61,west,Furniture,Bookcase,7.0,876.24,0.0,6133.68,2102.73
ORD-11387,2024-02-17,2024-02-21,Second Class,CUST-0043,  Customer 43  ,east,Technology,Printer,11.0,440.92,0.0,4850.12,1619.53
ORD-11388,2025-02-18,2025-02-20,Same Day,CUST-0116,Customer 116,East,Furniture,Chair,2.0,744.23,0.15,1265.19,203.59
ORD-11389,2024-09-16,2024-09-21,Second Class,CUST-0169,Customer 169,South,Office Supplies,Pens (Box),4.0,1032.59,0.3,2891.25,454.26
ORD-11390,2024-03-09,2024-03-10,Standard Class,CUST-0032,Customer 32,North,Furniture,Bookcase,1.0,882.35,0.0,882.35,259.8
ORD-11391,17/03/2025,2025-03-21,Standard Class,CUST-0040,Customer 40,East,Office Supplies,Paper,6.0,752.17,0.0,4513.02,2026.18
ORD-11392,2025-05-08,2025-05-10,Second Class,CUST-0096,Customer 96,south,OFFICE SUPPLIES,Paper,1.0,64.56,0.1,58.1,20.43
ORD-11393,2024-05-20,2024-05-27,First Class,CUST-0063,Customer 63,South,Technology,Laptop,2.0,417.97,0.0,835.94,265.21
ORD-11394,2024-12-02,2024-12-03,Second Class,CUST-0137,Customer 137,East,Furniture,Table Lamp,9.0,133.51,0.0,1201.59,429.41
ORD-11395,14/11/2025,2025-11-19,Second Class,CUST-0032,Customer 32,North,Office Supplies,Paper,8.0,696.08,0.0,5568.64,2010.03
ORD-11396,2024-08-09,2024-08-11,Standard Class,CUST-0143,Customer 143,South,Office Supplies,Paper,8.0,209.57,0.1,1508.9,656.09
ORD-11397,02/09/2024,2024-09-03,Second Class,CUST-0088,Customer 88,South,Office Supplies,Pens (Box),11.0,587.67,0.0,6464.37,1482.35
ORD-11398,2024-10-19,2024-10-23,First Class,CUST-0119,Customer 119,North,Technology,Laptop,7.0,1180.67,0.1,7438.22,456.49
ORD-11399,2025-11-15,2025-11-19,First Class,CUST-0112,Customer 112,West,Technology,Monitor,9.0,792.61,0.0,7133.49,2836.34
ORD-11400,2024-04-16,2024-04-22,Second Class,CUST-0086,Customer 86,East,OFFICE SUPPLIES,Binder,3.0,680.65,0.0,2041.95,811.14
ORD-11401,2025-07-20,2025-07-26,Same Day,CUST-0137,Customer 137,East,Furniture,Bookcase,11.0,539.1,0.0,5930.1,2904.45
ORD-11402,2024-06-28,2024-07-03,Standard Class,CUST-0149,Customer 149,West,Office Supplies,Binder,3.0,895.44,0.2,2149.06,447.86
ORD-11403,2024-01-12,2024-01-18,First Class,CUST-0042,Customer 42,west,FURNITURE,Chair,1.0,894.03,0.3,625.82,-131.86
ORD-11404,2024-08-27,2024-09-03,Same Day,CUST-0158,Customer 158,East,Furniture,Table Lamp,10.0,403.68,0.1,3633.12,1545.42
ORD-11405,2025-04-12,2025-04-18,Same Day,CUST-0026,Customer 26,East,Office Supplies,Paper,9.0,939.1,0.0,8451.9,4030.94
ORD-11406,25/03/2024,2024-03-26,Same Day,CUST-0079,Customer 79,East,OFFICE SUPPLIES,Pens (Box),9.0,369.62,0.0,3326.58,867.75
ORD-11407,2025-12-04,2025-12-07,Standard Class,CUST-0156,Customer 156,East,Office Supplies,Paper,4.0,594.9,0.0,2379.6,979.1
ORD-11408,2024-09-23,2024-09-24,Second Class,CUST-0152,Customer 152,South,Technology,Monitor,11.0,750.77,0.15,7019.7,2191.89
ORD-11409,2024-05-28,2024-06-04,Second Class,CUST-0067,Customer 67,West,Office Supplies,Pens (Box),9.0,991.35,0.0,8922.15,2777.08
ORD-11410,2025-12-19,2025-12-22,Standard Class,CUST-0095,Customer 95,West,Technology,Monitor,5.0,140.1,0.1,630.45,71.76
ORD-11411,2024-07-01,2024-07-02,First Class,CUST-0042,Customer 42,West,Office Supplies,Paper,6.0,1024.2,0.2,4916.16,-33.0
ORD-11412,29/03/2025,2025-03-31,Standard Class,CUST-0045,Customer 45,North,Office Supplies,Pens (Box),2.0,723.05,0.0,1446.1,289.78
ORD-11413,2024-02-06,2024-02-08,Standard Class,CUST-0072,Customer 72,North,Furniture,Table Lamp,11.0,1139.95,0.3,8777.61,417.05
ORD-11414,2025-09-28,2025-10-05,Second Class,CUST-0116,Customer 116,east,Furniture,Chair,7.0,674.84,0.0,4723.88,2230.45
ORD-11415,2025-07-12,2025-07-13,First Class,CUST-0119,Customer 119,North,Office Supplies,Pens (Box),8.0,103.53,0.0,828.24,300.4
ORD-11416,10/03/2024,2024-03-16,First Class,CUST-0107,Customer 107,West,Furniture,Bookcase,6.0,946.73,0.0,5680.38,2353.35
ORD-11417,2025-11-04,2025-11-09,Same Day,CUST-0012,Customer 12,West,Furniture,Table Lamp,6.0,1013.35,0.2,4864.08,1095.06
ORD-11418,2024-07-04,2024-07-07,Same Day,CUST-0127,Customer 127,North,Office Supplies,Stapler,296.0,687.77,0.0,1375.54,234.62
ORD-11419,13/11/2024,2024-11-14,Second Class,CUST-0171,  Customer 171  ,North,Technology,Wireless Mouse,9.0,119.13,,964.95,322.87
ORD-11420,2025-01-22,2025-01-29,First Class,CUST-0117,Customer 117,North,Office Supplies,Binder,9.0,627.03,0.0,5643.27,2720.15
ORD-11421,28/04/2024,2024-05-04,Second Class,CUST-0078,Customer 78,north,Technology,Monitor,1.0,457.24,0.0,457.24,123.53
ORD-11422,2025-02-26,2025-03-03,Same Day,CUST-0069,Customer 69,North,Office Supplies,Stapler,1.0,377.89,0.0,377.89,188.39
ORD-11423,14/12/2025,2025-12-19,First Class,CUST-0048,  Customer 48  ,West,Furniture,Bookcase,7.0,694.57,0.0,4861.99,1012.64
ORD-11424,05/01/2025,2025-01-07,Second Class,CUST-0122,  Customer 122  ,East,Furniture,Table Lamp,5.0,419.69,0.1,1888.6,335.49
ORD-11425,2024-04-22,2024-04-26,Standard Class,CUST-0062,  Customer 62  ,East,Office Supplies,Paper,8.0,728.91,0.0,5831.28,2345.56
ORD-11426,11/07/2025,2025-07-18,Same Day,CUST-0011,Customer 11,East,Technology,Printer,1.0,318.77,0.1,286.89,36.4
ORD-11427,29/01/2025,2025-02-03,Same Day,CUST-0038,Customer 38,West,Office Supplies,Paper,10.0,105.59,0.1,950.31,64.37
ORD-11428,2024-05-07,2024-05-10,Second Class,CUST-0016,Customer 16,West,Technology,Wireless Mouse,1.0,405.99,0.0,405.99,136.99
ORD-11429,02/09/2024,2024-09-08,Standard Class,CUST-0078,Customer 78,North,Technology,Monitor,11.0,576.6,0.0,6342.6,1202.95
ORD-11430,04/04/2025,2025-04-06,First Class,CUST-0094,Customer 94,South,Office Supplies,Paper,4.0,1014.6,0.0,4058.4,1729.24
ORD-11431,2024-05-16,2024-05-21,First Class,CUST-0071,Customer 71,west,Office Supplies,Binder,7.0,1036.69,0.1,6531.15,1206.21
ORD-11432,2024-12-04,2024-12-10,Standard Class,CUST-0143,Customer 143,south,Technology,Printer,8.0,852.97,0.0,6823.76,2241.65
ORD-11433,2025-03-22,2025-03-29,Second Class,CUST-0115,Customer 115,East,Office Supplies,Pens (Box),8.0,413.99,0.0,3311.92,1369.97
ORD-11434,2024-10-20,2024-10-21,Standard Class,CUST-0045,Customer 45,North,OFFICE SUPPLIES,Stapler,9.0,885.51,0.0,7969.59,1262.8
ORD-11435,2025-02-03,2025-02-04,Standard Class,CUST-0180,Customer 180,East,Furniture,Desk,7.0,247.92,0.0,1735.44,393.08
ORD-11436,2025-08-31,2025-09-05,Second Class,CUST-0137,Customer 137,East,Furniture,Bookcase,5.0,598.13,0.0,2990.65,882.15
ORD-11437,2025-02-07,2025-02-09,Standard Class,CUST-0090,Customer 90,West,Office Supplies,Paper,7.0,338.91,0.1,2135.13,519.04
ORD-11438,2025-05-30,2025-06-01,First Class,CUST-0082,Customer 82,South,Furniture,Table Lamp,6.0,362.07,0.1,1955.18,654.09
ORD-11439,2025-03-18,2025-03-24,Second Class,CUST-0050,Customer 50,West,Technology,Monitor,3.0,420.72,0.2,1009.73,267.95
ORD-11440,2024-04-10,2024-04-13,Same Day,CUST-0035,Customer 35,West,Furniture,Bookcase,1.0,249.46,0.0,249.46,73.5
ORD-11441,2024-05-26,2024-05-28,Same Day,CUST-0018,Customer 18,North,Office Supplies,Binder,1.0,332.1,0.0,332.1,52.64
ORD-11442,2025-02-10,2025-02-12,Standard Class,CUST-0011,Customer 11,East,Office Supplies,Stapler,11.0,274.89,0.1,2721.41,1106.85
ORD-11443,10/04/2025,2025-04-13,Same Day,CUST-0191,Customer 191,East,Furniture,Table Lamp,5.0,1170.14,0.0,5850.7,1379.86
ORD-11444,2024-09-18,2024-09-25,Second Class,CUST-0106,Customer 106,West,Office Supplies,Pens (Box),7.0,1198.88,0.0,8392.16,1997.28
ORD-11445,2024-11-08,2024-11-15,Standard Class,CUST-0116,Customer 116,east,Technology,Laptop,6.0,1147.9,0.2,5509.92,1110.0
ORD-11446,2024-02-29,2024-03-06,Same Day,CUST-0179,Customer 179,West,Technology,Printer,8.0,197.14,0.0,1577.12,728.95
ORD-11447,2025-11-10,2025-11-15,Same Day,CUST-0101,Customer 101,West,Furniture,Desk,8.0,765.65,0.0,6125.2,2619.46
ORD-11448,2024-05-15,2024-05-17,Second Class,CUST-0179,Customer 179,West,TECHNOLOGY,Printer,8.0,869.06,0.0,6952.48,2037.63
ORD-11449,23/10/2024,2024-10-26,Second Class,CUST-0034,Customer 34,East,Furniture,Chair,9.0,215.19,0.2,1549.37,-18.59
ORD-11450,2025-10-30,2025-11-06,Standard Class,CUST-0112,Customer 112,West,Office Supplies,Paper,10.0,754.9,0.0,7549.0,2424.36
ORD-11451,2024-10-12,2024-10-16,Standard Class,CUST-0133,  Customer 133  ,North,Technology,Laptop,6.0,104.0,0.15,530.4,161.11
ORD-11452,2024-12-26,2024-12-29,Standard Class,CUST-0172,Customer 172,North,Technology,Wireless Mouse,4.0,1101.19,0.0,4404.76,880.5
ORD-11453,2024-12-24,2024-12-28,Standard Class,CUST-0169,Customer 169,South,Office Supplies,Paper,1.0,1183.33,0.3,828.33,53.52
ORD-11454,2025-05-07,2025-05-14,Same Day,CUST-0018,Customer 18,North,Furniture,Desk,4.0,839.78,0.0,3359.12,1505.86
ORD-11455,2025-05-30,2025-06-02,Second Class,CUST-0084,  Customer 84  ,West,Furniture,Chair,7.0,128.19,0.0,897.33,442.21
ORD-11456,2025-05-07,2025-05-11,First Class,CUST-0185,Customer 185,South,Furniture,Bookcase,6.0,811.65,0.0,4869.9,2337.22
ORD-11457,2024-01-08,2024-01-13,First Class,CUST-0191,Customer 191,East,TECHNOLOGY,Wireless Mouse,7.0,298.69,0.15,1777.21,676.41
ORD-11458,2024-10-31,2024-11-05,Standard Class,CUST-0073,  Customer 73  ,south,FURNITURE,Bookcase,5.0,863.13,0.0,4315.65,1319.38
ORD-11459,2025-12-01,2025-12-03,First Class,CUST-0075,Customer 75,East,OFFICE SUPPLIES,Binder,2.0,92.93,0.1,167.27,70.21
ORD-11460,2025-09-15,2025-09-22,Standard Class,CUST-0189,Customer 189,North,OFFICE SUPPLIES,Pens (Box),4.0,394.69,0.0,1578.76,362.05
ORD-11461,2024-06-02,2024-06-06,Standard Class,CUST-0003,Customer 3,east,Office Supplies,Binder,2.0,1096.33,0.0,2192.66,717.75
ORD-11462,2025-06-14,2025-06-16,First Class,CUST-0012,Customer 12,west,Office Supplies,Binder,8.0,651.43,0.0,5211.44,2249.59
ORD-11463,2025-03-03,2025-03-10,Standard Class,CUST-0066,Customer 66,south,Technology,Wireless Mouse,3.0,1132.82,0.0,3398.46,1071.15
ORD-11464,2025-05-22,2025-05-24,Second Class,CUST-0147,Customer 147,North,Technology,Wireless Mouse,3.0,761.55,0.0,2284.65,1100.94
ORD-11465,2025-06-24,2025-06-30,Second Class,CUST-0174,  Customer 174  ,east,FURNITURE,Bookcase,1.0,716.42,0.1,644.78,244.46
ORD-11466,26/07/2025,2025-07-28,Same Day,CUST-0004,Customer 4,South,OFFICE SUPPLIES,Stapler,9.0,842.35,0.0,7581.15,2832.99
ORD-11467,29/08/2024,2024-09-03,Second Class,CUST-0183,Customer 183,South,Technology,Wireless Mouse,9.0,1162.59,0.0,10463.31,4053.59
ORD-11468,2025-08-13,2025-08-15,Standard Class,CUST-0116,Customer 116,East,Office Supplies,Stapler,8.0,734.48,0.0,5875.84,1448.77
ORD-11469,2024-01-22,2024-01-26,,CUST-0025,Customer 25,,Office Supplies,Pens (Box),,,,2073.74,
ORD-11470,2025-09-12,2025-09-13,Same Day,CUST-0012,Customer 12,West,Furniture,Desk,1.0,962.14,0.0,962.14,254.3
ORD-11471,2025-04-09,2025-04-12,Second Class,CUST-0176,Customer 176,south,Office Supplies,Paper,5.0,62.47,0.2,249.88,50.43
ORD-11472,2025-09-01,2025-09-08,Same Day,CUST-0116,  Customer 116  ,East,Technology,Monitor,5.0,95.88,0.1,431.46,29.71
ORD-11473,2025-02-08,2025-02-12,Standard Class,CUST-0071,  Customer 71  ,west,Office Supplies,Pens (Box),10.0,338.26,0.3,2367.82,-422.03
ORD-11474,2025-03-07,2025-03-11,First Class,CUST-0042,Customer 42,West,Technology,Laptop,2.0,842.15,0.0,1684.3,602.79
ORD-11475,2024-12-09,2024-12-15,First Class,CUST-0145,  Customer 145  ,West,Furniture,Table Lamp,11.0,351.44,0.0,3865.84,1925.49
ORD-11476,2024-04-21,2024-04-26,Standard Class,CUST-0015,Customer 15,East,TECHNOLOGY,Laptop,1.0,540.24,0.0,540.24,130.99
ORD-11477,17/08/2024,2024-08-19,Second Class,CUST-0188,Customer 188,South,Technology,Monitor,5.0,560.61,0.0,2803.05,1251.27
ORD-11478,14/12/2025,2025-12-17,Same Day,CUST-0024,  Customer 24  ,West,Technology,Laptop,3.0,339.35,0.0,1018.05,463.73
ORD-11479,21/02/2024,2024-02-28,Second Class,CUST-0170,Customer 170,North,Office Supplies,Stapler,9.0,737.08,0.15,5638.66,1383.26
ORD-11480,2024-12-22,2024-12-23,Standard Class,CUST-0092,Customer 92,West,Office Supplies,Paper,8.0,321.22,0.0,2569.76,523.8
ORD-11481,2025-10-25,2025-10-31,Standard Class,CUST-0109,  Customer 109  ,South,Office Supplies,Pens (Box),11.0,581.01,0.0,6391.11,1840.37
ORD-11482,2025-03-19,2025-03-25,Same Day,CUST-0192,Customer 192,east,Furniture,Desk,4.0,1128.16,0.0,4512.64,1661.26
ORD-11483,2024-09-02,2024-09-07,,CUST-0027,Customer 27,,Furniture,Chair,,,,709.76,
ORD-11484,2024-10-07,2024-10-08,Same Day,CUST-0024,Customer 24,West,Furniture,Bookcase,6.0,693.56,0.0,4161.36,910.43
ORD-11485,2025-10-30,2025-11-06,Second Class,CUST-0004,Customer 4,South,Technology,Wireless Mouse,10.0,1006.44,0.0,10064.4,1662.26
ORD-11486,16/03/2025,2025-03-23,Standard Class,CUST-0105,Customer 105,West,Office Supplies,Paper,10.0,528.91,0.1,4760.19,1144.51
ORD-11487,2025-11-13,2025-11-17,Standard Class,CUST-0185,Customer 185,South,FURNITURE,Bookcase,10.0,50.04,0.1,450.36,149.03
ORD-11488,2025-04-20,2025-04-24,First Class,CUST-0178,Customer 178,North,Office Supplies,Binder,11.0,833.66,0.0,9170.26,3384.98
ORD-11489,2024-06-26,2024-07-01,Same Day,CUST-0139,Customer 139,South,Office Supplies,Binder,6.0,934.32,0.0,5605.92,2571.02
ORD-11490,12/05/2024,2024-05-13,First Class,CUST-0144,Customer 144,South,Furniture,Table Lamp,5.0,622.54,0.1,2801.43,1001.37
ORD-11491,2025-03-27,2025-03-29,Same Day,CUST-0027,Customer 27,South,Technology,Monitor,3.0,453.8,0.0,1361.4,250.46
ORD-11492,2024-02-02,2024-02-04,Second Class,CUST-0128,Customer 128,West,Furniture,Chair,10.0,233.95,0.0,2339.5,1155.3
ORD-11493,2024-02-11,2024-02-17,Second Class,CUST-0064,Customer 64,west,FURNITURE,Chair,5.0,63.05,0.0,315.25,81.67
ORD-11494,2025-05-18,2025-05-24,Second Class,CUST-0068,Customer 68,south,Furniture,Table Lamp,6.0,72.7,0.0,436.2,100.89
ORD-11495,2024-05-25,2024-05-26,Same Day,CUST-0031,Customer 31,South,Technology,Printer,7.0,71.3,0.3,349.37,69.34
ORD-11496,2025-10-07,2025-10-12,Second Class,CUST-0153,Customer 153,West,Technology,Monitor,2.0,984.62,0.2,1575.39,222.87
ORD-11497,2025-05-17,2025-05-21,,CUST-0052,Customer 52,,Technology,Monitor,,,,1091.88,
ORD-11498,2025-06-02,2025-06-07,Standard Class,CUST-0009,Customer 9,North,Furniture,Chair,8.0,854.37,0.15,5809.72,2371.47
ORD-11499,25/10/2025,2025-10-27,Same Day,CUST-0166,Customer 166,West,Technology,Laptop,10.0,1158.31,0.0,11583.1,4931.54
ORD-11500,2025-02-07,2025-02-08,Standard Class,CUST-0098,Customer 98,East,Technology,Laptop,7.0,1002.6,0.0,7018.2,2579.43
ORD-11501,2025-01-23,2025-01-24,Same Day,CUST-0102,Customer 102,North,Furniture,Desk,8.0,435.67,0.0,3485.36,1613.66
ORD-11502,2025-01-13,2025-01-16,Standard Class,CUST-0141,Customer 141,West,Furniture,Bookcase,4.0,602.89,0.0,2411.56,783.25
ORD-11503,2024-08-29,2024-08-31,Standard Class,CUST-0120,Customer 120,North,Office Supplies,Stapler,1.0,511.12,0.0,511.12,114.92
ORD-11504,2025-08-22,2025-08-25,Second Class,CUST-0070,  Customer 70  ,South,OFFICE SUPPLIES,Paper,11.0,789.68,0.0,8686.48,3727.83
ORD-11505,2025-05-20,2025-05-21,Same Day,CUST-0040,Customer 40,East,Office Supplies,Stapler,10.0,214.47,0.0,2144.7,894.08
ORD-11506,2024-06-13,2024-06-19,Standard Class,CUST-0097,Customer 97,North,Technology,Monitor,4.0,1039.87,0.1,3743.53,537.33
ORD-11507,2024-09-07,2024-09-11,Same Day,CUST-0062,Customer 62,East,Office Supplies,Paper,7.0,607.04,0.0,4249.28,789.59
ORD-11508,2025-08-04,2025-08-07,Standard Class,CUST-0023,Customer 23,North,Technology,Printer,11.0,833.05,0.2,7330.84,2025.88
ORD-11509,2025-12-30,2026-01-05,First Class,CUST-0184,Customer 184,East,Office Supplies,Pens (Box),6.0,721.0,0.1,3893.4,901.54
ORD-11510,2024-03-19,2024-03-26,Second Class,CUST-0009,Customer 9,North,Office Supplies,Pens (Box),5.0,762.63,0.15,3241.18,997.36
ORD-11511,2024-12-25,2024-12-27,First Class,CUST-0174,Customer 174,east,Furniture,Desk,7.0,498.38,0.0,3488.66,656.04
ORD-11512,30/01/2024,2024-02-04,Standard Class,CUST-0178,Customer 178,North,TECHNOLOGY,Printer,8.0,119.38,0.3,668.53,-31.11
ORD-11513,2024-02-24,2024-02-26,Standard Class,CUST-0003,Customer 3,East,Office Supplies,Binder,6.0,94.86,0.1,512.24,128.19
ORD-11514,26/07/2024,2024-07-31,Same Day,CUST-0023,Customer 23,North,Furniture,Desk,2.0,330.96,0.1,595.73,101.18
ORD-11515,2025-07-01,2025-07-07,First Class,CUST-0013,Customer 13,East,Furniture,Bookcase,9.0,689.79,0.0,6208.11,3027.02
ORD-11516,2025-02-04,2025-02-10,Second Class,CUST-0104,Customer 104,North,Furniture,Bookcase,3.0,10.32,0.3,21.67,-2.63
ORD-11517,2024-03-28,2024-03-31,Standard Class,CUST-0121,Customer 121,South,Office Supplies,Stapler,6.0,894.78,0.0,5368.68,1845.63
ORD-11518,2024-04-14,2024-04-15,Second Class,CUST-0001,Customer 1,North,Office Supplies,Binder,7.0,1171.9,0.0,8203.3,4072.73
ORD-11519,2025-10-02,2025-10-09,First Class,CUST-0089,Customer 89,West,Technology,Wireless Mouse,2.0,642.17,0.1,1155.91,471.46
ORD-11520,2024-03-21,2024-03-27,Standard Class,CUST-0048,  Customer 48  ,West,Technology,Printer,11.0,852.84,0.15,7974.05,2937.73
ORD-11521,2025-07-05,2025-07-12,First Class,CUST-0158,Customer 158,East,Furniture,Bookcase,1.0,1183.33,0.0,1183.33,340.02
ORD-11522,2024-09-04,2024-09-09,Second Class,CUST-0177,Customer 177,East,Technology,Wireless Mouse,8.0,405.16,0.0,3241.28,1227.33
ORD-11523,2024-04-28,2024-05-01,Second Class,CUST-0140,Customer 140,South,Furniture,Desk,4.0,538.86,0.0,2155.44,952.98
ORD-11524,2025-06-03,2025-06-06,Standard Class,CUST-0168,Customer 168,North,Furniture,Bookcase,3.0,247.22,0.0,741.66,291.97
ORD-11525,27/02/2024,2024-03-02,Standard Class,CUST-0066,  Customer 66  ,South,Technology,Laptop,11.0,221.38,0.0,2435.18,599.57
ORD-11526,2025-11-13,2025-11-17,Second Class,CUST-0025,  Customer 25  ,West,Furniture,Chair,4.0,128.28,0.0,513.12,114.26
ORD-11527,2025-03-05,2025-03-07,Standard Class,CUST-0066,Customer 66,south,Office Supplies,Stapler,2.0,345.28,0.0,690.56,104.45
ORD-11528,2024-04-28,2024-05-01,Same Day,CUST-0112,  Customer 112  ,West,FURNITURE,Table Lamp,2.0,1055.74,0.1,1900.33,418.28
ORD-11529,2025-11-16,2025-11-21,First Class,CUST-0144,Customer 144,South,Office Supplies,Pens (Box),2.0,1199.36,0.2,1918.98,-33.12
ORD-11530,2024-01-11,2024-01-12,Second Class,CUST-0096,Customer 96,South,Furniture,Bookcase,11.0,601.87,0.0,6620.57,1783.93
ORD-11531,2024-12-24,2024-12-25,First Class,CUST-0188,Customer 188,South,Technology,Printer,7.0,516.83,0.3,2532.47,-169.69
ORD-11532,28/10/2024,2024-11-04,Second Class,CUST-0142,Customer 142,north,FURNITURE,Bookcase,9.0,1008.17,0.0,9073.53,4492.85
ORD-11533,2024-11-27,2024-11-28,Second Class,CUST-0057,Customer 57,East,Office Supplies,Binder,11.0,1060.97,0.0,11670.67,2515.19
ORD-11534,2024-10-16,2024-10-21,First Class,CUST-0004,Customer 4,South,Technology,Wireless Mouse,2.0,1152.32,0.0,2304.64,1067.11
ORD-11535,2024-07-01,2024-07-05,First Class,CUST-0108,Customer 108,East,Office Supplies,Binder,4.0,961.19,0.0,3844.76,919.09
ORD-11536,2025-06-05,2025-06-06,Same Day,CUST-0143,Customer 143,south,Furniture,Bookcase,7.0,620.95,0.0,4346.65,1972.06
ORD-11537,2024-05-03,2024-05-07,First Class,CUST-0090,Customer 90,West,Technology,Printer,9.0,837.88,0.15,6409.78,2210.45
ORD-11538,2024-04-19,2024-04-25,Standard Class,CUST-0115,Customer 115,East,Office Supplies,Paper,2.0,762.61,0.15,1296.44,181.28
ORD-11539,2024-11-04,2024-11-11,Same Day,CUST-0102,Customer 102,North,Office Supplies,Pens (Box),2.0,282.91,0.3,396.07,-39.53
ORD-11540,2024-07-26,2024-07-28,Second Class,CUST-0187,Customer 187,North,Office Supplies,Stapler,2.0,395.62,0.2,632.99,-0.97
ORD-11541,2024-01-01,2024-01-05,First Class,CUST-0074,Customer 74,North,Technology,Monitor,4.0,394.73,0.15,1342.08,546.81
ORD-11542,2024-11-24,2024-11-27,Standard Class,CUST-0059,Customer 59,East,Furniture,Bookcase,4.0,378.28,0.0,1513.12,637.67
ORD-11543,2025-05-02,2025-05-03,Second Class,CUST-0136,Customer 136,South,Furniture,Desk,2.0,365.93,0.0,731.86,122.55
ORD-11544,2024-03-18,2024-03-20,Standard Class,CUST-0104,Customer 104,North,Office Supplies,Pens (Box),9.0,582.91,0.15,4459.26,813.49
ORD-11545,2024-10-06,2024-10-12,First Class,CUST-0058,Customer 58,North,Office Supplies,Binder,8.0,437.81,0.0,3502.48,1741.6
ORD-11546,2025-01-13,2025-01-16,Second Class,CUST-0064,Customer 64,West,OFFICE SUPPLIES,Paper,8.0,1105.4,0.0,8843.2,4247.83
ORD-11547,2024-11-19,2024-11-22,Standard Class,CUST-0023,Customer 23,North,Office Supplies,Paper,6.0,1077.57,0.0,6465.42,2463.01
ORD-11548,31/07/2025,2025-08-01,First Class,CUST-0160,Customer 160,west,Furniture,Desk,1.0,384.87,0.1,346.38,134.22
ORD-11549,2024-12-04,2024-12-10,Same Day,CUST-0003,Customer 3,East,Technology,Printer,6.0,133.76,0.3,561.79,-94.04
ORD-11550,2025-01-02,2025-01-04,Standard Class,CUST-0142,  Customer 142  ,North,Furniture,Chair,5.0,384.9,0.15,1635.83,545.98
ORD-11551,2025-03-07,2025-03-14,Second Class,CUST-0004,Customer 4,South,Office Supplies,Binder,1.0,880.18,0.0,880.18,236.48
ORD-11552,2024-02-05,2024-02-12,Second Class,CUST-0013,Customer 13,East,Office Supplies,Paper,4.0,58.31,0.0,233.24,69.29
ORD-11553,2024-05-11,2024-05-15,Same Day,CUST-0192,Customer 192,East,FURNITURE,Bookcase,3.0,1138.55,0.0,3415.65,1343.43
ORD-11554,2024-03-13,2024-03-19,First Class,CUST-0009,Customer 9,North,Technology,Wireless Mouse,5.0,820.55,0.0,4102.75,889.59
ORD-11555,2024-01-29,2024-02-02,Second Class,CUST-0017,Customer 17,East,Office Supplies,Paper,5.0,589.0,0.1,2650.5,592.09
ORD-11556,18/09/2024,2024-09-19,First Class,CUST-0086,  Customer 86  ,East,Office Supplies,Binder,1.0,16.09,0.0,16.09,8.03
ORD-11557,2024-02-02,2024-02-07,Second Class,CUST-0162,Customer 162,East,OFFICE SUPPLIES,Binder,7.0,833.76,0.0,5836.32,2796.74
ORD-11558,2025-04-28,2025-05-04,First Class,CUST-0057,Customer 57,East,Furniture,Bookcase,7.0,850.32,0.1,5357.02,871.82
ORD-11559,2024-11-04,2024-11-07,First Class,CUST-0136,Customer 136,South,Furniture,Desk,1.0,436.54,0.0,436.54,101.75
ORD-11560,01/07/2024,2024-07-06,Second Class,CUST-0099,Customer 99,East,OFFICE SUPPLIES,Pens (Box),8.0,985.91,0.0,7887.28,2951.3
ORD-11561,2025-02-14,2025-02-20,Same Day,CUST-0183,Customer 183,south,Furniture,Desk,1.0,286.43,0.0,286.43,111.77
ORD-11562,2024-01-28,2024-02-03,Same Day,CUST-0042,Customer 42,West,Office Supplies,Binder,9.0,1117.12,0.1,9048.67,565.47
ORD-11563,2024-11-26,2024-11-29,Same Day,CUST-0177,Customer 177,East,Furniture,Desk,8.0,371.33,0.15,2525.04,612.65
ORD-11564,06/12/2025,2025-12-12,Second Class,CUST-0181,Customer 181,West,Technology,Wireless Mouse,2.0,84.45,0.0,168.9,66.66
ORD-11565,2024-06-22,2024-06-28,Same Day,CUST-0053,Customer 53,South,Technology,Laptop,4.0,949.59,0.0,3798.36,973.21
ORD-11566,2024-05-17,2024-05-21,Standard Class,CUST-0125,Customer 125,West,Furniture,Desk,5.0,165.54,0.1,744.93,195.17
ORD-11567,2025-03-16,2025-03-18,Second Class,CUST-0197,Customer 197,South,Office Supplies,Stapler,8.0,1013.8,0.0,8110.4,1343.05
ORD-11568,2025-10-12,2025-10-13,Same Day,CUST-0124,Customer 124,south,Furniture,Table Lamp,3.0,601.33,0.0,1803.99,709.28
ORD-11569,2025-09-18,2025-09-21,Second Class,CUST-0103,Customer 103,West,Office Supplies,Pens (Box),4.0,78.17,0.1,281.41,44.14
ORD-11570,2024-06-27,2024-06-30,Same Day,CUST-0043,Customer 43,East,Office Supplies,Pens (Box),9.0,689.71,0.0,6207.39,1910.71
ORD-11571,2024-02-12,2024-02-13,Second Class,CUST-0133,Customer 133,north,Technology,Laptop,6.0,152.0,0.1,820.8,322.63
ORD-11572,2025-12-30,2025-12-31,First Class,CUST-0144,Customer 144,south,Technology,Printer,6.0,856.23,0.15,4366.77,1175.25
ORD-11573,2025-08-14,2025-08-19,Second Class,CUST-0017,Customer 17,East,Office Supplies,Paper,5.0,969.71,0.0,4848.55,2044.21
ORD-11574,2024-06-21,2024-06-27,Second Class,CUST-0103,Customer 103,West,Technology,Laptop,8.0,235.81,0.0,1886.48,356.53
ORD-11575,2025-01-22,2025-01-27,First Class,CUST-0039,Customer 39,South,Office Supplies,Stapler,7.0,14.1,0.0,98.7,17.18
ORD-11576,2025-06-07,2025-06-14,Same Day,CUST-0002,Customer 2,West,Furniture,Desk,3.0,927.57,0.3,1947.9,538.84
ORD-11577,2024-08-11,2024-08-17,Second Class,CUST-0038,Customer 38,West,Technology,Wireless Mouse,10.0,655.93,0.0,6559.3,2454.61
ORD-11578,2025-02-12,2025-02-18,Second Class,CUST-0027,Customer 27,South,Technology,Monitor,3.0,892.31,0.0,2676.93,701.09
ORD-11579,2025-09-14,2025-09-16,Same Day,CUST-0187,Customer 187,North,Technology,Laptop,8.0,852.78,0.15,5798.9,1096.65
ORD-11580,2024-06-08,2024-06-09,Same Day,CUST-0043,Customer 43,East,Technology,Laptop,9.0,951.63,0.0,8564.67,2789.38
ORD-11581,2025-10-12,2025-10-18,First Class,CUST-0112,Customer 112,west,Furniture,Table Lamp,1.0,138.09,0.0,138.09,33.96
ORD-11582,2025-01-15,2025-01-21,Standard Class,CUST-0198,Customer 198,North,Technology,Monitor,11.0,22.87,0.1,226.41,46.54
ORD-11583,03/06/2025,2025-06-05,Same Day,CUST-0099,Customer 99,east,OFFICE SUPPLIES,Binder,9.0,373.33,0.0,3359.97,972.64
ORD-11584,12/11/2025,2025-11-17,Second Class,CUST-0092,Customer 92,West,Technology,Printer,10.0,693.66,0.0,6936.6,1898.28
ORD-11585,16/11/2025,2025-11-18,First Class,CUST-0131,Customer 131,east,Furniture,Desk,5.0,1080.8,0.15,4593.4,137.27
ORD-11586,2024-06-02,2024-06-09,First Class,CUST-0052,Customer 52,North,Office Supplies,Stapler,1.0,245.16,0.1,220.64,40.41
ORD-11587,19/08/2024,2024-08-22,First Class,CUST-0096,Customer 96,South,Furniture,Table Lamp,6.0,32.57,0.0,195.42,62.26
ORD-11588,02/03/2024,2024-03-07,Standard Class,CUST-0003,Customer 3,East,Office Supplies,Binder,8.0,26.32,0.1,189.5,71.58
ORD-11589,2025-03-18,2025-03-24,Second Class,CUST-0016,Customer 16,West,Technology,Printer,3.0,741.81,0.0,2225.43,1025.91
ORD-11590,2024-01-03,2024-01-09,Second Class,CUST-0187,Customer 187,North,Office Supplies,Stapler,4.0,753.55,0.0,3014.2,985.55
ORD-11591,2024-02-10,2024-02-13,First Class,CUST-0187,Customer 187,North,Office Supplies,Paper,3.0,1095.87,0.2,2630.09,501.85
ORD-11592,2025-03-27,2025-04-03,Standard Class,CUST-0094,Customer 94,south,Furniture,Table Lamp,4.0,656.01,0.0,2624.04,533.35
ORD-11593,31/07/2024,2024-08-02,Standard Class,CUST-0007,Customer 7,North,Furniture,Table Lamp,4.0,573.57,0.15,1950.14,168.57
ORD-11594,2025-01-19,2025-01-26,Same Day,CUST-0019,Customer 19,West,Technology,Wireless Mouse,10.0,213.52,0.0,2135.2,599.83
ORD-11595,2024-03-10,2024-03-13,Same Day,CUST-0159,Customer 159,east,TECHNOLOGY,Laptop,1.0,847.48,0.0,847.48,168.01
ORD-11596,2024-07-05,2024-07-10,Same Day,CUST-0002,Customer 2,West,Furniture,Desk,8.0,286.81,0.0,2294.48,531.01
ORD-11597,2025-10-12,2025-10-19,Standard Class,CUST-0065,  Customer 65  ,South,Technology,Wireless Mouse,1.0,583.35,0.0,583.35,251.46
ORD-11598,2025-08-03,2025-08-04,Standard Class,CUST-0194,Customer 194,South,Furniture,Chair,5.0,776.63,0.0,3883.15,1078.33
ORD-11599,2024-07-27,2024-08-03,First Class,CUST-0162,Customer 162,East,Furniture,Desk,11.0,765.46,0.0,8420.06,2883.77
ORD-11600,26/09/2025,2025-10-01,Same Day,CUST-0156,Customer 156,East,Office Supplies,Pens (Box),9.0,416.27,0.1,3371.79,632.5
ORD-11601,11/01/2025,2025-01-17,Second Class,CUST-0055,Customer 55,South,Technology,Printer,1.0,209.39,0.0,209.39,47.89
ORD-11602,2024-01-13,2024-01-15,Standard Class,CUST-0175,Customer 175,East,Office Supplies,Paper,4.0,939.66,0.0,3758.64,849.64
ORD-11603,2024-07-04,2024-07-09,Second Class,CUST-0089,Customer 89,West,Technology,Monitor,11.0,210.06,0.0,2310.66,626.85
ORD-11604,2025-07-01,2025-07-04,Second Class,CUST-0170,Customer 170,North,Furniture,Table Lamp,7.0,27.89,0.0,195.23,36.38
ORD-11605,18/11/2025,2025-11-19,Same Day,CUST-0099,Customer 99,East,Office Supplies,Pens (Box),8.0,135.8,0.0,1086.4,278.7
ORD-11606,2024-04-24,2024-04-25,First Class,CUST-0172,Customer 172,North,TECHNOLOGY,Printer,3.0,421.27,0.1,1137.43,162.48
ORD-11607,2025-05-09,2025-05-11,Same Day,CUST-0041,Customer 41,North,Office Supplies,Stapler,11.0,570.76,0.0,6278.36,1440.72
ORD-11608,14/10/2024,2024-10-16,Standard Class,CUST-0008,Customer 8,east,Furniture,Bookcase,1.0,669.88,0.0,669.88,118.13
ORD-11609,09/02/2025,2025-02-10,Same Day,CUST-0045,Customer 45,North,Office Supplies,Paper,1.0,924.2,0.2,739.36,149.8
ORD-11610,2024-09-02,2024-09-07,First Class,CUST-0189,Customer 189,North,FURNITURE,Table Lamp,5.0,624.72,0.15,2655.06,883.31
ORD-11611,03/12/2024,2024-12-07,First Class,CUST-0140,Customer 140,South,Technology,Wireless Mouse,2.0,998.57,0.0,1997.14,345.41
ORD-11612,2024-10-19,2024-10-22,Second Class,CUST-0044,Customer 44,South,TECHNOLOGY,Monitor,5.0,982.47,0.1,4421.12,634.72
ORD-11613,2025-07-16,2025-07-20,Standard Class,CUST-0132,Customer 132,East,Furniture,Bookcase,1.0,933.1,0.0,933.1,300.25
ORD-11614,2025-03-20,2025-03-25,Standard Class,CUST-0044,Customer 44,South,Furniture,Bookcase,2.0,1166.6,0.0,2333.2,698.25
ORD-11615,2025-09-16,2025-09-18,Second Class,CUST-0180,Customer 180,East,Office Supplies,Binder,7.0,516.91,0.15,3075.61,690.2
ORD-11616,2025-10-17,2025-10-20,Same Day,CUST-0044,Customer 44,South,Furniture,Chair,3.0,878.5,0.1,2371.95,247.55
ORD-11617,2025-12-13,2025-12-19,First Class,CUST-0059,Customer 59,East,Technology,Printer,2.0,451.17,0.2,721.87,-29.04
ORD-11618,2025-10-04,2025-10-06,Second Class,CUST-0181,Customer 181,West,Office Supplies,Paper,3.0,174.59,0.0,523.77,192.54
ORD-11619,2025-03-10,2025-03-17,First Class,CUST-0131,Customer 131,East,Office Supplies,Binder,11.0,934.27,0.0,10276.97,3553.27
ORD-11620,2025-05-13,2025-05-18,First Class,CUST-0135,Customer 135,west,Office Supplies,Binder,2.0,288.4,0.0,576.8,115.77
ORD-11621,2024-11-17,2024-11-18,First Class,CUST-0030,Customer 30,South,Furniture,Table Lamp,4.0,1187.97,0.0,4751.88,1317.99
ORD-11622,2025-02-03,2025-02-10,Same Day,CUST-0137,Customer 137,east,Furniture,Table Lamp,10.0,374.72,0.1,3372.48,405.89
ORD-11623,2024-08-26,2024-08-28,Standard Class,CUST-0062,Customer 62,East,Office Supplies,Stapler,8.0,388.86,0.0,3110.88,666.63
ORD-11624,2024-11-20,2024-11-27,Second Class,CUST-0138,Customer 138,North,TECHNOLOGY,Printer,4.0,980.8,0.0,3923.2,1500.65
ORD-11625,2024-09-05,2024-09-10,First Class,CUST-0024,Customer 24,West,OFFICE SUPPLIES,Paper,9.0,549.92,,4949.28,2245.93
ORD-11626,2024-06-11,2024-06-12,Standard Class,CUST-0074,Customer 74,North,Furniture,Table Lamp,5.0,749.63,0.0,3748.15,1834.49
ORD-11627,2024-11-23,2024-11-30,Standard Class,CUST-0179,Customer 179,West,Furniture,Table Lamp,3.0,955.75,0.0,2867.25,673.91
ORD-11628,2025-07-01,2025-07-05,Same Day,CUST-0132,Customer 132,East,Furniture,Desk,1.0,121.02,0.0,121.02,39.38
ORD-11629,2025-05-21,2025-05-28,First Class,CUST-0127,Customer 127,North,Office Supplies,Pens (Box),10.0,838.96,0.0,8389.6,1763.85
ORD-11630,2025-09-30,2025-10-01,Same Day,CUST-0015,Customer 15,East,Furniture,Table Lamp,9.0,615.01,0.0,5535.09,2332.64
ORD-11631,2024-01-05,2024-01-11,Same Day,CUST-0041,Customer 41,North,Furniture,Desk,6.0,727.8,0.15,3711.78,233.67
ORD-11632,2025-05-03,2025-05-09,First Class,CUST-0049,Customer 49,east,FURNITURE,Chair,4.0,221.64,0.0,886.56,138.98
ORD-11633,2025-08-19,2025-08-21,Second Class,CUST-0180,Customer 180,East,Technology,Monitor,8.0,997.31,0.0,7978.48,2599.96
ORD-11634,2025-01-05,2025-01-06,Standard Class,CUST-0186,Customer 186,South,Office Supplies,Binder,2.0,921.04,0.0,1842.08,557.47
ORD-11635,15/01/2024,2024-01-21,Standard Class,CUST-0122,Customer 122,east,Furniture,Bookcase,1.0,207.51,0.3,145.26,-31.02
ORD-11636,2025-10-16,2025-10-23,Same Day,CUST-0080,Customer 80,East,Furniture,Table Lamp,2.0,625.57,0.0,1251.14,314.93
ORD-11637,2025-04-30,2025-05-03,,CUST-0010,Customer 10,,Furniture,Desk,,,,2620.32,
ORD-11638,21/01/2024,2024-01-22,Second Class,CUST-0011,Customer 11,East,Office Supplies,Pens (Box),7.0,983.17,0.1,6193.97,1508.76
ORD-11639,2025-12-29,2026-01-03,First Class,CUST-0158,Customer 158,East,Office Supplies,Pens (Box),5.0,195.56,0.0,977.8,398.14
ORD-11640,2024-12-06,2024-12-09,Same Day,CUST-0151,  Customer 151  ,West,Office Supplies,Stapler,6.0,1008.39,0.0,6050.34,1056.2
ORD-11641,24/03/2024,2024-03-27,First Class,CUST-0074,Customer 74,North,Furniture,Table Lamp,8.0,261.48,0.15,1778.06,266.7
ORD-11642,2025-08-07,2025-08-09,Second Class,CUST-0066,Customer 66,South,Technology,Monitor,7.0,956.41,0.0,6694.87,2639.11
ORD-11643,2024-10-16,2024-10-22,Standard Class,CUST-0158,Customer 158,East,Technology,Printer,2.0,405.66,0.15,689.62,148.64
ORD-11644,2025-03-30,2025-04-03,Same Day,CUST-0031,Customer 31,South,Office Supplies,Binder,9.0,314.94,0.0,2834.46,435.73
ORD-11645,2024-07-22,2024-07-28,Same Day,CUST-0168,Customer 168,north,Office Supplies,Paper,2.0,41.12,0.0,82.24,14.13
ORD-11646,2024-04-17,2024-04-19,Same Day,CUST-0163,Customer 163,South,Office Supplies,Pens (Box),2.0,673.18,0.0,1346.36,528.78
ORD-11647,2024-10-23,2024-10-27,First Class,CUST-0109,Customer 109,South,Office Supplies,Paper,2.0,303.2,0.0,606.4,290.18
ORD-11648,2024-08-01,2024-08-05,First Class,CUST-0021,Customer 21,East,Furniture,Desk,4.0,278.75,0.2,892.0,182.74
ORD-11649,12/01/2024,2024-01-18,Standard Class,CUST-0110,Customer 110,East,FURNITURE,Chair,8.0,126.22,0.0,1009.76,241.84
ORD-11650,29/11/2025,2025-12-05,Second Class,CUST-0005,Customer 5,south,Office Supplies,Binder,11.0,129.67,0.0,1426.37,498.5
ORD-11651,2024-02-02,2024-02-08,Second Class,CUST-0050,Customer 50,West,Technology,Printer,8.0,634.03,0.0,5072.24,1766.67
ORD-11652,2025-05-14,2025-05-15,First Class,CUST-0154,Customer 154,South,Furniture,Desk,3.0,398.93,0.0,1196.79,453.88
ORD-11653,18/07/2025,2025-07-24,Standard Class,CUST-0177,Customer 177,East,Furniture,Table Lamp,8.0,931.67,0.0,7453.36,3089.55
ORD-11654,2025-05-30,2025-06-01,Second Class,CUST-0100,Customer 100,North,TECHNOLOGY,Wireless Mouse,8.0,70.39,0.1,506.81,125.44
ORD-11655,2024-06-26,2024-07-01,Standard Class,CUST-0019,Customer 19,West,Technology,Laptop,7.0,870.87,0.15,5181.68,1551.27
ORD-11656,2024-12-25,2024-12-28,Standard Class,CUST-0027,Customer 27,South,Office Supplies,Stapler,2.0,472.27,0.1,850.09,278.64
ORD-11657,2025-07-19,2025-07-26,First Class,CUST-0056,Customer 56,North,Technology,Printer,3.0,44.71,0.0,134.13,34.44
ORD-11658,2025-08-20,2025-08-21,Standard Class,CUST-0115,Customer 115,East,OFFICE SUPPLIES,Paper,7.0,317.42,0.3,1555.36,6.35
ORD-11659,2025-10-03,2025-10-09,First Class,CUST-0199,  Customer 199  ,South,Technology,Laptop,4.0,936.47,0.0,3745.88,749.36
ORD-11660,2024-06-16,2024-06-22,Standard Class,CUST-0122,Customer 122,East,Technology,Wireless Mouse,10.0,627.6,0.15,5334.6,1367.63
ORD-11661,2025-07-23,2025-07-30,Second Class,CUST-0198,Customer 198,North,Furniture,Chair,3.0,1044.72,0.0,3134.16,817.26
ORD-11662,17/01/2024,2024-01-22,Second Class,CUST-0148,Customer 148,North,Furniture,Table Lamp,5.0,129.42,0.0,647.1,252.79
ORD-11663,2025-07-31,2025-08-06,Same Day,CUST-0080,Customer 80,East,Technology,Wireless Mouse,3.0,84.13,0.1,227.15,98.86
ORD-11664,2025-03-11,2025-03-12,Same Day,CUST-0022,Customer 22,South,Furniture,Bookcase,5.0,790.14,0.1,3555.63,291.97
ORD-11665,2025-09-11,2025-09-16,Standard Class,CUST-0012,Customer 12,West,Technology,Printer,7.0,964.35,0.0,6750.45,2130.07
ORD-11666,2024-08-03,2024-08-06,Same Day,CUST-0092,Customer 92,West,Technology,Monitor,9.0,222.66,0.0,2003.94,357.19
ORD-11667,2025-09-29,2025-10-02,Same Day,CUST-0125,Customer 125,West,Technology,Laptop,3.0,947.61,0.1,2558.55,634.33
ORD-11668,2025-03-26,2025-03-28,Same Day,CUST-0007,Customer 7,North,Office Supplies,Pens (Box),7.0,455.37,0.2,2550.07,220.31
ORD-11669,2025-03-22,2025-03-28,Second Class,CUST-0013,Customer 13,East,Technology,Printer,6.0,1125.0,0.3,4725.0,-919.81
ORD-11670,2024-10-06,2024-10-07,Same Day,CUST-0190,Customer 190,South,Furniture,Chair,1.0,1126.27,0.0,1126.27,264.84
ORD-11671,2024-09-04,2024-09-06,Same Day,CUST-0197,Customer 197,South,Office Supplies,Paper,11.0,668.29,0.0,7351.19,1134.48
ORD-11672,18/05/2025,2025-05-22,Same Day,CUST-0118,Customer 118,North,OFFICE SUPPLIES,Pens (Box),4.0,645.88,0.0,2583.52,827.67
ORD-11673,27/12/2025,2025-12-30,Second Class,CUST-0071,Customer 71,West,Technology,Monitor,5.0,663.57,0.15,2820.17,101.2
ORD-11674,2024-11-25,2024-11-26,Second Class,CUST-0109,Customer 109,South,Technology,Monitor,8.0,267.76,0.0,2142.08,637.52
ORD-11675,30/08/2024,2024-08-31,Second Class,CUST-0010,  Customer 10  ,North,Furniture,Desk,2.0,171.75,0.1,309.15,110.75
ORD-11676,2025-10-16,2025-10-20,Standard Class,CUST-0137,Customer 137,east,Furniture,Desk,5.0,732.98,0.1,3298.41,746.46
ORD-11677,2024-04-28,2024-05-05,Standard Class,CUST-0183,Customer 183,South,Office Supplies,Paper,10.0,422.87,0.1,3805.83,887.76
ORD-11678,2025-10-03,2025-10-07,Same Day,CUST-0070,  Customer 70  ,South,TECHNOLOGY,Laptop,8.0,1162.44,0.1,8369.57,3329.51
ORD-11679,2025-07-15,2025-07-20,,CUST-0106,Customer 106,West,Technology,Wireless Mouse,,1061.42,,4245.68,855.4
ORD-11680,2025-02-20,2025-02-26,First Class,CUST-0102,Customer 102,North,Office Supplies,Pens (Box),3.0,622.52,0.0,1867.56,844.66
ORD-11681,2025-04-22,2025-04-28,First Class,CUST-0161,Customer 161,West,Technology,Monitor,11.0,1158.29,0.1,11467.07,4015.09
ORD-11682,26/12/2024,2024-12-31,Same Day,CUST-0163,Customer 163,South,Office Supplies,Pens (Box),4.0,1124.4,0.0,4497.6,1834.52
ORD-11683,2024-04-30,2024-05-04,,CUST-0153,  Customer 153  ,,Technology,Laptop,,,,10937.1,
ORD-11684,2024-08-27,2024-08-31,Same Day,CUST-0196,Customer 196,North,TECHNOLOGY,Wireless Mouse,4.0,887.66,0.0,3550.64,1016.07
ORD-11685,2024-02-14,2024-02-17,Standard Class,CUST-0199,Customer 199,south,Office Supplies,Stapler,5.0,446.86,0.0,2234.3,1012.82
ORD-11686,2024-08-19,2024-08-24,Same Day,CUST-0164,Customer 164,South,Technology,Monitor,5.0,888.26,0.0,4441.3,1822.26
ORD-11687,2024-09-23,2024-09-25,Standard Class,CUST-0151,Customer 151,West,Furniture,Chair,5.0,694.22,0.0,3471.1,1394.15
ORD-11688,2024-11-11,2024-11-14,Standard Class,CUST-0079,Customer 79,East,FURNITURE,Table Lamp,10.0,504.31,0.0,5043.1,819.8
ORD-11689,08/09/2025,2025-09-12,Standard Class,CUST-0056,Customer 56,North,Office Supplies,Binder,4.0,1148.03,,4592.12,2162.86
ORD-11690,2025-04-24,2025-04-25,Second Class,CUST-0135,Customer 135,West,Office Supplies,Pens (Box),3.0,825.33,0.0,2475.99,623.9
ORD-11691,2025-05-03,2025-05-07,Same Day,CUST-0129,Customer 129,East,Office Supplies,Paper,9.0,710.54,0.15,5435.63,919.2
ORD-11692,2024-09-30,2024-10-05,First Class,CUST-0069,Customer 69,North,Office Supplies,Stapler,11.0,56.48,0.15,528.09,206.17
ORD-11693,2025-10-14,2025-10-19,Same Day,CUST-0032,Customer 32,North,Furniture,Table Lamp,5.0,1031.61,0.0,5158.05,1374.61
ORD-11694,2025-08-06,2025-08-07,Second Class,CUST-0110,Customer 110,east,Furniture,Chair,2.0,542.89,0.0,1085.78,405.4
ORD-11695,2024-11-04,2024-11-06,Same Day,CUST-0113,Customer 113,East,Technology,Printer,2.0,512.95,0.1,923.31,231.48
ORD-11696,2025-05-03,2025-05-09,Standard Class,CUST-0111,Customer 111,South,Furniture,Desk,11.0,1081.42,0.0,11895.62,3131.77
ORD-11697,08/12/2025,2025-12-14,Same Day,CUST-0119,Customer 119,North,Office Supplies,Binder,4.0,428.38,0.0,1713.52,805.98
ORD-11698,2024-05-12,2024-05-17,Same Day,CUST-0011,Customer 11,east,Furniture,Desk,7.0,1169.99,0.1,7370.94,610.44
ORD-11699,14/09/2024,2024-09-20,Standard Class,CUST-0096,Customer 96,South,Office Supplies,Binder,6.0,208.8,0.0,1252.8,498.17
ORD-11700,13/05/2025,2025-05-17,,CUST-0019,Customer 19,,Office Supplies,Paper,,,,762.55,
ORD-11701,2024-01-10,2024-01-11,Same Day,CUST-0091,Customer 91,South,Furniture,Desk,2.0,280.21,0.1,504.38,184.87
ORD-11702,2024-05-14,2024-05-17,Second Class,CUST-0096,Customer 96,South,Furniture,Table Lamp,6.0,322.08,,1932.48,479.57
ORD-11703,12/04/2024,2024-04-18,Second Class,CUST-0195,  Customer 195  ,West,Office Supplies,Stapler,10.0,708.14,0.0,7081.4,1350.53
ORD-11704,01/06/2025,2025-06-04,First Class,CUST-0155,Customer 155,south,Technology,Laptop,4.0,966.48,0.3,2706.14,-12.24
ORD-11705,04/09/2025,2025-09-05,Second Class,CUST-0056,Customer 56,North,Technology,Wireless Mouse,8.0,1105.38,0.0,8843.04,3718.06
ORD-11706,2024-02-18,2024-02-22,Standard Class,CUST-0111,Customer 111,South,Furniture,Table Lamp,6.0,480.1,0.2,2304.48,358.38
ORD-11707,2024-08-09,2024-08-14,Standard Class,CUST-0030,Customer 30,South,TECHNOLOGY,Laptop,5.0,145.16,0.1,653.22,139.89
ORD-11708,07/05/2024,2024-05-09,Standard Class,CUST-0187,Customer 187,North,Furniture,Chair,3.0,202.86,0.0,608.58,147.63
ORD-11709,2025-12-15,2025-12-20,Same Day,CUST-0107,Customer 107,West,OFFICE SUPPLIES,Pens (Box),2.0,146.38,0.0,292.76,94.29
ORD-11710,2025-03-25,2025-03-28,Standard Class,CUST-0108,Customer 108,East,Office Supplies,Paper,3.0,929.74,0.0,2789.22,1316.79
ORD-11711,2025-01-17,2025-01-20,Second Class,CUST-0032,Customer 32,North,Furniture,Desk,10.0,455.16,0.0,4551.6,1051.23
ORD-11712,2024-12-17,2024-12-23,First Class,CUST-0177,Customer 177,East,Office Supplies,Paper,9.0,120.34,0.0,1083.06,430.33
ORD-11713,2025-12-13,2025-12-19,First Class,CUST-0112,Customer 112,West,Office Supplies,Binder,9.0,78.8,0.3,496.44,128.33
ORD-11714,2024-11-16,2024-11-17,Same Day,CUST-0112,Customer 112,West,Furniture,Bookcase,11.0,909.77,0.1,9006.72,3522.5
ORD-11715,2025-11-14,2025-11-16,Same Day,CUST-0033,Customer 33,North,Furniture,Bookcase,6.0,775.87,0.15,3956.94,874.77
ORD-11716,2025-01-20,2025-01-26,Standard Class,CUST-0174,Customer 174,East,Technology,Monitor,11.0,557.7,0.1,5521.23,1938.37
ORD-11717,2024-02-09,2024-02-11,First Class,CUST-0020,Customer 20,south,Technology,Wireless Mouse,1.0,279.06,0.0,279.06,91.9
ORD-11718,2025-01-31,2025-02-07,First Class,CUST-0031,Customer 31,South,Office Supplies,Pens (Box),6.0,347.77,0.0,2086.62,943.5
ORD-11719,2024-04-20,2024-04-27,Standard Class,CUST-0091,Customer 91,South,Office Supplies,Paper,1.0,226.73,0.0,226.73,87.99
ORD-11720,2024-09-14,2024-09-21,Second Class,CUST-0106,  Customer 106  ,west,Technology,Laptop,10.0,165.66,0.0,1656.6,592.06
ORD-11721,2025-07-13,2025-07-15,Second Class,CUST-0036,Customer 36,North,Furniture,Desk,7.0,604.53,0.0,4231.71,838.05
ORD-11722,2024-11-12,2024-11-18,Standard Class,CUST-0160,Customer 160,West,Office Supplies,Pens (Box),11.0,278.14,0.15,2600.61,683.96
ORD-11723,2025-12-16,2025-12-22,Second Class,CUST-0124,  Customer 124  ,south,Technology,Wireless Mouse,6.0,1020.77,0.1,5512.16,571.74
ORD-11724,21/12/2025,2025-12-23,First Class,CUST-0002,Customer 2,West,Furniture,Bookcase,5.0,1151.2,0.15,4892.6,452.64
ORD-11725,2024-02-04,2024-02-09,Same Day,CUST-0027,Customer 27,South,Furniture,Table Lamp,10.0,17.93,0.0,179.3,64.31
ORD-11726,2024-03-17,2024-03-19,First Class,CUST-0035,Customer 35,West,Technology,Laptop,10.0,270.68,0.0,2706.8,1340.09
ORD-11727,2025-04-24,2025-04-26,Standard Class,CUST-0111,Customer 111,south,Furniture,Bookcase,4.0,405.21,0.0,1620.84,322.66
ORD-11728,2024-02-02,2024-02-09,Same Day,CUST-0075,Customer 75,East,Furniture,Bookcase,6.0,996.82,0.3,4186.64,-75.8
ORD-11729,2025-01-21,2025-01-25,,CUST-0194,Customer 194,south,Technology,Wireless Mouse,,131.97,,659.85,273.46
ORD-11730,2025-03-23,2025-03-25,First Class,CUST-0023,Customer 23,North,Office Supplies,Paper,6.0,221.54,0.0,1329.24,573.57
ORD-11731,2024-03-07,2024-03-08,First Class,CUST-0094,Customer 94,South,Technology,Laptop,9.0,73.41,0.0,660.69,106.74
ORD-11732,2024-04-17,2024-04-21,Same Day,CUST-0075,Customer 75,East,Office Supplies,Paper,5.0,557.72,0.0,2788.6,887.99
ORD-11733,06/04/2024,2024-04-09,Second Class,CUST-0060,Customer 60,east,Furniture,Table Lamp,2.0,991.21,0.0,1982.42,378.81
ORD-11734,2024-05-05,2024-05-07,Standard Class,CUST-0174,Customer 174,east,Office Supplies,Pens (Box),6.0,961.87,0.0,5771.22,1243.52
ORD-11735,2024-03-28,2024-04-04,Standard Class,CUST-0193,Customer 193,East,Technology,Wireless Mouse,2.0,1152.3,0.0,2304.6,1099.48
ORD-11736,2024-07-28,2024-07-31,First Class,CUST-0007,Customer 7,North,Furniture,Bookcase,1.0,780.27,0.0,780.27,264.82
ORD-11737,2024-11-25,2024-11-28,Same Day,CUST-0199,Customer 199,South,Technology,Wireless Mouse,3.0,172.55,0.1,465.89,176.58
ORD-11738,2025-05-27,2025-06-03,Same Day,CUST-0097,Customer 97,North,Technology,Monitor,9.0,516.39,0.15,3950.38,520.87
ORD-11739,2025-07-07,2025-07-09,Second Class,CUST-0090,Customer 90,West,Office Supplies,Binder,2.0,1173.62,0.1,2112.52,468.39
ORD-11740,30/10/2024,2024-10-31,Standard Class,CUST-0086,Customer 86,east,Office Supplies,Stapler,11.0,812.65,0.0,8939.15,2865.04
ORD-11741,2024-06-23,2024-06-29,First Class,CUST-0057,Customer 57,East,Furniture,Chair,1.0,984.47,0.0,984.47,165.88
ORD-11742,2025-08-18,2025-08-22,First Class,CUST-0057,Customer 57,East,TECHNOLOGY,Printer,9.0,1130.77,0.1,9159.24,3694.68
ORD-11743,07/07/2024,2024-07-08,First Class,CUST-0051,Customer 51,West,Furniture,Table Lamp,1.0,833.02,0.15,708.07,245.25
ORD-11744,2024-01-26,2024-01-31,First Class,CUST-0196,Customer 196,North,Technology,Laptop,2.0,866.66,0.15,1473.32,294.55
ORD-11745,2024-02-12,2024-02-14,First Class,CUST-0026,Customer 26,East,TECHNOLOGY,Monitor,3.0,907.5,0.15,2314.12,646.76
ORD-11746,24/07/2024,2024-07-28,First Class,CUST-0002,Customer 2,West,Office Supplies,Paper,5.0,35.65,0.1,160.43,55.34
ORD-11747,2025-03-30,2025-04-05,Second Class,CUST-0128,Customer 128,west,TECHNOLOGY,Monitor,10.0,1152.65,0.0,11526.5,5406.86
ORD-11748,2024-02-08,2024-02-13,Second Class,CUST-0017,  Customer 17  ,East,OFFICE SUPPLIES,Paper,7.0,1078.29,0.0,7548.03,2472.28
ORD-11749,2025-07-13,2025-07-16,Standard Class,CUST-0159,Customer 159,East,Technology,Printer,4.0,1049.07,0.1,3776.65,1043.6
ORD-11750,2024-10-18,2024-10-20,Standard Class,CUST-0158,Customer 158,East,Furniture,Table Lamp,4.0,412.94,0.0,1651.76,778.64
ORD-11751,09/02/2025,2025-02-14,Second Class,CUST-0022,Customer 22,South,Furniture,Table Lamp,2.0,1029.28,0.1,1852.7,214.19
ORD-11752,2025-05-25,2025-06-01,Same Day,CUST-0188,Customer 188,South,Technology,Laptop,11.0,339.63,0.0,3735.93,619.59
ORD-11753,2025-12-13,2025-12-15,Second Class,CUST-0177,Customer 177,East,Furniture,Chair,9.0,129.39,0.0,1164.51,570.77
ORD-11754,2024-01-12,2024-01-18,First Class,CUST-0029,  Customer 29  ,East,Office Supplies,Binder,11.0,1185.69,0.0,13042.59,4723.27
ORD-11755,2024-08-08,2024-08-12,Second Class,CUST-0087,Customer 87,North,Technology,Wireless Mouse,6.0,737.47,0.15,3761.1,1081.43
ORD-11756,2024-08-11,2024-08-13,Standard Class,CUST-0190,Customer 190,South,Office Supplies,Pens (Box),7.0,329.2,0.3,1613.08,-10.46
ORD-11757,2025-02-10,2025-02-14,Standard Class,CUST-0195,Customer 195,West,Furniture,Bookcase,4.0,1183.34,0.0,4733.36,1985.42
ORD-11758,20/09/2025,2025-09-26,Standard Class,CUST-0067,  Customer 67  ,West,Technology,Laptop,11.0,23.75,0.15,222.06,19.03
ORD-11759,01/06/2024,2024-06-02,Same Day,CUST-0133,Customer 133,north,Office Supplies,Pens (Box),9.0,724.76,0.0,6522.84,3147.98
ORD-11760,2024-06-25,2024-06-30,Same Day,CUST-0186,Customer 186,south,Furniture,Chair,3.0,601.11,0.0,1803.33,403.15
ORD-11761,2025-07-29,2025-08-03,Same Day,CUST-0063,Customer 63,South,OFFICE SUPPLIES,Stapler,1.0,516.31,0.15,438.86,115.07
ORD-11762,20/07/2024,2024-07-24,First Class,CUST-0160,Customer 160,West,Technology,Monitor,5.0,785.03,,3925.15,780.94
ORD-11763,2024-07-20,2024-07-26,Same Day,CUST-0159,Customer 159,East,Furniture,Table Lamp,8.0,520.18,0.0,4161.44,680.92
ORD-11764,2025-02-01,2025-02-06,Second Class,CUST-0013,  Customer 13  ,east,Furniture,Table Lamp,10.0,532.56,0.0,5325.6,2376.89
ORD-11765,2024-05-25,2024-06-01,First Class,CUST-0110,Customer 110,East,Technology,Printer,9.0,533.29,0.0,4799.61,1001.29
ORD-11766,2025-08-11,2025-08-12,First Class,CUST-0199,Customer 199,South,Furniture,Table Lamp,6.0,86.27,0.0,517.62,219.13
ORD-11767,2025-11-14,2025-11-21,Standard Class,CUST-0004,Customer 4,South,Technology,Monitor,6.0,917.46,0.0,5504.76,2014.94
ORD-11768,2024-06-07,2024-06-09,Standard Class,CUST-0038,Customer 38,West,Technology,Wireless Mouse,7.0,139.62,0.0,977.34,344.06
ORD-11769,2024-09-06,2024-09-10,First Class,CUST-0192,Customer 192,east,Office Supplies,Pens (Box),8.0,502.99,0.0,4023.92,1475.85
ORD-11770,11/09/2025,2025-09-16,Standard Class,CUST-0113,Customer 113,East,Office Supplies,Paper,2.0,157.43,0.0,314.86,47.94
ORD-11771,2025-04-25,2025-04-26,Second Class,CUST-0053,  Customer 53  ,South,Furniture,Desk,8.0,474.79,0.0,3798.32,1894.18
ORD-11772,2025-07-21,2025-07-24,Standard Class,CUST-0162,Customer 162,East,Furniture,Chair,10.0,1029.72,0.0,10297.2,3933.97
ORD-11773,2025-11-17,2025-11-22,Standard Class,CUST-0181,  Customer 181  ,West,Furniture,Bookcase,3.0,945.3,0.0,2835.9,926.07
ORD-11774,2024-06-01,2024-06-06,First Class,CUST-0173,Customer 173,West,Furniture,Desk,5.0,1174.25,0.0,5871.25,1556.62
ORD-11775,2024-04-27,2024-05-03,Second Class,CUST-0076,Customer 76,South,Technology,Laptop,3.0,174.04,0.0,522.12,167.69
ORD-11776,2025-12-09,2025-12-11,First Class,CUST-0173,Customer 173,West,Furniture,Table Lamp,4.0,874.78,0.0,3499.12,1253.41
ORD-11777,21/10/2024,2024-10-27,First Class,CUST-0077,  Customer 77  ,South,TECHNOLOGY,Laptop,2.0,701.62,0.0,1403.24,535.16
ORD-11778,2025-02-14,2025-02-21,Second Class,CUST-0074,Customer 74,North,Office Supplies,Stapler,11.0,677.78,0.0,7455.58,2163.54
ORD-11779,2024-02-07,2024-02-10,Same Day,CUST-0146,Customer 146,West,Technology,Printer,2.0,1192.97,0.1,2147.35,605.94
ORD-11780,2025-04-23,2025-04-27,First Class,CUST-0008,Customer 8,East,Furniture,Bookcase,9.0,844.0,0.15,6456.6,1445.49
ORD-11781,2025-01-04,2025-01-06,Second Class,CUST-0100,Customer 100,North,TECHNOLOGY,Laptop,8.0,572.41,0.1,4121.35,1823.28
ORD-11782,2025-01-05,2025-01-06,Same Day,CUST-0179,Customer 179,West,Furniture,Table Lamp,3.0,440.4,0.0,1321.2,451.67
ORD-11783,2024-08-10,2024-08-15,Second Class,CUST-0105,Customer 105,West,Office Supplies,Paper,10.0,1010.78,0.0,10107.8,4103.39
ORD-11784,2025-06-28,2025-07-02,Same Day,CUST-0140,  Customer 140  ,South,Office Supplies,Paper,1.0,243.96,0.0,243.96,95.78
ORD-11785,2025-04-07,2025-04-13,Same Day,CUST-0162,Customer 162,east,Office Supplies,Pens (Box),6.0,984.6,0.15,5021.46,1261.62
ORD-11786,2024-03-27,2024-03-30,Second Class,CUST-0162,Customer 162,East,Office Supplies,Stapler,1.0,515.02,0.0,515.02,243.1
ORD-11787,2025-06-17,2025-06-23,Same Day,CUST-0142,Customer 142,north,Technology,Laptop,7.0,69.95,0.0,489.65,184.61
ORD-11788,2025-06-08,2025-06-09,First Class,CUST-0016,Customer 16,West,Office Supplies,Binder,-6.0,694.98,0.3,2918.92,695.85
ORD-11789,30/12/2025,2026-01-04,Second Class,CUST-0076,Customer 76,South,TECHNOLOGY,Laptop,4.0,61.11,0.0,244.44,83.41
ORD-11790,18/09/2025,2025-09-20,Same Day,CUST-0091,  Customer 91  ,South,Furniture,Chair,6.0,455.71,0.3,1913.98,433.77
ORD-11791,2024-02-19,2024-02-24,Second Class,CUST-0029,Customer 29,East,Office Supplies,Paper,10.0,971.57,0.0,9715.7,2432.13
ORD-11792,2024-07-31,2024-08-02,Standard Class,CUST-0032,Customer 32,North,OFFICE SUPPLIES,Pens (Box),5.0,498.71,0.2,1994.84,495.84
ORD-11793,2025-12-15,2025-12-19,Second Class,CUST-0171,Customer 171,North,Furniture,Bookcase,9.0,1032.53,0.0,9292.77,2624.28
ORD-11794,01/12/2025,2025-12-07,Second Class,CUST-0027,Customer 27,South,Office Supplies,Stapler,5.0,419.1,0.0,2095.5,621.46
ORD-11795,2024-11-18,2024-11-23,Standard Class,CUST-0165,Customer 165,South,Technology,Monitor,1.0,182.15,0.2,145.72,50.29
ORD-11796,2024-06-11,2024-06-18,First Class,CUST-0164,Customer 164,South,Office Supplies,Paper,7.0,455.6,0.0,3189.2,1213.3
ORD-11797,20/01/2024,2024-01-27,Same Day,CUST-0153,  Customer 153  ,West,Furniture,Bookcase,1.0,6.88,0.0,6.88,2.57
ORD-11798,2025-02-25,2025-02-26,First Class,CUST-0098,Customer 98,east,Furniture,Bookcase,11.0,840.63,0.0,9246.93,4597.12
ORD-11799,2025-12-02,2025-12-07,Same Day,CUST-0180,Customer 180,East,Furniture,Chair,9.0,230.1,0.1,1863.81,374.99
ORD-11800,2025-06-21,2025-06-25,Second Class,CUST-0038,Customer 38,west,Furniture,Bookcase,11.0,589.85,0.0,6488.35,2865.94
ORD-11801,2024-08-19,2024-08-24,First Class,CUST-0058,Customer 58,North,Office Supplies,Pens (Box),5.0,844.74,0.1,3801.33,692.86
ORD-11802,2024-05-24,2024-05-31,Same Day,CUST-0041,Customer 41,north,Furniture,Bookcase,8.0,1012.15,0.3,5668.04,297.41
ORD-11803,2025-10-27,2025-10-28,Same Day,CUST-0105,Customer 105,west,Office Supplies,Paper,6.0,870.6,0.0,5223.6,2178.02
ORD-11804,25/08/2024,2024-08-30,Second Class,CUST-0062,Customer 62,East,Furniture,Table Lamp,1.0,942.4,0.1,848.16,147.54
ORD-11805,2025-11-19,2025-11-21,Same Day,CUST-0128,Customer 128,West,Technology,Printer,2.0,299.66,0.0,599.32,273.07
ORD-11806,2024-07-13,2024-07-14,First Class,CUST-0012,Customer 12,West,Furniture,Desk,6.0,1034.03,0.0,6204.18,1097.59
ORD-11807,2024-10-25,2024-10-29,First Class,CUST-0125,Customer 125,West,Furniture,Bookcase,11.0,1029.67,0.0,11326.37,3543.22
ORD-11808,2025-01-09,2025-01-12,Second Class,CUST-0173,Customer 173,West,Office Supplies,Pens (Box),4.0,215.35,0.0,861.4,392.66
ORD-11809,2024-10-20,2024-10-24,Second Class,CUST-0185,Customer 185,South,Technology,Printer,10.0,290.71,0.0,2907.1,1226.64
ORD-11810,25/11/2025,2025-12-01,Second Class,CUST-0091,Customer 91,South,Office Supplies,Stapler,6.0,1194.48,0.15,6091.85,488.4
ORD-11811,2025-11-15,2025-11-16,Standard Class,CUST-0144,Customer 144,South,Technology,Wireless Mouse,4.0,942.31,0.0,3769.24,1598.78
ORD-11812,2024-01-03,2024-01-05,Standard Class,CUST-0027,Customer 27,South,Technology,Printer,5.0,615.39,0.0,3076.95,685.13
ORD-11813,2025-02-25,2025-03-04,Same Day,CUST-0101,Customer 101,West,Furniture,Bookcase,7.0,712.01,0.15,4236.46,711.26
ORD-11814,2025-12-14,2025-12-16,,CUST-0033,  Customer 33  ,,Office Supplies,Binder,,,,1081.27,
ORD-11815,2024-09-20,2024-09-23,First Class,CUST-0038,Customer 38,West,Furniture,Desk,7.0,958.81,0.0,6711.67,2971.12
ORD-11816,2025-11-25,2025-11-28,Second Class,CUST-0113,Customer 113,East,Office Supplies,Binder,9.0,125.94,0.0,1133.46,385.4
ORD-11817,01/01/2024,2024-01-06,Second Class,CUST-0183,Customer 183,south,Furniture,Desk,8.0,743.32,0.15,5054.58,1238.22
ORD-11818,2025-11-02,2025-11-06,Same Day,CUST-0019,Customer 19,west,Furniture,Table Lamp,4.0,326.43,0.3,914.0,-111.95
ORD-11819,2025-11-27,2025-12-03,Same Day,CUST-0173,Customer 173,west,Office Supplies,Pens (Box),11.0,532.67,0.1,5273.43,910.64
ORD-11820,2024-09-11,2024-09-12,Same Day,CUST-0165,Customer 165,South,Office Supplies,Paper,11.0,473.74,0.1,4690.03,778.1
ORD-11821,2024-10-07,2024-10-12,Standard Class,CUST-0017,Customer 17,East,Office Supplies,Binder,7.0,172.24,0.0,1205.68,228.51
ORD-11822,2024-09-19,2024-09-22,,CUST-0022,Customer 22,South,Office Supplies,Pens (Box),,,,5215.98,1777.4
ORD-11823,2025-03-02,2025-03-06,First Class,CUST-0111,Customer 111,south,Furniture,Desk,3.0,759.62,0.0,2278.86,795.36
ORD-11824,2024-11-19,2024-11-25,First Class,CUST-0122,Customer 122,East,OFFICE SUPPLIES,Pens (Box),10.0,103.98,0.3,727.86,-99.55
ORD-11825,2024-10-18,2024-10-20,Standard Class,CUST-0132,Customer 132,East,Office Supplies,Paper,2.0,920.27,,1840.54,605.28
ORD-11826,2024-07-03,2024-07-10,First Class,CUST-0159,Customer 159,East,Office Supplies,Paper,6.0,135.52,0.1,731.81,241.05
ORD-11827,2024-02-28,2024-02-29,Same Day,CUST-0003,Customer 3,East,Furniture,Table Lamp,9.0,275.65,0.2,1984.68,465.24
ORD-11828,2024-12-08,2024-12-10,Standard Class,CUST-0134,Customer 134,east,FURNITURE,Chair,11.0,304.05,0.15,2842.87,565.25
ORD-11829,2025-01-02,2025-01-04,First Class,CUST-0139,Customer 139,South,Technology,Laptop,3.0,218.58,0.0,655.74,303.01
ORD-11830,03/11/2025,2025-11-05,Standard Class,CUST-0197,Customer 197,South,Office Supplies,Stapler,9.0,311.93,0.15,2386.26,626.61
ORD-11831,2025-11-03,2025-11-07,First Class,CUST-0124,Customer 124,South,Office Supplies,Stapler,1.0,488.8,0.15,415.48,65.49
ORD-11832,2025-12-24,2025-12-27,Same Day,CUST-0094,Customer 94,South,Office Supplies,Paper,4.0,213.85,0.0,855.4,357.07
ORD-11833,16/02/2025,2025-02-17,First Class,CUST-0164,Customer 164,South,Office Supplies,Paper,6.0,1146.73,0.0,6880.38,1288.11
ORD-11834,2025-12-30,2026-01-06,Second Class,CUST-0144,Customer 144,South,Technology,Laptop,4.0,1097.7,0.0,4390.8,1860.62
ORD-11835,2025-06-29,2025-07-06,Standard Class,CUST-0013,  Customer 13  ,east,Technology,Printer,4.0,30.47,0.1,109.69,22.58
ORD-11836,2025-01-08,2025-01-09,Standard Class,CUST-0087,Customer 87,North,Technology,Monitor,11.0,237.66,0.0,2614.26,602.56
ORD-11837,2025-12-08,2025-12-13,Second Class,CUST-0179,Customer 179,West,Furniture,Table Lamp,10.0,609.11,0.0,6091.1,1505.46
ORD-11838,2025-11-04,2025-11-08,First Class,CUST-0029,Customer 29,East,Office Supplies,Pens (Box),7.0,68.67,0.0,480.69,122.24
ORD-11839,2024-06-03,2024-06-04,Standard Class,CUST-0173,Customer 173,West,Technology,Printer,6.0,845.49,0.0,5072.94,2287.56
ORD-11840,2025-02-11,2025-02-15,First Class,CUST-0161,Customer 161,West,Office Supplies,Pens (Box),9.0,433.07,0.2,3118.1,639.12
ORD-11841,2024-05-29,2024-06-02,First Class,CUST-0192,Customer 192,East,Furniture,Chair,9.0,841.86,0.1,6819.07,2168.34
ORD-11842,2024-03-03,2024-03-07,Second Class,CUST-0091,Customer 91,South,Office Supplies,Pens (Box),1.0,780.57,0.1,702.51,269.13
ORD-11843,2024-05-13,2024-05-14,First Class,CUST-0117,Customer 117,North,FURNITURE,Chair,7.0,1193.95,0.0,8357.65,1282.88
ORD-11844,2025-10-01,2025-10-03,Same Day,CUST-0003,Customer 3,East,Technology,Wireless Mouse,3.0,391.69,0.1,1057.56,105.57
ORD-11845,2025-08-03,2025-08-05,First Class,CUST-0143,Customer 143,south,Technology,Printer,2.0,92.24,0.0,184.48,59.94
ORD-11846,2024-12-27,2024-12-28,Same Day,CUST-0052,Customer 52,North,Furniture,Desk,4.0,471.36,0.0,1885.44,866.35
ORD-11847,2024-05-19,2024-05-24,Same Day,CUST-0029,Customer 29,East,Technology,Printer,2.0,511.53,0.0,1023.06,296.47
ORD-11848,2024-03-16,2024-03-18,Second Class,CUST-0158,Customer 158,East,Furniture,Bookcase,1.0,369.38,0.0,369.38,125.91
ORD-11849,2024-08-27,2024-09-02,First Class,CUST-0042,Customer 42,West,Office Supplies,Binder,2.0,759.64,0.0,1519.28,556.56
ORD-11850,2024-10-12,2024-10-16,Same Day,CUST-0183,Customer 183,South,Technology,Monitor,7.0,860.32,0.0,6022.24,1014.18
ORD-11851,2024-01-24,2024-01-28,Standard Class,CUST-0169,Customer 169,South,Office Supplies,Pens (Box),4.0,798.32,0.0,3193.28,622.86
ORD-11852,2025-08-07,2025-08-10,Same Day,CUST-0097,Customer 97,North,Technology,Monitor,1.0,1044.92,0.0,1044.92,346.8
ORD-11853,2024-02-09,2024-02-11,Same Day,CUST-0045,Customer 45,North,OFFICE SUPPLIES,Stapler,9.0,464.39,0.0,4179.51,835.58
ORD-11854,2024-10-25,2024-10-29,Standard Class,CUST-0174,Customer 174,east,TECHNOLOGY,Laptop,2.0,927.88,0.0,1855.76,575.92
ORD-11855,2024-08-03,2024-08-09,Standard Class,CUST-0146,Customer 146,West,Office Supplies,Paper,10.0,631.67,0.1,5685.03,2296.94
ORD-11856,2025-12-16,2025-12-22,First Class,CUST-0161,Customer 161,west,Technology,Laptop,2.0,31.92,0.0,63.84,28.08
ORD-11857,2024-08-27,2024-09-01,Standard Class,CUST-0050,Customer 50,West,FURNITURE,Desk,1.0,562.22,0.3,393.55,58.03
ORD-11858,2024-07-29,2024-08-01,Second Class,CUST-0165,Customer 165,south,Office Supplies,Pens (Box),1.0,668.16,0.3,467.71,55.85
ORD-11859,2025-04-22,2025-04-29,Standard Class,CUST-0085,Customer 85,East,Office Supplies,Pens (Box),4.0,459.91,0.0,1839.64,398.58
ORD-11860,2024-10-11,2024-10-13,Standard Class,CUST-0187,Customer 187,North,Technology,Printer,11.0,19.92,0.0,219.12,98.25
ORD-11861,2024-07-25,2024-07-27,First Class,CUST-0200,Customer 200,West,Technology,Monitor,2.0,107.33,0.0,214.66,88.62
ORD-11862,2025-01-26,2025-01-29,First Class,CUST-0054,Customer 54,South,Office Supplies,Binder,7.0,910.92,0.15,5419.97,554.77
ORD-11863,19/12/2024,2024-12-22,Second Class,CUST-0162,Customer 162,East,Office Supplies,Binder,6.0,761.86,0.0,4571.16,1761.8
ORD-11864,2024-02-10,2024-02-12,Standard Class,CUST-0075,  Customer 75  ,East,Office Supplies,Pens (Box),6.0,811.25,0.15,4137.38,856.2
ORD-11865,2024-09-04,2024-09-08,Standard Class,CUST-0056,Customer 56,North,Technology,Monitor,4.0,1182.72,0.1,4257.79,697.92
ORD-11866,2024-02-18,2024-02-21,Same Day,CUST-0146,Customer 146,West,Furniture,Bookcase,7.0,271.01,0.0,1897.07,610.04
ORD-11867,2024-08-16,2024-08-23,Same Day,CUST-0085,Customer 85,east,Technology,Laptop,6.0,1111.53,0.0,6669.18,3160.45
ORD-11868,2024-06-28,2024-07-02,Standard Class,CUST-0081,Customer 81,West,Technology,Printer,8.0,1163.87,0.1,8379.86,1528.27
ORD-11869,2025-01-21,2025-01-26,Second Class,CUST-0141,  Customer 141  ,West,Technology,Wireless Mouse,10.0,1033.01,0.0,10330.1,3274.87
ORD-11870,2024-03-03,2024-03-05,Standard Class,CUST-0020,Customer 20,South,Technology,Monitor,6.0,155.63,0.1,840.4,365.45
ORD-11871,2025-05-15,2025-05-18,First Class,CUST-0111,Customer 111,South,OFFICE SUPPLIES,Pens (Box),8.0,10.03,0.0,80.24,18.68
ORD-11872,2024-05-27,2024-06-01,Standard Class,CUST-0142,  Customer 142  ,North,Technology,Monitor,5.0,867.06,0.0,4335.3,1397.97
ORD-11873,22/04/2024,2024-04-23,Second Class,CUST-0035,Customer 35,West,Furniture,Chair,2.0,1043.86,0.0,2087.72,840.46
ORD-11874,2025-11-19,2025-11-25,Standard Class,CUST-0125,Customer 125,West,Technology,Monitor,4.0,798.87,0.0,3195.48,863.35
ORD-11875,2024-07-31,2024-08-04,Standard Class,CUST-0146,Customer 146,West,Office Supplies,Stapler,11.0,334.99,0.0,3684.89,1582.03
ORD-11876,04/09/2024,2024-09-11,First Class,CUST-0072,Customer 72,North,Furniture,Table Lamp,8.0,833.74,0.1,6002.93,2151.7
ORD-11877,2024-11-24,2024-11-26,First Class,CUST-0037,Customer 37,West,Technology,Monitor,9.0,1199.94,0.0,10799.46,4635.06
ORD-11878,2025-10-03,2025-10-10,Second Class,CUST-0064,Customer 64,West,Technology,Monitor,11.0,541.22,0.1,5358.08,1596.86
ORD-11879,16/08/2024,2024-08-18,Standard Class,CUST-0076,  Customer 76  ,South,OFFICE SUPPLIES,Pens (Box),8.0,424.32,0.2,2715.65,426.09
ORD-11880,2024-09-24,2024-09-29,Same Day,CUST-0109,Customer 109,South,Technology,Printer,9.0,1013.32,0.0,9119.88,3066.85
ORD-11881,2025-12-28,2025-12-30,Standard Class,CUST-0075,Customer 75,East,TECHNOLOGY,Monitor,5.0,128.94,0.0,644.7,232.76
ORD-11882,2024-06-12,2024-06-15,First Class,CUST-0050,Customer 50,west,Office Supplies,Paper,6.0,675.5,0.0,4053.0,1119.1
ORD-11883,2025-06-06,2025-06-12,Standard Class,CUST-0135,Customer 135,west,Furniture,Chair,1.0,589.89,0.0,589.89,188.57
ORD-11884,21/11/2025,2025-11-25,Second Class,CUST-0056,Customer 56,North,Office Supplies,Binder,10.0,126.59,0.15,1076.02,88.56
ORD-11885,2025-08-31,2025-09-04,Standard Class,CUST-0148,Customer 148,North,Furniture,Desk,2.0,1106.56,0.0,2213.12,429.48
ORD-11886,2024-06-05,2024-06-12,Same Day,CUST-0049,Customer 49,East,Office Supplies,Stapler,5.0,516.9,0.2,2067.6,559.83
ORD-11887,2025-03-17,2025-03-24,Standard Class,CUST-0175,Customer 175,East,Office Supplies,Paper,1.0,640.0,,640.0,180.74
ORD-11888,2024-06-04,2024-06-10,Standard Class,CUST-0030,Customer 30,South,Technology,Wireless Mouse,9.0,653.07,0.0,5877.63,1088.55
ORD-11889,08/02/2025,2025-02-15,Second Class,CUST-0035,Customer 35,West,Furniture,Desk,1.0,222.43,0.0,222.43,105.18
ORD-11890,25/07/2025,2025-07-28,First Class,CUST-0093,Customer 93,West,Technology,Monitor,1.0,509.49,0.1,458.54,146.2
ORD-11891,2025-03-08,2025-03-11,Second Class,CUST-0156,  Customer 156  ,East,Technology,Monitor,3.0,704.83,0.1,1903.04,288.44
ORD-11892,2024-02-09,2024-02-13,Second Class,CUST-0137,Customer 137,East,Furniture,Table Lamp,3.0,90.91,0.0,272.73,115.03
ORD-11893,2024-08-02,2024-08-05,First Class,CUST-0057,Customer 57,East,Furniture,Bookcase,7.0,807.73,0.1,5088.7,974.3
ORD-11894,2025-01-20,2025-01-26,First Class,CUST-0028,Customer 28,West,Office Supplies,Stapler,6.0,252.19,0.0,1513.14,443.2
ORD-11895,04/02/2025,2025-02-11,Same Day,CUST-0192,Customer 192,east,Office Supplies,Stapler,11.0,1139.12,0.0,12530.32,2028.85
ORD-11896,2024-05-10,2024-05-11,Standard Class,CUST-0076,Customer 76,South,Office Supplies,Stapler,7.0,357.76,0.0,2504.32,828.69
ORD-11897,2025-03-13,2025-03-17,Standard Class,CUST-0167,Customer 167,South,FURNITURE,Table Lamp,1.0,782.42,0.15,665.06,0.61
ORD-11898,2024-03-23,2024-03-30,Standard Class,CUST-0005,Customer 5,South,Furniture,Table Lamp,2.0,1169.22,0.1,2104.6,522.93
ORD-11899,2024-12-02,2024-12-06,Same Day,CUST-0048,Customer 48,West,FURNITURE,Table Lamp,6.0,499.55,0.15,2547.7,375.24
ORD-11900,28/04/2024,2024-05-05,Second Class,CUST-0153,Customer 153,West,Furniture,Desk,10.0,802.08,0.0,8020.8,1736.3
ORD-11901,2025-11-13,2025-11-20,Standard Class,CUST-0188,Customer 188,south,Furniture,Desk,10.0,830.74,0.1,7476.66,1787.51
ORD-11902,2025-08-04,2025-08-11,Standard Class,CUST-0017,Customer 17,East,Office Supplies,Binder,4.0,163.89,0.15,557.23,148.55
ORD-11903,2024-07-21,2024-07-23,Same Day,CUST-0085,Customer 85,East,Furniture,Bookcase,10.0,935.45,0.0,9354.5,4296.27
ORD-11904,2024-06-06,2024-06-09,First Class,CUST-0006,Customer 6,West,Furniture,Bookcase,6.0,263.24,0.0,1579.44,459.77
ORD-11905,2025-12-03,2025-12-08,Same Day,CUST-0135,Customer 135,West,Technology,Laptop,7.0,1159.46,0.0,8116.22,1614.74
ORD-11906,2025-03-02,2025-03-09,Same Day,CUST-0036,  Customer 36  ,North,Office Supplies,Pens (Box),8.0,785.96,0.0,6287.68,2181.06
ORD-11907,21/07/2025,2025-07-26,Standard Class,CUST-0138,Customer 138,North,Furniture,Desk,1.0,312.72,0.0,312.72,66.47
ORD-11908,12/10/2024,2024-10-15,Standard Class,CUST-0089,Customer 89,West,Furniture,Desk,5.0,281.54,0.0,1407.7,341.17
ORD-11909,01/12/2025,2025-12-05,Second Class,CUST-0176,Customer 176,South,Furniture,Desk,10.0,694.42,0.0,6944.2,1760.43
ORD-11910,2024-01-04,2024-01-08,First Class,CUST-0040,Customer 40,East,Furniture,Bookcase,11.0,250.86,0.0,2759.46,701.51
ORD-11911,2025-12-11,2025-12-14,Same Day,CUST-0145,  Customer 145  ,West,Office Supplies,Pens (Box),6.0,396.22,0.0,2377.32,1020.07
ORD-11912,23/06/2024,2024-06-27,Standard Class,CUST-0048,Customer 48,west,Technology,Wireless Mouse,8.0,800.97,0.0,6407.76,1603.13
ORD-11913,2024-02-08,2024-02-12,First Class,CUST-0065,Customer 65,South,Technology,Printer,2.0,220.49,0.0,440.98,162.55
ORD-11914,2024-07-31,2024-08-02,Second Class,CUST-0072,Customer 72,North,Technology,Wireless Mouse,3.0,652.75,0.15,1664.51,230.16
ORD-11915,21/11/2024,2024-11-27,Standard Class,CUST-0053,Customer 53,South,Technology,Laptop,1.0,657.1,0.0,657.1,154.24
ORD-11916,12/10/2024,2024-10-17,First Class,CUST-0041,Customer 41,North,Technology,Laptop,8.0,643.31,0.0,5146.48,1441.03
ORD-11917,2024-12-11,2024-12-13,First Class,CUST-0159,  Customer 159  ,East,Office Supplies,Pens (Box),5.0,103.58,0.0,517.9,149.12
ORD-11918,28/06/2025,2025-06-29,Second Class,CUST-0190,  Customer 190  ,south,Technology,Monitor,10.0,1128.46,0.0,11284.6,4870.2
ORD-11919,2025-11-23,2025-11-28,Standard Class,CUST-0040,Customer 40,East,Technology,Monitor,11.0,559.32,0.1,5537.27,493.28
ORD-11920,2024-10-20,2024-10-21,Second Class,CUST-0116,Customer 116,East,Office Supplies,Stapler,5.0,509.71,0.3,1783.98,261.2
ORD-11921,2024-03-06,2024-03-09,Second Class,CUST-0118,  Customer 118  ,North,Furniture,Chair,2.0,726.16,0.1,1307.09,257.41
ORD-11922,2025-01-03,2025-01-06,Same Day,CUST-0166,Customer 166,west,Technology,Monitor,5.0,925.93,0.0,4629.65,903.06
ORD-11923,2025-02-14,2025-02-19,Same Day,CUST-0053,Customer 53,South,Technology,Wireless Mouse,7.0,898.01,0.3,4400.25,327.99
ORD-11924,2025-10-27,2025-11-03,Same Day,CUST-0110,Customer 110,East,Furniture,Bookcase,11.0,1103.48,0.0,12138.28,5202.06
ORD-11925,2025-11-02,2025-11-04,Same Day,CUST-0123,Customer 123,East,TECHNOLOGY,Monitor,10.0,379.99,0.15,3229.91,420.56
ORD-11926,2024-04-25,2024-04-28,Second Class,CUST-0021,Customer 21,East,Office Supplies,Stapler,10.0,954.22,0.0,9542.2,3178.47
ORD-11927,2024-08-08,2024-08-15,,CUST-0092,  Customer 92  ,West,Office Supplies,Stapler,,,,6730.49,1462.72
ORD-11928,2024-07-18,2024-07-23,First Class,CUST-0091,Customer 91,South,Technology,Printer,9.0,341.67,0.1,2767.53,869.72
ORD-11929,2025-05-26,2025-06-01,First Class,CUST-0134,Customer 134,East,Office Supplies,Pens (Box),5.0,121.3,0.1,545.85,240.58
ORD-11930,2025-02-19,2025-02-23,Second Class,CUST-0044,Customer 44,South,Furniture,Desk,8.0,622.11,0.0,4976.88,1998.08
ORD-11931,2024-05-27,2024-05-28,First Class,CUST-0131,Customer 131,East,Office Supplies,Stapler,2.0,393.09,0.0,786.18,275.56
ORD-11932,2025-04-30,2025-05-01,First Class,CUST-0027,Customer 27,South,Technology,Laptop,4.0,324.91,0.0,1299.64,558.85
ORD-11933,2024-03-24,2024-03-29,Standard Class,CUST-0078,Customer 78,North,Office Supplies,Binder,3.0,1144.02,0.0,3432.06,1045.93
ORD-11934,2024-02-19,2024-02-25,Second Class,CUST-0147,Customer 147,North,Office Supplies,Binder,3.0,837.98,0.0,2513.94,472.43
ORD-11935,2024-10-28,2024-10-29,Standard Class,CUST-0138,Customer 138,North,Office Supplies,Binder,2.0,730.32,0.0,1460.64,637.39
ORD-11936,22/02/2025,2025-03-01,Standard Class,CUST-0140,Customer 140,South,Office Supplies,Paper,6.0,1175.41,0.0,7052.46,3439.97
ORD-11937,2025-06-28,2025-07-03,Standard Class,CUST-0115,Customer 115,East,Furniture,Chair,6.0,894.86,0.0,5369.16,2410.51
ORD-11938,2025-11-12,2025-11-14,First Class,CUST-0059,Customer 59,East,Office Supplies,Stapler,3.0,353.16,0.0,1059.48,230.56
ORD-11939,2024-06-30,2024-07-05,Second Class,CUST-0067,  Customer 67  ,west,Office Supplies,Pens (Box),9.0,650.2,0.0,5851.8,1453.52
ORD-11940,2025-08-27,2025-08-29,Second Class,CUST-0183,Customer 183,South,Technology,Monitor,3.0,287.26,0.0,861.78,326.78
ORD-11941,13/08/2025,2025-08-15,Standard Class,CUST-0103,Customer 103,West,Technology,Monitor,3.0,789.51,0.0,2368.53,1057.89
ORD-11942,2024-10-17,2024-10-22,Standard Class,CUST-0121,  Customer 121  ,South,Office Supplies,Stapler,4.0,283.24,0.0,1132.96,528.76
ORD-11943,06/10/2024,2024-10-10,Same Day,CUST-0142,Customer 142,North,Office Supplies,Paper,2.0,154.24,0.15,262.21,36.33
ORD-11944,13/03/2024,2024-03-20,Same Day,CUST-0090,Customer 90,West,Furniture,Table Lamp,7.0,296.23,0.15,1762.57,159.21
ORD-11945,2025-10-02,2025-10-04,Standard Class,CUST-0123,  Customer 123  ,East,Furniture,Chair,11.0,415.71,0.1,4115.53,416.31
ORD-11946,07/09/2025,2025-09-13,Second Class,CUST-0133,Customer 133,North,TECHNOLOGY,Printer,10.0,99.34,0.15,844.39,228.39
ORD-11947,2024-12-29,2025-01-05,Standard Class,CUST-0014,Customer 14,West,Technology,Monitor,11.0,161.3,0.0,1774.3,795.17
ORD-11948,2024-08-05,2024-08-09,First Class,CUST-0164,Customer 164,South,Furniture,Chair,10.0,460.91,0.0,4609.1,986.02
ORD-11949,2025-04-07,2025-04-10,Second Class,CUST-0095,Customer 95,West,TECHNOLOGY,Wireless Mouse,8.0,552.15,0.0,4417.2,2042.42
ORD-11950,2025-02-05,2025-02-07,Second Class,CUST-0024,Customer 24,West,Technology,Laptop,7.0,327.18,0.1,2061.23,893.44
ORD-11951,16/01/2025,2025-01-17,Second Class,CUST-0040,Customer 40,East,Furniture,Table Lamp,4.0,23.61,0.0,94.44,21.87
ORD-11952,2025-01-03,2025-01-10,Same Day,CUST-0062,Customer 62,East,Technology,Printer,6.0,721.38,0.0,4328.28,1088.05
ORD-11953,2025-12-07,2025-12-08,Same Day,CUST-0185,Customer 185,South,Office Supplies,Paper,3.0,786.42,0.0,2359.26,770.54
ORD-11954,2025-09-30,2025-10-02,Same Day,CUST-0086,Customer 86,East,Furniture,Bookcase,9.0,63.59,0.0,572.31,158.6
ORD-11955,2024-08-03,2024-08-10,Standard Class,CUST-0187,Customer 187,North,Technology,Printer,2.0,180.36,0.0,360.72,153.14
ORD-11956,2024-08-01,2024-08-08,Second Class,CUST-0048,Customer 48,west,Technology,Wireless Mouse,10.0,861.76,0.1,7755.84,3339.65
ORD-11957,2025-11-02,2025-11-06,Second Class,CUST-0093,Customer 93,West,Furniture,Bookcase,5.0,1143.9,0.15,4861.57,1414.44
ORD-11958,2024-02-17,2024-02-21,Same Day,CUST-0085,Customer 85,east,Office Supplies,Binder,8.0,772.91,0.1,5564.95,658.67
ORD-11959,2024-04-12,2024-04-13,Second Class,CUST-0144,Customer 144,South,Furniture,Desk,9.0,165.98,0.0,1493.82,477.37
ORD-11960,2024-04-03,2024-04-05,Same Day,CUST-0199,Customer 199,South,Office Supplies,Binder,7.0,1121.25,0.0,7848.75,2547.63
ORD-11961,11/12/2024,2024-12-15,,CUST-0021,Customer 21,East,Technology,Laptop,,,,5580.5,2439.65
ORD-11962,2024-01-31,2024-02-07,Standard Class,CUST-0103,Customer 103,West,Technology,Wireless Mouse,6.0,743.18,0.1,4013.17,266.78
ORD-11963,2025-09-10,2025-09-16,Standard Class,CUST-0085,Customer 85,east,FURNITURE,Table Lamp,11.0,758.6,0.0,8344.6,3946.41
ORD-11964,2025-10-04,2025-10-09,Same Day,CUST-0007,  Customer 7  ,North,Furniture,Bookcase,10.0,293.11,0.0,2931.1,835.86
ORD-11965,2024-05-22,2024-05-23,First Class,CUST-0030,Customer 30,South,Furniture,Bookcase,8.0,187.09,0.0,1496.72,276.1
ORD-11966,2024-09-21,2024-09-25,First Class,CUST-0164,Customer 164,South,Office Supplies,Pens (Box),5.0,479.01,0.1,2155.55,807.19
ORD-11967,2025-03-16,2025-03-23,Standard Class,CUST-0102,Customer 102,north,Furniture,Desk,2.0,826.56,0.0,1653.12,325.15
ORD-11968,2024-06-21,2024-06-25,Same Day,CUST-0129,  Customer 129  ,East,Furniture,Desk,5.0,1071.9,0.0,5359.5,1352.15
ORD-11969,2024-03-15,2024-03-20,Standard Class,CUST-0026,Customer 26,East,FURNITURE,Chair,2.0,751.67,0.0,1503.34,609.5
ORD-11970,25/06/2024,2024-07-01,Standard Class,CUST-0153,Customer 153,West,Technology,Monitor,1.0,871.38,0.1,784.24,57.51
ORD-11971,2024-08-15,2024-08-19,Standard Class,CUST-0171,Customer 171,North,OFFICE SUPPLIES,Binder,9.0,843.77,0.0,7593.93,3737.98
ORD-11972,2025-11-07,2025-11-12,Same Day,CUST-0109,  Customer 109  ,South,Office Supplies,Binder,10.0,187.8,0.2,1502.4,232.25
ORD-11973,2024-05-18,2024-05-20,First Class,CUST-0079,Customer 79,East,Furniture,Bookcase,7.0,670.12,0.2,3752.67,1112.88
ORD-11974,2025-04-08,2025-04-12,First Class,CUST-0159,Customer 159,East,Technology,Laptop,10.0,77.37,0.0,773.7,225.15
ORD-11975,2024-09-10,2024-09-13,Second Class,CUST-0160,Customer 160,West,TECHNOLOGY,Monitor,6.0,892.12,0.3,3746.9,553.88
ORD-11976,2024-09-11,2024-09-12,Same Day,CUST-0144,Customer 144,South,Technology,Wireless Mouse,10.0,813.7,0.0,8137.0,2337.5
ORD-11977,16/11/2024,2024-11-22,Same Day,CUST-0118,Customer 118,North,Technology,Printer,6.0,324.03,0.0,1944.18,793.53
ORD-11978,2024-06-24,2024-06-25,,CUST-0181,Customer 181,West,Technology,Laptop,,643.82,,3605.39,877.93
ORD-11979,21/06/2024,2024-06-27,Standard Class,CUST-0146,Customer 146,West,Technology,Wireless Mouse,11.0,1015.04,0.0,11165.44,3184.23
ORD-11980,2025-06-18,2025-06-23,Second Class,CUST-0129,Customer 129,east,Office Supplies,Binder,8.0,702.39,0.0,5619.12,2699.32
ORD-11981,2025-09-23,2025-09-24,Same Day,CUST-0185,Customer 185,South,Furniture,Desk,5.0,995.51,0.15,4230.92,1682.78
ORD-11982,2024-04-19,2024-04-21,First Class,CUST-0175,Customer 175,East,Office Supplies,Binder,2.0,967.61,0.0,1935.22,914.68
ORD-11983,2024-05-16,2024-05-21,First Class,CUST-0177,Customer 177,East,Technology,Wireless Mouse,5.0,832.81,0.2,3331.24,1199.4
ORD-11984,2024-11-05,2024-11-08,Second Class,CUST-0041,Customer 41,North,Office Supplies,Binder,8.0,471.03,0.0,3768.24,825.52
ORD-11985,2024-01-22,2024-01-27,Same Day,CUST-0066,Customer 66,South,OFFICE SUPPLIES,Paper,4.0,1008.46,0.0,4033.84,1472.48
ORD-11986,06/11/2024,2024-11-09,Same Day,CUST-0112,  Customer 112  ,West,FURNITURE,Desk,11.0,695.02,0.0,7645.22,2684.1
ORD-11987,02/09/2025,2025-09-04,Same Day,CUST-0096,Customer 96,South,Technology,Wireless Mouse,5.0,728.36,0.3,2549.26,396.08
ORD-11988,2024-11-23,2024-11-29,Second Class,CUST-0159,Customer 159,East,Office Supplies,Stapler,6.0,469.38,0.0,2816.28,529.75
ORD-11989,2024-04-05,2024-04-09,Standard Class,CUST-0092,  Customer 92  ,west,Technology,Printer,2.0,134.03,0.0,268.06,99.57
ORD-11990,05/01/2024,2024-01-10,Standard Class,CUST-0135,Customer 135,West,Office Supplies,Binder,5.0,424.55,0.0,2122.75,965.99
ORD-11991,2024-10-02,2024-10-09,First Class,CUST-0036,Customer 36,north,Office Supplies,Pens (Box),11.0,747.75,0.0,8225.25,1263.59
ORD-11992,2025-06-10,2025-06-11,First Class,CUST-0176,Customer 176,South,Furniture,Chair,10.0,1153.95,0.1,10385.55,2094.75
ORD-11993,2024-01-24,2024-01-27,First Class,CUST-0054,Customer 54,South,Office Supplies,Binder,1.0,183.72,0.15,156.16,54.97
ORD-11994,2024-01-19,2024-01-21,Second Class,CUST-0160,Customer 160,West,TECHNOLOGY,Laptop,9.0,681.67,0.0,6135.03,1883.11
ORD-11995,2024-01-04,2024-01-10,First Class,CUST-0077,Customer 77,South,Office Supplies,Binder,7.0,1153.64,0.0,8075.48,4031.27
ORD-11996,01/04/2025,2025-04-08,Standard Class,CUST-0122,Customer 122,East,Furniture,Chair,2.0,794.92,0.0,1589.84,487.47
ORD-11997,2025-11-02,2025-11-09,Same Day,CUST-0043,Customer 43,East,Furniture,Bookcase,10.0,592.58,0.1,5333.22,871.02
ORD-11998,2024-07-24,2024-07-28,Second Class,CUST-0190,Customer 190,South,Technology,Monitor,11.0,752.05,0.0,8272.55,2026.23
ORD-11999,2025-10-25,2025-10-29,Second Class,CUST-0093,Customer 93,West,Furniture,Table Lamp,10.0,994.52,0.0,9945.2,2569.61
ORD-12000,2025-01-26,2025-01-28,Second Class,CUST-0053,  Customer 53  ,south,Technology,Monitor,6.0,74.09,0.0,444.54,100.64
ORD-10279,2025-03-09,2025-03-16,Second Class,CUST-0153,Customer 153,West,Furniture,Desk,9.0,1072.2,0.0,9649.8,4221.68
ORD-10493,2025-09-27,2025-10-04,Standard Class,CUST-0117,Customer 117,North,Technology,Laptop,1.0,1131.3,0.0,1131.3,464.31
ORD-11267,2024-05-05,2024-05-07,Second Class,CUST-0021,  Customer 21  ,East,Technology,Monitor,3.0,769.61,0.0,2308.83,682.01
ORD-10558,13/09/2025,2025-09-19,Same Day,CUST-0123,Customer 123,East,Technology,Printer,8.0,520.47,0.15,3539.2,292.41
ORD-10872,11/11/2025,2025-11-17,First Class,CUST-0129,Customer 129,East,Technology,Printer,4.0,566.64,0.0,2266.56,848.96
ORD-11623,2024-08-26,2024-08-28,Standard Class,CUST-0062,Customer 62,East,Office Supplies,Stapler,8.0,388.86,0.0,3110.88,666.63
ORD-10892,2025-09-10,2025-09-11,Same Day,CUST-0115,Customer 115,east,Furniture,Bookcase,6.0,37.92,0.1,204.77,81.72
ORD-11750,2024-10-18,2024-10-20,Standard Class,CUST-0158,  Customer 158  ,East,Furniture,Table Lamp,4.0,412.94,0.0,1651.76,778.64
ORD-11868,2024-06-28,2024-07-02,Standard Class,CUST-0081,Customer 81,West,TECHNOLOGY,Printer,8.0,1163.87,0.1,8379.86,1528.27
ORD-11799,2025-12-02,2025-12-07,Same Day,CUST-0180,Customer 180,East,Furniture,Chair,9.0,230.1,0.1,1863.81,374.99
ORD-10548,2024-10-31,2024-11-07,Same Day,CUST-0164,Customer 164,South,Technology,Laptop,10.0,1055.96,0.0,10559.6,4493.78
ORD-11897,2025-03-13,2025-03-17,Standard Class,CUST-0167,Customer 167,South,Furniture,Table Lamp,1.0,782.42,0.15,665.06,0.61
ORD-10841,05/07/2025,2025-07-07,First Class,CUST-0033,  Customer 33  ,North,Office Supplies,Binder,5.0,125.93,0.0,629.65,109.27
ORD-11921,2024-03-06,2024-03-09,Second Class,CUST-0118,Customer 118,North,Furniture,Chair,2.0,726.16,0.1,1307.09,257.41
ORD-11438,30/05/2025,2025-06-01,First Class,CUST-0082,Customer 82,South,Furniture,Table Lamp,6.0,362.07,0.1,1955.18,654.09
ORD-11318,2025-12-25,2025-12-28,Second Class,CUST-0156,Customer 156,East,Technology,Monitor,11.0,1108.79,0.0,12196.69,3295.63
ORD-11144,04/03/2024,2024-03-10,Same Day,CUST-0178,Customer 178,North,Office Supplies,Paper,9.0,472.58,0.0,4253.22,1629.95
ORD-11307,2024-06-10,2024-06-11,Second Class,CUST-0056,Customer 56,North,Technology,Laptop,6.0,57.01,0.15,290.75,65.07
ORD-11149,27/04/2025,2025-05-02,Standard Class,CUST-0175,Customer 175,East,Furniture,Chair,5.0,358.44,0.15,1523.37,604.29
ORD-10582,2024-01-15,2024-01-19,First Class,CUST-0068,Customer 68,South,Furniture,Table Lamp,2.0,505.21,0.1,909.38,80.72
ORD-10181,2025-04-22,2025-04-25,Standard Class,CUST-0161,Customer 161,West,Office Supplies,Pens (Box),5.0,480.04,0.0,2400.2,1092.53
ORD-10449,30/06/2024,2024-07-01,First Class,CUST-0140,Customer 140,South,Office Supplies,Binder,8.0,337.93,0.1,2433.1,184.24
ORD-11117,2024-08-31,2024-09-05,First Class,CUST-0197,Customer 197,South,Technology,Wireless Mouse,5.0,851.56,0.0,4257.8,1717.4
ORD-11551,07/03/2025,2025-03-14,Second Class,CUST-0004,Customer 4,south,Office Supplies,Binder,1.0,880.18,0.0,880.18,236.48
ORD-11603,2024-07-04,2024-07-09,Second Class,CUST-0089,  Customer 89  ,West,Technology,Monitor,11.0,210.06,0.0,2310.66,626.85
