OrderID,OrderDate,ShipDate,ShipMode,CustomerID,CustomerName,Region,Category,Product,Quantity,UnitPrice,Discount,Sales,Profit,Sales_Outlier,Quantity_Outlier,Sales_Validation_Flag,OrderMonth,ShippingDays,ProfitMargin
ORD-10001,2024-07-09,2024-07-15,Same Day,CUST-0014,Customer 14,West,Office Supplies,Binder,8.0,322.71,0.3,1807.18,-187.33,False,False,False,2024-07,6,-0.1037
ORD-10002,2024-03-11,2024-03-17,Second Class,CUST-0032,Customer 32,North,Office Supplies,Binder,1.0,1083.61,0.0,1083.61,465.06,False,False,False,2024-03,6,0.4292
ORD-10003,2025-04-29,2025-05-03,Second Class,CUST-0181,Customer 181,West,Technology,Printer,2.0,1028.65,0.1,1851.57,304.87,False,False,False,2025-04,4,0.1647
ORD-10004,2025-04-19,2025-04-21,Second Class,CUST-0079,Customer 79,East,Furniture,Bookcase,2.0,105.91,0.0,211.82,102.82,False,False,False,2025-04,2,0.4854
ORD-10005,2024-08-06,2024-08-13,Same Day,CUST-0118,Customer 118,North,Furniture,Bookcase,2.0,128.57,0.0,257.14,113.22,False,False,False,2024-08,7,0.4403
ORD-10006,2025-03-07,2025-03-11,Same Day,CUST-0005,Customer 5,South,Technology,Monitor,7.0,32.25,0.3,158.02,7.04,False,False,False,2025-03,4,0.0446
ORD-10007,2025-01-30,2025-02-03,Same Day,CUST-0033,Customer 33,North,Furniture,Desk,6.0,591.39,0.2,2838.67,354.46,False,False,False,2025-01,4,0.1249
ORD-10008,2025-01-15,2025-01-16,Same Day,CUST-0023,Customer 23,North,Office Supplies,Binder,6.0,529.5,0.0,3177.0,669.7,False,False,False,2025-01,1,0.2108
ORD-10009,2024-06-27,2024-07-02,First Class,CUST-0088,Customer 88,South,Furniture,Desk,7.0,134.75,0.1,848.93,284.46,False,False,False,2024-06,5,0.3351
ORD-10010,2024-03-19,2024-03-20,First Class,CUST-0078,Customer 78,North,Office Supplies,Pens (Box),4.0,1099.63,0.0,4398.52,2141.66,False,False,False,2024-03,1,0.4869
ORD-10011,2025-04-08,2025-04-11,First Class,CUST-0055,Customer 55,South,Technology,Monitor,10.0,970.86,0.0,9708.6,1616.34,False,False,False,2025-04,3,0.1665
ORD-10012,2025-11-14,2025-11-21,Same Day,CUST-0008,Customer 8,East,Office Supplies,Binder,11.0,201.71,0.0,2218.81,771.52,False,False,False,2025-11,7,0.3477
ORD-10013,2024-12-08,2024-12-11,Standard Class,CUST-0004,Customer 4,South,Office Supplies,Paper,9.0,1069.5,0.15,8181.68,1620.94,False,False,False,2024-12,3,0.1981
ORD-10014,2024-09-29,2024-09-30,Same Day,CUST-0190,Customer 190,South,Technology,Printer,5.0,117.89,0.1,530.51,181.64,False,False,False,2024-09,1,0.3424
ORD-10015,2024-09-25,2024-09-30,First Class,CUST-0083,Customer 83,North,Furniture,Chair,2.0,998.18,0.0,1996.36,872.92,False,False,False,2024-09,5,0.4373
ORD-10016,2024-08-14,2024-08-18,Standard Class,CUST-0157,Customer 157,North,Furniture,Chair,4.0,934.0,0.3,2615.2,92.43,False,False,False,2024-08,4,0.0353
ORD-10017,2024-08-04,2024-08-08,Same Day,CUST-0050,Customer 50,West,Furniture,Chair,3.0,162.53,0.1,438.83,174.24,False,False,False,2024-08,4,0.3971
ORD-10018,2024-05-25,2024-05-31,Standard Class,CUST-0186,Customer 186,South,Office Supplies,Stapler,5.0,965.93,0.1,4346.68,682.69,False,False,False,2024-05,6,0.1571
ORD-10019,2025-01-06,2025-01-11,Second Class,CUST-0098,Customer 98,East,Furniture,Bookcase,11.0,480.11,0.0,5281.21,1737.49,False,False,False,2025-01,5,0.329
ORD-10020,2025-11-06,2025-11-12,Standard Class,CUST-0136,Customer 136,South,Technology,Monitor,11.0,34.71,0.0,381.81,106.18,False,False,False,2025-11,6,0.2781
ORD-10021,2025-06-22,2025-06-28,Second Class,CUST-0130,Customer 130,East,Furniture,Bookcase,5.0,1159.65,0.0,5798.25,1005.66,False,False,False,2025-06,6,0.1734
ORD-10022,2024-01-14,2024-01-18,Standard Class,CUST-0194,Customer 194,South,Technology,Wireless Mouse,10.0,135.43,0.15,1151.16,96.31,False,False,False,2024-01,4,0.0837
ORD-10023,2024-03-27,2024-03-30,Same Day,CUST-0076,Customer 76,South,Technology,Wireless Mouse,7.0,1041.95,0.0,7293.65,2593.62,False,False,False,2024-03,3,0.3556
ORD-10024,2025-09-25,2025-10-02,First Class,CUST-0156,Customer 156,East,Furniture,Bookcase,11.0,547.41,0.0,6021.51,2511.98,False,False,False,2025-09,7,0.4172
ORD-10025,2024-05-20,2024-05-26,Second Class,CUST-0045,Customer 45,North,Office Supplies,Pens (Box),2.0,84.54,0.0,169.08,75.89,False,False,False,2024-05,6,0.4488
ORD-10026,2025-11-03,2025-11-07,Standard Class,CUST-0115,Customer 115,East,Office Supplies,Paper,11.0,202.81,0.0,2230.91,995.51,False,False,False,2025-11,4,0.4462
ORD-10027,2025-01-11,2025-01-16,Same Day,CUST-0098,Customer 98,East,Furniture,Bookcase,1.0,213.7,0.0,213.7,62.64,False,False,False,2025-01,5,0.2931
ORD-10028,2025-01-03,2025-01-07,Standard Class,CUST-0178,Customer 178,North,Office Supplies,Binder,11.0,1050.63,0.15,9823.39,3869.07,False,False,False,2025-01,4,0.3939
ORD-10029,2024-01-06,2024-01-09,Same Day,CUST-0084,Customer 84,West,Furniture,Chair,3.0,687.62,0.0,2062.86,995.87,False,False,False,2024-01,3,0.4828
ORD-10030,2025-08-31,2025-09-06,Same Day,CUST-0108,Customer 108,East,Office Supplies,Paper,2.0,67.09,0.2,107.34,35.6,False,False,False,2025-08,6,0.3317
ORD-10031,2025-03-25,2025-03-31,First Class,CUST-0042,Customer 42,West,Office Supplies,Paper,11.0,963.42,0.1,9537.86,1855.97,False,False,False,2025-03,6,0.1946
ORD-10032,2025-01-10,2025-01-15,First Class,CUST-0038,Customer 38,West,Office Supplies,Stapler,4.0,1029.8,0.0,4119.2,1504.41,False,False,False,2025-01,5,0.3652
ORD-10033,2024-09-03,2024-09-06,First Class,CUST-0140,Customer 140,South,Furniture,Chair,2.0,576.06,0.0,1152.12,482.28,False,False,False,2024-09,3,0.4186
ORD-10034,2024-10-04,2024-10-09,Same Day,CUST-0052,Customer 52,North,Office Supplies,Binder,5.0,824.46,0.0,4122.3,692.13,False,False,False,2024-10,5,0.1679
ORD-10035,2024-05-27,2024-06-02,First Class,CUST-0137,Customer 137,East,Technology,Wireless Mouse,4.0,644.84,0.15,2192.46,313.64,False,False,False,2024-05,6,0.1431
ORD-10036,2024-07-29,2024-08-02,Same Day,CUST-0031,Customer 31,South,Office Supplies,Stapler,1.0,883.2,0.0,883.2,226.82,False,False,False,2024-07,4,0.2568
ORD-10037,2025-01-16,2025-01-23,First Class,CUST-0044,Customer 44,South,Furniture,Table Lamp,7.0,118.64,0.1,747.43,307.63,False,False,False,2025-01,7,0.4116
ORD-10038,2025-08-07,2025-08-14,Same Day,CUST-0113,Customer 113,East,Office Supplies,Pens (Box),2.0,714.45,0.1,1286.01,173.91,False,False,False,2025-08,7,0.1352
ORD-10039,2024-04-04,2024-04-08,Standard Class,CUST-0098,Customer 98,East,Furniture,Bookcase,7.0,118.58,0.0,830.06,365.27,False,False,False,2024-04,4,0.4401
ORD-10040,2025-01-16,2025-01-18,First Class,CUST-0052,Customer 52,North,Technology,Monitor,8.0,917.89,0.1,6608.81,1672.37,False,False,False,2025-01,2,0.2531
ORD-10041,2025-06-16,2025-06-19,Same Day,CUST-0171,Customer 171,North,Office Supplies,Pens (Box),2.0,144.94,0.0,289.88,78.19,False,False,False,2025-06,3,0.2697
ORD-10042,2024-08-31,2024-09-06,Second Class,CUST-0005,Customer 5,South,Furniture,Bookcase,9.0,1078.55,0.1,8736.25,2963.65,False,False,False,2024-08,6,0.3392
ORD-10043,2025-06-22,2025-06-25,Standard Class,CUST-0041,Customer 41,North,Furniture,Desk,2.0,181.6,0.2,290.56,53.29,False,False,False,2025-06,3,0.1834
ORD-10044,2025-11-14,2025-11-19,Same Day,CUST-0129,Customer 129,East,Furniture,Bookcase,11.0,937.46,0.0,10312.06,3797.67,False,False,False,2025-11,5,0.3683
ORD-10045,2024-03-30,2024-03-31,Second Class,CUST-0150,Customer 150,North,Office Supplies,Pens (Box),11.0,146.58,0.15,1370.52,204.81,False,False,False,2024-03,1,0.1494
ORD-10046,2024-01-09,2024-01-16,Second Class,CUST-0013,Customer 13,East,Furniture,Bookcase,6.0,547.91,0.15,2794.34,810.77,False,False,False,2024-01,7,0.2901
ORD-10047,2024-10-12,2024-10-19,Standard Class,CUST-0168,Customer 168,North,Technology,Laptop,4.0,1102.54,0.1,3969.14,1593.36,False,False,False,2024-10,7,0.4014
ORD-10048,2025-09-02,2025-09-03,First Class,CUST-0042,Customer 42,West,Office Supplies,Binder,9.0,132.17,0.3,832.67,-39.24,False,False,False,2025-09,1,-0.0471
ORD-10049,2025-09-15,2025-09-21,Same Day,CUST-0007,Customer 7,North,Furniture,Bookcase,10.0,39.65,0.0,396.5,178.4,False,False,False,2025-09,6,0.4499
ORD-10050,2025-04-24,2025-04-30,First Class,CUST-0005,Customer 5,South,Furniture,Table Lamp,4.0,48.21,0.0,192.84,92.93,False,False,False,2025-04,6,0.4819
ORD-10051,2025-12-07,2025-12-14,Standard Class,CUST-0145,Customer 145,West,Office Supplies,Pens (Box),3.0,1020.04,0.0,3060.12,672.19,False,False,False,2025-12,7,0.2197
ORD-10052,2025-09-03,2025-09-08,First Class,CUST-0100,Customer 100,North,Office Supplies,Stapler,10.0,52.98,0.0,529.8,241.74,False,False,False,2025-09,5,0.4563
ORD-10053,2024-02-08,2024-02-10,Standard Class,CUST-0020,Customer 20,South,Office Supplies,Stapler,7.0,1022.1,0.0,7154.7,1737.75,False,False,False,2024-02,2,0.2429
ORD-10054,2025-12-16,2025-12-17,Standard Class,CUST-0135,Customer 135,West,Furniture,Bookcase,6.0,735.79,0.0,4414.74,1255.07,False,False,False,2025-12,1,0.2843
ORD-10055,2024-10-01,2024-10-08,First Class,CUST-0026,Customer 26,East,Office Supplies,Binder,8.0,211.89,0.0,1695.12,738.67,False,False,False,2024-10,7,0.4358
ORD-10056,2025-04-09,2025-04-13,Second Class,CUST-0142,Customer 142,North,Technology,Wireless Mouse,3.0,689.03,0.0,2067.09,349.11,False,False,False,2025-04,4,0.1689
ORD-10057,2024-12-03,2024-12-07,Standard Class,CUST-0079,Customer 79,East,Technology,Printer,6.0,780.83,0.0,4997.31,1549.45,False,False,False,2024-12,4,0.3101
ORD-10058,2024-03-28,2024-04-02,Second Class,CUST-0097,Customer 97,North,Office Supplies,Binder,2.0,165.24,0.0,330.48,130.0,False,False,False,2024-03,5,0.3934
ORD-10059,2025-11-23,2025-11-28,First Class,CUST-0172,Customer 172,North,Technology,Monitor,7.0,497.11,0.0,3479.77,1474.83,False,False,False,2025-11,5,0.4238
ORD-10060,2024-11-01,2024-11-04,First Class,CUST-0002,Customer 2,West,Office Supplies,Paper,4.0,571.59,0.0,2286.36,685.08,False,False,False,2024-11,3,0.2996
ORD-10061,2024-09-07,2024-09-11,Standard Class,CUST-0175,Customer 175,East,Office Supplies,Stapler,8.0,784.66,0.0,6277.28,1408.61,False,False,False,2024-09,4,0.2244
ORD-10062,2024-09-20,2024-09-21,Same Day,CUST-0031,Customer 31,South,Technology,Printer,6.0,617.72,0.1,3335.69,332.68,False,False,False,2024-09,1,0.0997
ORD-10063,2024-10-07,2024-10-11,Standard Class,CUST-0052,Customer 52,North,Technology,Printer,6.0,960.85,0.0,5765.1,1192.89,False,False,False,2024-10,4,0.2069
ORD-10064,2025-09-06,2025-09-10,Standard Class,CUST-0020,Customer 20,South,Furniture,Chair,10.0,71.4,0.0,714.0,273.5,False,False,False,2025-09,4,0.3831
ORD-10065,2024-10-30,2024-11-02,First Class,CUST-0043,Customer 43,East,Furniture,Chair,9.0,22.55,0.15,172.51,10.19,False,False,False,2024-10,3,0.0591
ORD-10066,2024-03-28,2024-04-01,Same Day,CUST-0090,Customer 90,West,Furniture,Bookcase,8.0,441.08,0.3,2470.05,-523.69,False,False,False,2024-03,4,-0.212
ORD-10067,2024-08-31,2024-09-01,First Class,CUST-0199,Customer 199,South,Furniture,Table Lamp,8.0,847.96,0.0,6783.68,1870.19,False,False,False,2024-08,1,0.2757
ORD-10068,2024-04-29,2024-05-06,First Class,CUST-0111,Customer 111,South,Office Supplies,Stapler,6.0,203.26,0.15,1036.63,4.64,False,False,False,2024-04,7,0.0045
ORD-10069,2024-08-27,2024-08-28,Same Day,CUST-0120,Customer 120,North,Office Supplies,Pens (Box),11.0,174.21,0.0,1916.31,694.85,False,False,False,2024-08,1,0.3626
ORD-10070,2024-12-08,2024-12-15,Standard Class,CUST-0194,Customer 194,South,Furniture,Desk,6.0,185.05,0.0,1110.3,202.64,False,False,False,2024-12,7,0.1825
ORD-10071,2024-01-11,2024-01-12,Second Class,CUST-0193,Customer 193,East,Furniture,Chair,4.0,590.79,0.0,2363.16,773.58,False,False,False,2024-01,1,0.3273
ORD-10072,2025-04-10,2025-04-15,Standard Class,CUST-0095,Customer 95,West,Office Supplies,Pens (Box),10.0,780.73,0.1,7026.57,1038.25,False,False,False,2025-04,5,0.1478
ORD-10073,2025-01-22,2025-01-28,First Class,CUST-0166,Customer 166,West,Technology,Printer,6.0,409.46,0.15,2088.25,444.92,False,False,False,2025-01,6,0.2131
ORD-10074,2025-10-25,2025-10-30,Second Class,CUST-0160,Customer 160,West,Technology,Printer,5.0,706.61,0.15,3003.09,815.4,False,False,False,2025-10,5,0.2715
ORD-10075,2024-10-12,2024-10-14,Standard Class,CUST-0051,Customer 51,West,Technology,Printer,2.0,481.27,0.2,770.03,76.24,False,False,False,2024-10,2,0.099
ORD-10076,2024-01-19,2024-01-20,First Class,CUST-0096,Customer 96,South,Furniture,Chair,3.0,1113.32,0.0,3339.96,1310.48,False,False,False,2024-01,1,0.3924
ORD-10077,2025-08-09,2025-08-14,Same Day,CUST-0151,Customer 151,West,Furniture,Desk,4.0,845.12,0.0,3380.48,528.6,False,False,False,2025-08,5,0.1564
ORD-10078,2025-10-21,2025-10-25,Same Day,CUST-0108,Customer 108,East,Office Supplies,Pens (Box),8.0,866.23,0.3,4850.89,-510.74,False,False,False,2025-10,4,-0.1053
ORD-10079,2024-10-31,2024-11-07,Standard Class,CUST-0172,Customer 172,North,Furniture,Bookcase,9.0,530.91,0.0,4778.19,1295.2,False,False,False,2024-10,7,0.2711
ORD-10080,2025-06-19,2025-06-22,Standard Class,CUST-0170,Customer 170,North,Furniture,Desk,10.0,901.23,0.0,9012.3,4115.43,False,False,False,2025-06,3,0.4566
ORD-10081,2024-06-25,2024-06-28,Standard Class,CUST-0166,Customer 166,West,Office Supplies,Pens (Box),6.0,1182.72,0.0,7096.32,1119.3,False,False,False,2024-06,3,0.1577
ORD-10082,2025-02-09,2025-02-11,Standard Class,CUST-0116,Customer 116,East,Technology,Laptop,3.0,963.46,0.2,2312.3,34.96,False,False,False,2025-02,2,0.0151
ORD-10083,2025-04-24,2025-04-30,Standard Class,CUST-0132,Customer 132,East,Technology,Wireless Mouse,1.0,135.59,0.1,122.03,20.39,False,False,False,2025-04,6,0.1671
ORD-10084,2025-08-07,2025-08-09,Same Day,CUST-0024,Customer 24,West,Office Supplies,Stapler,5.0,63.51,0.0,317.55,89.66,False,False,False,2025-08,2,0.2823
ORD-10085,2025-05-25,2025-06-01,First Class,CUST-0133,Customer 133,North,Furniture,Table Lamp,6.0,814.36,0.0,4886.16,1756.7,False,False,False,2025-05,7,0.3595
ORD-10086,2025-09-14,2025-09-19,First Class,CUST-0088,Customer 88,South,Furniture,Chair,5.0,420.9,0.15,1788.83,516.39,False,False,False,2025-09,5,0.2887
ORD-10087,2025-05-07,2025-05-10,Second Class,CUST-0068,Customer 68,South,Technology,Laptop,4.0,1064.44,0.0,4257.76,2002.49,False,False,False,2025-05,3,0.4703
ORD-10088,2025-12-30,2025-12-31,First Class,CUST-0114,Customer 114,South,Technology,Wireless Mouse,6.0,359.15,0.0,2154.9,974.26,False,False,False,2025-12,1,0.4521
ORD-10089,2024-06-09,2024-06-13,Second Class,CUST-0127,Customer 127,North,Office Supplies,Pens (Box),8.0,716.28,0.0,5730.24,1029.41,False,False,False,2024-06,4,0.1796
ORD-10090,2024-02-19,2024-02-26,First Class,CUST-0174,Customer 174,East,Furniture,Desk,1.0,246.36,0.0,246.36,84.1,False,False,False,2024-02,7,0.3414
ORD-10091,2025-12-16,2025-12-18,Second Class,CUST-0185,Customer 185,South,Technology,Monitor,5.0,1151.26,0.1,5180.67,1212.85,False,False,False,2025-12,2,0.2341
ORD-10092,2024-08-25,2024-08-27,First Class,CUST-0197,Customer 197,South,Technology,Laptop,7.0,1091.33,0.0,7639.31,1834.88,False,False,False,2024-08,2,0.2402
ORD-10093,2024-09-10,2024-09-17,Standard Class,CUST-0185,Customer 185,South,Technology,Laptop,4.0,293.44,0.0,1173.76,523.02,False,False,False,2024-09,7,0.4456
ORD-10094,2025-08-01,2025-08-08,Same Day,CUST-0104,Customer 104,North,Furniture,Bookcase,3.0,941.67,0.0,2825.01,941.6,False,False,False,2025-08,7,0.3333
ORD-10095,2024-05-04,2024-05-08,Second Class,CUST-0189,Customer 189,North,Office Supplies,Binder,9.0,1083.55,0.1,8776.75,3268.72,False,False,False,2024-05,4,0.3724
ORD-10096,2025-11-28,2025-12-05,Same Day,CUST-0009,Customer 9,North,Technology,Printer,4.0,617.71,0.0,2470.84,1204.42,False,False,False,2025-11,7,0.4875
ORD-10097,2024-07-11,2024-07-15,Same Day,CUST-0199,Customer 199,South,Furniture,Desk,1.0,299.05,0.0,299.05,101.89,False,False,False,2024-07,4,0.3407
ORD-10098,2024-03-22,2024-03-26,Standard Class,CUST-0042,Customer 42,West,Furniture,Chair,10.0,464.48,0.0,4644.8,1187.37,False,False,False,2024-03,4,0.2556
ORD-10099,2024-10-29,2024-11-05,Standard Class,CUST-0076,Customer 76,South,Furniture,Desk,5.0,502.85,0.0,2514.25,1158.5,False,False,False,2024-10,7,0.4608
ORD-10100,2024-12-23,2024-12-27,Same Day,CUST-0176,Customer 176,South,Furniture,Bookcase,4.0,403.05,0.0,1612.2,365.64,False,False,False,2024-12,4,0.2268
ORD-10101,2024-08-31,2024-09-02,First Class,CUST-0054,Customer 54,South,Furniture,Chair,4.0,294.77,0.0,1179.08,307.57,False,False,False,2024-08,2,0.2609
ORD-10102,2024-02-05,2024-02-10,Standard Class,CUST-0084,Customer 84,West,Furniture,Table Lamp,6.0,555.62,0.1,3000.35,1157.94,False,False,False,2024-02,5,0.3859
ORD-10103,2024-04-22,2024-04-23,First Class,CUST-0192,Customer 192,East,Furniture,Chair,11.0,16.07,0.0,176.77,86.45,False,False,False,2024-04,1,0.4891
ORD-10104,2025-02-19,2025-02-21,Same Day,CUST-0183,Customer 183,South,Technology,Laptop,1.0,710.28,0.15,603.74,247.42,False,False,False,2025-02,2,0.4098
ORD-10105,2024-06-30,2024-07-07,First Class,CUST-0180,Customer 180,East,Technology,Monitor,2.0,928.66,0.15,1578.72,484.77,False,False,False,2024-06,7,0.3071
ORD-10106,2025-12-19,2025-12-23,Same Day,CUST-0111,Customer 111,South,Office Supplies,Stapler,11.0,437.04,0.15,4086.32,1146.86,False,False,False,2025-12,4,0.2807
ORD-10107,2025-09-21,2025-09-22,First Class,CUST-0119,Customer 119,North,Technology,Monitor,3.0,499.76,0.0,1499.28,708.65,False,False,False,2025-09,1,0.4727
ORD-10108,2024-04-30,2024-05-06,Second Class,CUST-0010,Customer 10,North,Technology,Laptop,8.0,871.59,0.1,6275.45,986.62,False,False,False,2024-04,6,0.1572
ORD-10109,2024-02-13,2024-02-15,Same Day,CUST-0089,Customer 89,West,Office Supplies,Paper,7.0,155.6,0.0,1089.2,280.38,False,False,False,2024-02,2,0.2574
ORD-10110,2024-01-03,2024-01-06,Standard Class,CUST-0165,Customer 165,South,Furniture,Table Lamp,3.0,24.81,0.3,52.1,-0.35,False,False,False,2024-01,3,-0.0067
ORD-10111,2025-06-10,2025-06-11,Second Class,CUST-0153,Customer 153,West,Office Supplies,Paper,10.0,645.76,0.0,6457.6,2611.35,False,False,False,2025-06,1,0.4044
ORD-10112,2025-04-29,2025-05-01,Standard Class,CUST-0126,Customer 126,East,Furniture,Desk,4.0,1004.31,0.0,4017.24,1171.03,False,False,False,2025-04,2,0.2915
ORD-10113,2025-07-02,2025-07-07,First Class,CUST-0012,Customer 12,West,Office Supplies,Pens (Box),3.0,734.87,0.0,2204.61,796.62,False,False,False,2025-07,5,0.3613
ORD-10114,2025-07-07,2025-07-14,Standard Class,CUST-0094,Customer 94,South,Office Supplies,Stapler,3.0,1180.18,0.0,3540.54,1132.6,False,False,False,2025-07,7,0.3199
ORD-10115,2025-04-24,2025-04-27,Standard Class,CUST-0095,Customer 95,West,Office Supplies,Binder,6.0,492.51,0.0,2955.06,557.38,False,False,False,2025-04,3,0.1886
ORD-10116,2025-12-02,2025-12-09,Same Day,CUST-0122,Customer 122,East,Technology,Laptop,4.0,218.24,0.0,872.96,174.03,False,False,False,2025-12,7,0.1994
ORD-10117,2024-10-28,2024-11-01,Standard Class,CUST-0013,Customer 13,East,Furniture,Desk,6.0,881.53,0.15,4495.8,1149.5,False,False,False,2024-10,4,0.2557
ORD-10118,2025-07-25,2025-07-30,Same Day,CUST-0008,Customer 8,East,Technology,Printer,6.0,686.07,0.0,4116.42,755.81,False,False,False,2025-07,5,0.1836
ORD-10119,2024-06-02,2024-06-09,Same Day,CUST-0133,Customer 133,North,Office Supplies,Stapler,2.0,249.25,0.1,448.65,195.36,False,False,False,2024-06,7,0.4354
ORD-10120,2025-10-09,2025-10-13,First Class,CUST-0096,Customer 96,South,Office Supplies,Stapler,11.0,476.58,0.0,5242.38,1504.25,False,False,False,2025-10,4,0.2869
ORD-10121,2024-09-03,2024-09-06,Second Class,CUST-0124,Customer 124,South,Technology,Laptop,7.0,1122.78,0.0,7859.46,3388.53,False,False,False,2024-09,3,0.4311
ORD-10122,2024-04-28,2024-05-04,Standard Class,CUST-0026,Customer 26,East,Office Supplies,Paper,4.0,823.05,0.0,3292.2,545.8,False,False,False,2024-04,6,0.1658
ORD-10123,2025-12-13,2025-12-15,Second Class,CUST-0053,Customer 53,South,Furniture,Desk,9.0,1057.84,0.0,9520.56,4086.88,False,False,False,2025-12,2,0.4293
ORD-10124,2024-07-08,2024-07-10,First Class,CUST-0161,Customer 161,West,Furniture,Desk,6.0,58.98,0.0,353.88,58.12,False,False,False,2024-07,2,0.1642
ORD-10125,2024-08-08,2024-08-15,Same Day,CUST-0007,Customer 7,North,Technology,Wireless Mouse,2.0,306.66,0.0,613.32,142.49,False,False,False,2024-08,7,0.2323
ORD-10126,2025-12-18,2025-12-25,Second Class,CUST-0191,Customer 191,East,Furniture,Table Lamp,7.0,1143.83,0.0,8006.81,3617.25,False,False,False,2025-12,7,0.4518
ORD-10127,2025-01-15,2025-01-17,Standard Class,CUST-0076,Customer 76,South,Technology,Monitor,2.0,1015.73,0.0,2031.46,630.1,False,False,False,2025-01,2,0.3102
ORD-10128,2025-09-13,2025-09-19,Second Class,CUST-0058,Customer 58,North,Technology,Laptop,2.0,703.15,0.1,1265.67,416.81,False,False,False,2025-09,6,0.3293
ORD-10129,2024-10-25,2024-10-26,Standard Class,CUST-0142,Customer 142,North,Technology,Laptop,9.0,927.96,0.0,8351.64,1423.63,False,False,False,2024-10,1,0.1705
ORD-10130,2024-07-12,2024-07-13,Second Class,CUST-0169,Customer 169,South,Office Supplies,Paper,5.0,1016.54,0.0,5082.7,1805.64,False,False,False,2024-07,1,0.3553
ORD-10131,2025-01-25,2025-01-29,First Class,CUST-0014,Customer 14,West,Furniture,Table Lamp,8.0,1022.34,0.15,6951.91,1891.22,False,False,False,2025-01,4,0.272
ORD-10132,2024-04-27,2024-04-30,First Class,CUST-0113,Customer 113,East,Furniture,Chair,4.0,1128.32,0.15,3836.29,351.7,False,False,False,2024-04,3,0.0917
ORD-10133,2024-09-19,2024-09-20,Standard Class,CUST-0161,Customer 161,West,Technology,Monitor,6.0,646.2,0.0,3877.2,1759.81,False,False,False,2024-09,1,0.4539
ORD-10134,2025-11-26,2025-11-28,Second Class,CUST-0040,Customer 40,East,Furniture,Desk,10.0,200.47,0.0,2004.7,856.61,False,False,False,2025-11,2,0.4273
ORD-10135,2024-02-22,2024-02-26,Same Day,CUST-0084,Customer 84,West,Furniture,Desk,2.0,1100.63,0.0,2201.26,632.1,False,False,False,2024-02,4,0.2872
ORD-10136,2024-05-16,2024-05-19,Second Class,CUST-0039,Customer 39,South,Technology,Printer,8.0,1186.38,0.15,8067.38,858.32,False,False,False,2024-05,3,0.1064
ORD-10137,2024-02-11,2024-02-17,First Class,CUST-0191,Customer 191,East,Furniture,Table Lamp,11.0,412.96,0.0,4542.56,1726.89,False,False,False,2024-02,6,0.3802
ORD-10138,2025-08-02,2025-08-05,First Class,CUST-0107,Customer 107,West,Furniture,Table Lamp,8.0,258.29,0.2,1653.06,303.14,False,False,False,2025-08,3,0.1834
ORD-10139,2025-08-05,2025-08-06,Second Class,CUST-0025,Customer 25,West,Furniture,Bookcase,11.0,340.67,0.0,3747.37,1272.64,False,False,False,2025-08,1,0.3396
ORD-10140,2024-10-13,2024-10-19,Second Class,CUST-0071,Customer 71,West,Office Supplies,Stapler,6.0,1106.61,0.0,6639.66,1632.27,False,False,False,2024-10,6,0.2458
ORD-10141,2025-02-09,2025-02-11,Standard Class,CUST-0127,Customer 127,North,Technology,Printer,7.0,569.98,0.3,2792.9,319.39,False,False,False,2025-02,2,0.1144
ORD-10142,2024-01-30,2024-02-01,Same Day,CUST-0174,Customer 174,East,Office Supplies,Pens (Box),7.0,542.31,0.15,3226.74,332.67,False,False,False,2024-01,2,0.1031
ORD-10143,2025-06-20,2025-06-26,Second Class,CUST-0133,Customer 133,North,Technology,Wireless Mouse,8.0,366.46,0.2,2345.34,503.61,False,False,False,2025-06,6,0.2147
ORD-10144,2025-06-09,2025-06-11,First Class,CUST-0078,Customer 78,North,Office Supplies,Stapler,2.0,613.18,0.2,981.09,187.94,False,False,False,2025-06,2,0.1916
ORD-10145,2024-08-25,2024-08-30,Standard Class,CUST-0088,Customer 88,South,Technology,Printer,5.0,530.86,0.0,2654.3,1241.94,False,False,False,2024-08,5,0.4679
ORD-10146,2024-01-15,2024-01-22,Same Day,CUST-0044,Customer 44,South,Office Supplies,Stapler,4.0,395.22,0.0,1580.88,359.88,False,False,False,2024-01,7,0.2276
ORD-10147,2024-07-23,2024-07-25,Second Class,CUST-0130,Customer 130,East,Furniture,Table Lamp,8.0,159.59,0.0,1276.72,576.4,False,False,False,2024-07,2,0.4515
ORD-10148,2024-05-27,2024-06-01,First Class,CUST-0102,Customer 102,North,Office Supplies,Pens (Box),9.0,652.78,0.1,5287.52,390.56,False,False,False,2024-05,5,0.0739
ORD-10149,2024-11-17,2024-11-22,First Class,CUST-0042,Customer 42,West,Furniture,Desk,7.0,387.99,0.3,1901.15,163.26,False,False,False,2024-11,5,0.0859
ORD-10150,2025-09-30,2025-10-06,Same Day,CUST-0097,Customer 97,North,Technology,Monitor,8.0,734.22,0.0,5873.76,1012.76,False,False,False,2025-09,6,0.1724
ORD-10151,2025-08-13,2025-08-15,Second Class,CUST-0184,Customer 184,East,Furniture,Table Lamp,6.0,590.34,0.0,3542.04,1356.82,False,False,False,2025-08,2,0.3831
ORD-10152,2025-09-07,2025-09-09,Same Day,CUST-0154,Customer 154,South,Office Supplies,Pens (Box),4.0,1173.95,0.1,4226.22,621.57,False,False,False,2025-09,2,0.1471
ORD-10153,2024-08-10,2024-08-12,Second Class,CUST-0095,Customer 95,West,Technology,Printer,6.0,292.07,0.0,1752.42,698.76,False,False,False,2024-08,2,0.3987
ORD-10154,2024-06-08,2024-06-11,Standard Class,CUST-0068,Customer 68,South,Technology,Monitor,4.0,980.19,0.15,3332.65,1142.14,False,False,False,2024-06,3,0.3427
ORD-10155,2025-03-17,2025-03-18,Standard Class,CUST-0133,Customer 133,North,Technology,Monitor,9.0,1007.81,0.0,9070.29,2076.94,False,False,False,2025-03,1,0.229
ORD-10156,2024-05-20,2024-05-27,Same Day,CUST-0019,Customer 19,West,Technology,Wireless Mouse,4.0,188.99,0.0,755.96,214.02,False,False,False,2024-05,7,0.2831
ORD-10157,2024-12-13,2024-12-20,Standard Class,CUST-0084,Customer 84,West,Office Supplies,Stapler,1.0,169.91,0.1,152.92,51.87,False,False,False,2024-12,7,0.3392
ORD-10158,2025-08-30,2025-09-01,First Class,CUST-0038,Customer 38,West,Technology,Laptop,8.0,215.75,0.0,1726.0,529.43,False,False,False,2025-08,2,0.3067
ORD-10159,2024-03-18,2024-03-19,First Class,CUST-0139,Customer 139,South,Office Supplies,Pens (Box),8.0,1190.49,0.3,6666.74,183.23,False,False,False,2024-03,1,0.0275
ORD-10160,2024-08-20,2024-08-23,First Class,CUST-0044,Customer 44,South,Furniture,Table Lamp,4.0,556.14,0.0,2224.56,1072.25,False,False,False,2024-08,3,0.482
ORD-10161,2024-10-15,2024-10-18,Standard Class,CUST-0079,Customer 79,East,Technology,Monitor,9.0,999.38,0.15,7645.26,1836.37,False,False,False,2024-10,3,0.2402
ORD-10162,2024-12-24,2024-12-31,Standard Class,CUST-0035,Customer 35,West,Office Supplies,Pens (Box),2.0,1072.17,0.0,2144.34,412.41,False,False,False,2024-12,7,0.1923
ORD-10163,2024-03-04,2024-03-08,Same Day,CUST-0141,Customer 141,West,Furniture,Desk,6.0,85.68,0.0,514.08,256.95,False,False,False,2024-03,4,0.4998
ORD-10164,2025-04-21,2025-04-22,Same Day,CUST-0163,Customer 163,South,Furniture,Chair,4.0,988.64,0.0,3954.56,1774.01,False,False,False,2025-04,1,0.4486
ORD-10165,2025-02-02,2025-02-08,First Class,CUST-0123,Customer 123,East,Office Supplies,Stapler,6.0,983.94,0.0,5903.64,2136.71,False,False,False,2025-02,6,0.3619
ORD-10166,2025-01-03,2025-01-06,Standard Class,CUST-0062,Customer 62,East,Furniture,Table Lamp,3.0,901.57,0.0,2704.71,1004.08,False,False,False,2025-01,3,0.3712
ORD-10167,2024-04-28,2024-04-30,Standard Class,CUST-0036,Customer 36,North,Furniture,Bookcase,9.0,147.1,0.0,1323.9,580.26,False,False,False,2024-04,2,0.4383
ORD-10168,2025-12-23,2025-12-30,Second Class,CUST-0133,Customer 133,North,Furniture,Desk,8.0,168.97,0.1,1216.58,328.4,False,False,False,2025-12,7,0.2699
ORD-10169,2024-12-11,2024-12-16,Same Day,CUST-0095,Customer 95,West,Office Supplies,Pens (Box),11.0,1048.07,0.0,11528.77,4873.45,True,False,False,2024-12,5,0.4227
ORD-10170,2025-02-17,2025-02-21,Standard Class,CUST-0191,Customer 191,East,Furniture,Bookcase,1.0,663.34,0.15,563.84,67.21,False,False,False,2025-02,4,0.1192
ORD-10171,2024-07-07,2024-07-13,Standard Class,CUST-0022,Customer 22,South,Furniture,Table Lamp,7.0,586.0,0.0,4102.0,1449.94,False,False,False,2024-07,6,0.3535
ORD-10172,2024-10-08,2024-10-12,First Class,CUST-0055,Customer 55,South,Technology,Printer,2.0,328.48,0.0,656.96,256.11,False,False,False,2024-10,4,0.3898
ORD-10173,2025-07-18,2025-07-23,Same Day,CUST-0161,Customer 161,West,Office Supplies,Pens (Box),1.0,6.28,0.0,6.28,1.17,False,False,False,2025-07,5,0.1863
ORD-10174,2024-12-09,2024-12-12,Standard Class,CUST-0138,Customer 138,North,Office Supplies,Pens (Box),2.0,573.93,0.2,918.29,320.46,False,False,False,2024-12,3,0.349
ORD-10175,2024-10-29,2024-10-31,Standard Class,CUST-0052,Customer 52,North,Technology,Monitor,3.0,817.03,0.0,2451.09,1140.48,False,False,False,2024-10,2,0.4653
ORD-10176,2024-04-08,2024-04-10,Standard Class,CUST-0150,Customer 150,North,Technology,Laptop,1.0,1033.04,0.0,1033.04,386.08,False,False,False,2024-04,2,0.3737
ORD-10177,2024-01-24,2024-01-31,First Class,CUST-0064,Customer 64,West,Technology,Monitor,3.0,734.53,0.0,2203.59,416.64,False,False,False,2024-01,7,0.1891
ORD-10178,2024-03-25,2024-04-01,Same Day,CUST-0173,Customer 173,West,Office Supplies,Paper,1.0,745.39,0.0,745.39,150.32,False,False,False,2024-03,7,0.2017
ORD-10179,2024-02-15,2024-02-18,Second Class,CUST-0155,Customer 155,South,Office Supplies,Stapler,6.0,1196.03,0.0,7176.18,2580.25,False,False,False,2024-02,3,0.3596
ORD-10180,2025-08-11,2025-08-15,Second Class,CUST-0033,Customer 33,North,Furniture,Bookcase,11.0,208.56,0.3,1605.91,58.44,False,False,False,2025-08,4,0.0364
ORD-10181,2025-04-22,2025-04-25,Standard Class,CUST-0161,Customer 161,West,Office Supplies,Pens (Box),5.0,480.04,0.0,2400.2,1092.53,False,False,False,2025-04,3,0.4552
ORD-10182,2025-09-24,2025-09-28,Second Class,CUST-0112,Customer 112,West,Office Supplies,Paper,9.0,709.25,0.0,6383.25,2278.6,False,False,False,2025-09,4,0.357
ORD-10183,2024-07-16,2024-07-20,Same Day,CUST-0024,Customer 24,West,Technology,Monitor,11.0,1119.67,0.0,12316.37,4738.82,True,False,False,2024-07,4,0.3848
ORD-10184,2025-04-25,2025-04-26,Second Class,CUST-0021,Customer 21,East,Technology,Monitor,4.0,667.51,0.0,2670.04,1011.93,False,False,False,2025-04,1,0.379
ORD-10185,2025-07-23,2025-07-27,Same Day,CUST-0067,Customer 67,West,Furniture,Desk,2.0,869.12,0.0,1738.24,738.6,False,False,False,2025-07,4,0.4249
ORD-10186,2025-08-26,2025-09-02,Standard Class,CUST-0020,Customer 20,South,Technology,Monitor,6.0,1113.37,0.0,6680.22,1776.06,False,False,False,2025-08,7,0.2659
ORD-10187,2025-03-26,2025-03-27,Same Day,CUST-0130,Customer 130,East,Office Supplies,Pens (Box),5.0,1109.06,0.0,5545.3,2763.69,False,False,False,2025-03,1,0.4984
ORD-10188,2024-01-20,2024-01-22,Second Class,CUST-0078,Customer 78,North,Office Supplies,Stapler,1.0,893.43,0.15,759.42,157.48,False,False,False,2024-01,2,0.2074
ORD-10189,2025-09-13,2025-09-17,Standard Class,CUST-0154,Customer 154,South,Furniture,Bookcase,9.0,400.21,0.15,3061.61,790.36,False,False,False,2025-09,4,0.2582
ORD-10190,2025-07-19,2025-07-20,Same Day,CUST-0018,Customer 18,North,Office Supplies,Paper,5.0,598.43,0.0,2992.15,485.04,False,False,False,2025-07,1,0.1621
ORD-10191,2024-03-26,2024-03-27,Second Class,CUST-0087,Customer 87,North,Office Supplies,Pens (Box),3.0,715.16,0.15,1823.66,469.73,False,False,False,2024-03,1,0.2576
ORD-10192,2025-02-16,2025-02-23,Second Class,CUST-0162,Customer 162,East,Technology,Monitor,3.0,1178.66,0.0,3535.98,1242.04,False,False,False,2025-02,7,0.3513
ORD-10193,2025-05-30,2025-06-02,First Class,CUST-0045,Customer 45,North,Technology,Laptop,2.0,954.73,0.0,1623.04,478.24,False,False,False,2025-05,3,0.2947
ORD-10194,2025-01-14,2025-01-19,First Class,CUST-0176,Customer 176,South,Furniture,Chair,11.0,559.09,0.1,5534.99,2108.29,False,False,False,2025-01,5,0.3809
ORD-10195,2025-11-10,2025-11-12,Second Class,CUST-0076,Customer 76,South,Technology,Wireless Mouse,7.0,52.91,0.0,370.37,117.49,False,False,False,2025-11,2,0.3172
ORD-10196,2024-09-08,2024-09-10,Same Day,CUST-0015,Customer 15,East,Technology,Laptop,6.0,120.69,0.2,579.31,114.59,False,False,False,2024-09,2,0.1978
ORD-10197,2024-09-19,2024-09-23,Standard Class,CUST-0072,Customer 72,North,Office Supplies,Paper,1.0,783.75,0.15,666.19,100.34,False,False,False,2024-09,4,0.1506
ORD-10198,2025-01-25,2025-01-27,First Class,CUST-0077,Customer 77,South,Technology,Laptop,3.0,1192.28,0.3,2503.79,664.79,False,False,False,2025-01,2,0.2655
ORD-10199,2025-10-27,2025-10-28,Second Class,CUST-0088,Customer 88,South,Furniture,Bookcase,10.0,58.91,0.2,471.28,4.06,False,False,False,2025-10,1,0.0086
ORD-10200,2024-04-23,2024-04-28,Second Class,CUST-0149,Customer 149,West,Furniture,Table Lamp,11.0,644.2,0.2,5668.96,718.49,False,False,False,2024-04,5,0.1267
ORD-10201,2025-01-09,2025-01-12,Standard Class,CUST-0064,Customer 64,West,Technology,Wireless Mouse,1.0,1162.66,0.0,1162.66,504.27,False,False,False,2025-01,3,0.4337
ORD-10202,2025-09-25,2025-09-30,Same Day,CUST-0029,Customer 29,East,Furniture,Chair,8.0,850.87,0.15,5785.92,57.43,False,False,False,2025-09,5,0.0099
ORD-10203,2025-12-05,2025-12-12,Standard Class,CUST-0034,Customer 34,East,Office Supplies,Stapler,2.0,955.97,0.0,1911.94,592.27,False,False,False,2025-12,7,0.3098
ORD-10204,2024-12-18,2024-12-20,Second Class,CUST-0014,Customer 14,West,Technology,Printer,9.0,550.4,0.0,4953.6,1849.87,False,False,False,2024-12,2,0.3734
ORD-10205,2025-09-01,2025-09-06,Standard Class,CUST-0082,Customer 82,South,Furniture,Bookcase,1.0,936.94,0.0,18727.873054494645,163.27,True,False,True,2025-09,5,0.0087
ORD-10206,2024-05-30,2024-06-04,Same Day,CUST-0023,Customer 23,North,Furniture,Chair,10.0,1171.0,0.0,11710.0,3741.18,True,False,False,2024-05,5,0.3195
ORD-10207,2024-04-18,2024-04-20,Standard Class,CUST-0163,Customer 163,South,Office Supplies,Paper,3.0,63.7,0.0,191.1,91.31,False,False,False,2024-04,2,0.4778
ORD-10208,2025-01-27,2025-02-03,First Class,CUST-0148,Customer 148,North,Technology,Wireless Mouse,3.0,753.06,0.0,2259.18,496.56,False,False,False,2025-01,7,0.2198
ORD-10209,2024-10-24,2024-10-28,First Class,CUST-0056,Customer 56,North,Office Supplies,Stapler,11.0,420.74,0.0,4628.14,1948.1,False,False,False,2024-10,4,0.4209
ORD-10210,2025-07-16,2025-07-18,First Class,CUST-0155,Customer 155,South,Office Supplies,Binder,4.0,650.87,0.0,2603.48,1009.48,False,False,False,2025-07,2,0.3877
ORD-10211,2025-06-06,2025-06-13,Same Day,CUST-0060,Customer 60,East,Office Supplies,Paper,5.0,278.23,0.1,1252.04,474.24,False,False,False,2025-06,7,0.3788
ORD-10212,2024-12-29,2024-12-31,Same Day,CUST-0141,Customer 141,West,Office Supplies,Paper,7.0,625.86,0.0,4381.02,1520.94,False,False,False,2024-12,2,0.3472
ORD-10213,2024-06-24,2024-06-26,First Class,CUST-0006,Customer 6,West,Technology,Printer,6.0,509.01,0.0,3054.06,893.21,False,False,False,2024-06,2,0.2925
ORD-10214,2025-12-17,2025-12-23,Standard Class,CUST-0046,Customer 46,West,Technology,Laptop,7.0,565.46,0.15,3364.49,726.55,False,False,False,2025-12,6,0.2159
ORD-10215,2024-05-20,2024-05-26,Same Day,CUST-0033,Customer 33,North,Office Supplies,Stapler,8.0,939.2,0.0,7513.6,2079.18,False,False,False,2024-05,6,0.2767
ORD-10216,2025-04-28,2025-05-03,Second Class,CUST-0048,Customer 48,West,Furniture,Desk,5.0,807.87,0.3,2827.54,283.48,False,False,False,2025-04,5,0.1003
ORD-10217,2025-03-12,2025-03-18,Second Class,CUST-0177,Customer 177,East,Office Supplies,Binder,6.0,885.2,0.0,5311.2,2255.01,False,False,False,2025-03,6,0.4246
ORD-10218,2025-04-02,2025-04-06,Standard Class,CUST-0131,Customer 131,East,Technology,Laptop,5.0,897.99,0.15,3816.46,1143.12,False,False,False,2025-04,4,0.2995
ORD-10219,2024-05-18,2024-05-25,First Class,CUST-0164,Customer 164,South,Office Supplies,Pens (Box),2.0,241.21,0.0,482.42,151.82,False,False,False,2024-05,7,0.3147
ORD-10220,2024-05-07,2024-05-10,Second Class,CUST-0021,Customer 21,East,Furniture,Bookcase,10.0,432.43,0.0,4324.3,1939.02,False,False,False,2024-05,3,0.4484
ORD-10221,2024-11-04,2024-11-08,Standard Class,CUST-0185,Customer 185,South,Furniture,Desk,2.0,662.54,0.1,1192.57,497.6,False,False,False,2024-11,4,0.4173
ORD-10222,2025-08-18,2025-08-21,Second Class,CUST-0035,Customer 35,West,Technology,Printer,2.0,540.65,0.15,919.1,287.34,False,False,False,2025-08,3,0.3126
ORD-10223,2024-05-07,2024-05-10,Standard Class,CUST-0078,Customer 78,North,Furniture,Chair,6.0,473.51,0.0,2841.06,672.98,False,False,False,2024-05,3,0.2369
ORD-10224,2024-11-16,2024-11-20,Same Day,CUST-0023,Customer 23,North,Technology,Laptop,1.0,367.04,0.0,367.04,153.2,False,False,False,2024-11,4,0.4174
ORD-10225,2024-12-10,2024-12-15,Second Class,CUST-0002,Customer 2,West,Office Supplies,Binder,6.0,773.38,0.15,3944.24,1.9,False,False,False,2024-12,5,0.0005
ORD-10226,2025-07-31,2025-08-05,Second Class,CUST-0063,Customer 63,South,Office Supplies,Pens (Box),6.0,555.81,0.0,3334.86,1648.98,False,False,False,2025-07,5,0.4945
ORD-10227,2025-12-23,2025-12-24,First Class,CUST-0101,Customer 101,West,Technology,Monitor,5.0,683.96,0.0,3419.8,708.53,False,False,False,2025-12,1,0.2072
ORD-10228,2025-09-10,2025-09-12,Second Class,CUST-0056,Customer 56,North,Furniture,Table Lamp,1.0,1193.81,0.15,1014.74,46.01,False,False,False,2025-09,2,0.0453
ORD-10229,2025-12-27,2025-12-31,First Class,CUST-0160,Customer 160,West,Technology,Printer,3.0,729.53,0.2,1750.87,392.58,False,False,False,2025-12,4,0.2242
ORD-10230,2024-05-22,2024-05-23,Same Day,CUST-0161,Customer 161,West,Furniture,Chair,3.0,74.24,0.2,178.18,35.41,False,False,False,2024-05,1,0.1987
ORD-10231,2025-11-03,2025-11-10,Same Day,CUST-0057,Customer 57,East,Office Supplies,Stapler,3.0,214.68,0.15,547.43,165.74,False,False,False,2025-11,7,0.3028
ORD-10232,2025-08-17,2025-08-21,Standard Class,CUST-0124,Customer 124,South,Furniture,Bookcase,6.0,581.595,0.0,3147.43,511.2,False,False,False,2025-08,4,0.1624
ORD-10233,2025-02-26,2025-03-01,First Class,CUST-0005,Customer 5,South,Technology,Wireless Mouse,5.0,307.38,0.1,1383.21,199.57,False,False,False,2025-02,3,0.1443
ORD-10234,2024-01-04,2024-01-06,Standard Class,CUST-0149,Customer 149,West,Office Supplies,Paper,8.0,687.54,0.3,3850.22,1025.67,False,False,False,2024-01,2,0.2664
ORD-10235,2024-04-24,2024-04-27,Standard Class,CUST-0192,Customer 192,East,Technology,Printer,9.0,111.41,0.0,1002.69,239.17,False,False,False,2024-04,3,0.2385
ORD-10236,2024-10-26,2024-11-01,First Class,CUST-0011,Customer 11,East,Furniture,Chair,7.0,577.9,0.15,3438.5,506.51,False,False,False,2024-10,6,0.1473
ORD-10237,2025-12-25,2025-12-31,Standard Class,CUST-0064,Customer 64,West,Office Supplies,Paper,5.0,487.01,0.2,1948.04,520.96,False,False,False,2025-12,6,0.2674
ORD-10238,2024-12-07,2024-12-09,Second Class,CUST-0031,Customer 31,South,Office Supplies,Paper,5.0,244.67,0.0,1223.35,413.08,False,False,False,2024-12,2,0.3377
ORD-10239,2024-03-27,2024-03-29,Second Class,CUST-0045,Customer 45,North,Office Supplies,Paper,10.0,964.25,0.0,9642.5,3896.08,False,False,False,2024-03,2,0.4041
ORD-10240,2024-10-20,2024-10-22,Standard Class,CUST-0012,Customer 12,West,Furniture,Table Lamp,6.0,273.5,0.15,1394.85,345.07,False,False,False,2024-10,2,0.2474
ORD-10241,2025-03-24,2025-03-30,Standard Class,CUST-0105,Customer 105,West,Furniture,Table Lamp,8.0,940.57,0.0,7524.56,1346.23,False,False,False,2025-03,6,0.1789
ORD-10242,2024-02-06,2024-02-10,Same Day,CUST-0048,Customer 48,West,Furniture,Chair,6.0,1041.57,0.0,6249.42,1770.96,False,False,False,2024-02,4,0.2834
ORD-10243,2024-02-11,2024-02-18,Standard Class,CUST-0063,Customer 63,South,Furniture,Chair,9.0,1126.52,0.1,9124.81,2489.77,False,False,False,2024-02,7,0.2729
ORD-10244,2025-08-21,2025-08-28,Standard Class,CUST-0162,Customer 162,East,Office Supplies,Stapler,1.0,900.48,0.0,900.48,413.1,False,False,False,2025-08,7,0.4588
ORD-10245,2025-12-02,2025-12-09,Same Day,CUST-0159,Customer 159,East,Technology,Printer,6.0,701.26,0.0,4207.56,944.97,False,False,False,2025-12,7,0.2246
ORD-10246,2025-05-09,2025-05-13,Same Day,CUST-0099,Customer 99,East,Office Supplies,Stapler,4.0,630.09,0.0,2520.36,558.68,False,False,False,2025-05,4,0.2217
ORD-10247,2025-04-26,2025-04-30,Standard Class,CUST-0013,Customer 13,East,Office Supplies,Pens (Box),11.0,1181.1,0.0,12992.1,3593.9,True,False,False,2025-04,4,0.2766
ORD-10248,2024-10-28,2024-11-02,Second Class,CUST-0102,Customer 102,North,Furniture,Chair,7.0,1051.27,0.0,7358.89,1650.4,False,False,False,2024-10,5,0.2243
ORD-10249,2024-06-20,2024-06-25,Second Class,CUST-0068,Customer 68,South,Office Supplies,Binder,10.0,365.08,0.1,3285.72,1029.89,False,False,False,2024-06,5,0.3134
ORD-10250,2024-01-18,2024-01-23,Second Class,CUST-0100,Customer 100,North,Office Supplies,Pens (Box),11.0,268.09,0.1,2654.09,597.96,False,False,False,2024-01,5,0.2253
ORD-10251,2024-10-30,2024-11-06,Same Day,CUST-0139,Customer 139,South,Furniture,Desk,4.0,1038.79,0.0,4155.16,1501.04,False,False,False,2024-10,7,0.3612
ORD-10252,2024-07-07,2024-07-10,Standard Class,CUST-0013,Customer 13,East,Technology,Printer,6.0,1040.6,0.1,5619.24,561.94,False,False,False,2024-07,3,0.1
ORD-10253,2024-09-05,2024-09-12,Second Class,CUST-0122,Customer 122,East,Technology,Monitor,9.0,298.61,0.0,2687.49,1318.18,False,False,False,2024-09,7,0.4905
ORD-10254,2025-06-27,2025-06-28,First Class,CUST-0089,Customer 89,West,Furniture,Bookcase,5.0,640.28,0.0,3201.4,1097.0,False,False,False,2025-06,1,0.3427
ORD-10255,2024-04-03,2024-04-04,Second Class,CUST-0024,Customer 24,West,Furniture,Chair,10.0,975.04,0.0,9750.4,2900.61,False,False,False,2024-04,1,0.2975
ORD-10256,2025-11-03,2025-11-04,Standard Class,CUST-0028,Customer 28,West,Furniture,Table Lamp,8.0,401.93,0.0,3215.44,1369.39,False,False,False,2025-11,1,0.4259
ORD-10257,2025-01-20,2025-01-26,First Class,CUST-0028,Customer 28,West,Furniture,Desk,1.0,1187.84,0.0,1187.84,538.82,False,False,False,2025-01,6,0.4536
ORD-10258,2025-04-05,2025-04-12,First Class,CUST-0166,Customer 166,West,Furniture,Table Lamp,1.0,1059.2,0.0,1059.2,336.04,False,False,False,2025-04,7,0.3173
ORD-10259,2025-07-24,2025-07-26,Second Class,CUST-0071,Customer 71,West,Technology,Printer,4.0,563.84,0.0,2255.36,498.89,False,False,False,2025-07,2,0.2212
ORD-10260,2025-09-06,2025-09-13,Standard Class,CUST-0095,Customer 95,West,Office Supplies,Paper,9.0,399.59,0.1,3236.68,360.55,False,False,False,2025-09,7,0.1114
ORD-10261,2024-03-22,2024-03-25,Same Day,CUST-0004,Customer 4,South,Office Supplies,Paper,4.0,263.86,0.1,949.9,86.1,False,False,False,2024-03,3,0.0906
ORD-10262,2025-02-08,2025-02-15,Standard Class,CUST-0087,Customer 87,North,Furniture,Desk,4.0,748.13,0.0,2992.52,843.17,False,False,False,2025-02,7,0.2818
ORD-10263,2024-02-07,2024-02-10,Second Class,CUST-0126,Customer 126,East,Office Supplies,Stapler,8.0,820.69,0.0,6565.52,2255.95,False,False,False,2024-02,3,0.3436
ORD-10264,2024-11-17,2024-11-21,First Class,CUST-0145,Customer 145,West,Office Supplies,Paper,4.0,892.77,0.0,3571.08,748.45,False,False,False,2024-11,4,0.2096
ORD-10265,2025-11-09,2025-11-13,Same Day,CUST-0177,Customer 177,East,Office Supplies,Pens (Box),6.0,601.54,0.0,3609.24,632.38,False,False,False,2025-11,4,0.1752
ORD-10266,2025-06-22,2025-06-26,Same Day,CUST-0122,Customer 122,East,Technology,Printer,11.0,90.86,0.0,999.46,331.26,False,False,False,2025-06,4,0.3314
ORD-10267,2024-11-06,2024-11-08,Standard Class,CUST-0150,Customer 150,North,Technology,Printer,6.0,1154.83,0.0,6928.98,3025.82,False,False,False,2024-11,2,0.4367
ORD-10268,2024-11-11,2024-11-13,First Class,CUST-0007,Customer 7,North,Technology,Laptop,8.0,924.24,0.1,6654.53,2874.37,False,False,False,2024-11,2,0.4319
ORD-10269,2024-10-15,2024-10-20,Second Class,CUST-0132,Customer 132,East,Furniture,Chair,11.0,205.0,0.0,2255.0,870.02,False,False,False,2024-10,5,0.3858
ORD-10270,2024-06-17,2024-06-21,Same Day,CUST-0118,Customer 118,North,Furniture,Table Lamp,2.0,1087.42,0.0,2174.84,511.89,False,False,False,2024-06,4,0.2354
ORD-10271,2025-04-11,2025-04-16,Same Day,CUST-0079,Customer 79,East,Office Supplies,Pens (Box),3.0,347.84,0.0,1043.52,425.75,False,False,False,2025-04,5,0.408
ORD-10272,2025-01-19,2025-01-22,Standard Class,CUST-0019,Customer 19,West,Furniture,Table Lamp,2.0,768.64,0.15,1306.69,36.09,False,False,False,2025-01,3,0.0276
ORD-10273,2024-11-23,2024-11-30,Same Day,CUST-0063,Customer 63,South,Technology,Printer,10.0,367.33,0.0,3673.3,569.48,False,False,False,2024-11,7,0.155
ORD-10274,2024-07-15,2024-07-17,First Class,CUST-0134,Customer 134,East,Technology,Wireless Mouse,11.0,388.42,0.0,4272.62,1297.71,False,False,False,2024-07,2,0.3037
ORD-10275,2025-01-20,2025-01-21,Second Class,CUST-0184,Customer 184,East,Technology,Monitor,5.0,900.26,0.0,4501.3,1729.68,False,False,False,2025-01,1,0.3843
ORD-10276,2024-11-21,2024-11-23,Standard Class,CUST-0058,Customer 58,North,Technology,Wireless Mouse,6.0,643.55,0.0,2745.27,628.69,False,False,True,2024-11,2,0.229
ORD-10277,2024-01-08,2024-01-09,Same Day,CUST-0028,Customer 28,West,Furniture,Chair,2.0,788.77,0.0,1577.54,752.91,False,False,False,2024-01,1,0.4773
ORD-10278,2025-09-11,2025-09-16,Second Class,CUST-0023,Customer 23,North,Office Supplies,Paper,1.0,190.7,0.0,190.7,65.67,False,False,False,2025-09,5,0.3444
ORD-10279,2025-03-09,2025-03-16,Second Class,CUST-0153,Customer 153,West,Furniture,Desk,9.0,1072.2,0.0,9649.8,4221.68,False,False,False,2025-03,7,0.4375
ORD-10280,2024-05-28,2024-06-04,Same Day,CUST-0118,Customer 118,North,Office Supplies,Paper,10.0,793.68,0.1,7143.12,1509.58,False,False,False,2024-05,7,0.2113
ORD-10281,2025-06-19,2025-06-20,Standard Class,CUST-0198,Customer 198,North,Technology,Printer,4.0,575.29,0.0,2301.16,969.83,False,False,False,2025-06,1,0.4215
ORD-10282,2024-01-14,2024-01-19,Same Day,CUST-0070,Customer 70,South,Technology,Printer,4.0,529.82,0.0,2119.28,606.87,False,False,False,2024-01,5,0.2864
ORD-10283,2025-05-22,2025-05-24,Standard Class,CUST-0026,Customer 26,East,Office Supplies,Paper,8.0,127.84,0.0,1022.72,295.37,False,False,False,2025-05,2,0.2888
ORD-10284,2024-11-28,2024-12-02,Same Day,CUST-0027,Customer 27,South,Office Supplies,Paper,7.0,499.65,0.0,3497.55,739.57,False,False,False,2024-11,4,0.2115
ORD-10285,2025-01-06,2025-01-07,Same Day,CUST-0134,Customer 134,East,Furniture,Bookcase,11.0,26.34,0.2,231.79,-9.61,False,False,False,2025-01,1,-0.0415
ORD-10286,2025-10-23,2025-10-24,Same Day,CUST-0052,Customer 52,North,Office Supplies,Pens (Box),3.0,1165.0,0.0,3495.0,1651.9,False,False,False,2025-10,1,0.4726
ORD-10287,2025-04-28,2025-05-04,First Class,CUST-0133,Customer 133,North,Technology,Wireless Mouse,7.0,503.62,0.0,3525.34,1573.17,False,False,False,2025-04,6,0.4462
ORD-10288,2025-09-11,2025-09-18,Same Day,CUST-0058,Customer 58,North,Office Supplies,Stapler,3.0,569.6,0.0,1708.8,667.67,False,False,False,2025-09,7,0.3907
ORD-10289,2025-03-08,2025-03-15,First Class,CUST-0061,Customer 61,West,Office Supplies,Paper,5.0,213.89,0.0,1069.45,361.08,False,False,False,2025-03,7,0.3376
ORD-10290,2025-09-19,2025-09-24,First Class,CUST-0111,Customer 111,South,Furniture,Chair,11.0,456.95,0.15,4272.48,1334.04,False,False,False,2025-09,5,0.3122
ORD-10291,2024-11-25,2024-11-26,First Class,CUST-0195,Customer 195,West,Office Supplies,Paper,3.0,833.05,0.3,1749.4,368.1,False,False,False,2024-11,1,0.2104
ORD-10292,2024-02-22,2024-02-26,Second Class,CUST-0093,Customer 93,West,Office Supplies,Binder,4.0,572.99,0.1,2062.76,688.06,False,False,False,2024-02,4,0.3336
ORD-10293,2024-07-02,2024-07-07,Standard Class,CUST-0118,Customer 118,North,Office Supplies,Stapler,6.0,1012.06,0.0,6072.36,1010.8,False,False,False,2024-07,5,0.1665
ORD-10294,2024-12-23,2024-12-24,Standard Class,CUST-0143,Customer 143,South,Technology,Wireless Mouse,8.0,174.26,0.0,1394.08,361.57,False,False,False,2024-12,1,0.2594
ORD-10295,2024-07-15,2024-07-17,Second Class,CUST-0178,Customer 178,North,Furniture,Desk,2.0,532.09,0.0,1064.18,337.71,False,False,False,2024-07,2,0.3173
ORD-10296,2024-09-29,2024-10-03,Standard Class,CUST-0068,Customer 68,South,Office Supplies,Stapler,4.0,783.35,0.0,3133.4,1551.59,False,False,False,2024-09,4,0.4952
ORD-10297,2024-05-29,2024-06-03,Standard Class,CUST-0083,Customer 83,North,Technology,Monitor,5.0,973.31,0.0,4866.55,1529.78,False,False,False,2024-05,5,0.3143
ORD-10298,2024-09-08,2024-09-14,Same Day,CUST-0138,Customer 138,North,Technology,Printer,9.0,508.43,0.0,4575.87,1034.21,False,False,False,2024-09,6,0.226
ORD-10299,2025-01-01,2025-01-06,Second Class,CUST-0135,Customer 135,West,Furniture,Table Lamp,7.0,917.79,0.0,6424.53,1441.38,False,False,False,2025-01,5,0.2244
ORD-10300,2024-01-31,2024-02-06,Second Class,CUST-0005,Customer 5,South,Office Supplies,Pens (Box),9.0,536.7,0.0,4830.3,2167.07,False,False,False,2024-01,6,0.4486
ORD-10301,2024-01-03,2024-01-07,Standard Class,CUST-0066,Customer 66,South,Office Supplies,Paper,1.0,545.75,0.15,463.89,129.15,False,False,False,2024-01,4,0.2784
ORD-10302,2024-04-05,2024-04-11,First Class,CUST-0052,Customer 52,North,Furniture,Desk,1.0,66.81,0.2,53.45,13.83,False,False,False,2024-04,6,0.2587
ORD-10303,2025-12-11,2025-12-13,Same Day,CUST-0019,Customer 19,West,Furniture,Bookcase,5.0,1116.48,0.0,5582.4,893.76,False,False,False,2025-12,2,0.1601
ORD-10304,2024-11-23,2024-11-26,First Class,CUST-0003,Customer 3,East,Office Supplies,Pens (Box),2.0,338.99,0.15,576.28,144.77,False,False,False,2024-11,3,0.2512
ORD-10305,2025-02-15,2025-02-17,First Class,CUST-0082,Customer 82,South,Office Supplies,Paper,3.0,365.17,0.0,1095.51,397.51,False,False,False,2025-02,2,0.3629
ORD-10306,2025-05-07,2025-05-10,First Class,CUST-0044,Customer 44,South,Technology,Laptop,6.0,319.85,0.0,1919.1,725.23,False,False,False,2025-05,3,0.3779
ORD-10307,2024-01-31,2024-02-07,Second Class,CUST-0165,Customer 165,South,Technology,Printer,4.0,1023.88,0.0,4095.52,1741.25,False,False,False,2024-01,7,0.4252
ORD-10308,2024-12-27,2024-12-30,Standard Class,CUST-0186,Customer 186,South,Office Supplies,Paper,7.0,153.11,0.0,1071.77,255.63,False,False,False,2024-12,3,0.2385
ORD-10309,2025-05-15,2025-05-22,Second Class,CUST-0087,Customer 87,North,Office Supplies,Pens (Box),11.0,729.81,0.1,7225.12,1206.15,False,False,False,2025-05,7,0.1669
ORD-10310,2025-01-13,2025-01-16,Standard Class,CUST-0044,Customer 44,South,Technology,Laptop,2.0,642.23,0.0,1284.46,366.6,False,False,False,2025-01,3,0.2854
ORD-10311,2024-09-02,2024-09-04,Same Day,CUST-0099,Customer 99,East,Office Supplies,Stapler,3.0,52.27,0.0,156.81,65.22,False,False,False,2024-09,2,0.4159
ORD-10312,2024-05-20,2024-05-23,Second Class,CUST-0125,Customer 125,West,Technology,Monitor,4.0,457.45,0.0,1829.8,697.79,False,False,False,2024-05,3,0.3813
ORD-10313,2024-09-13,2024-09-20,Standard Class,CUST-0142,Customer 142,North,Furniture,Bookcase,1.0,246.53,0.1,221.88,13.12,False,False,False,2024-09,7,0.0591
ORD-10314,2024-08-17,2024-08-21,Same Day,CUST-0082,Customer 82,South,Office Supplies,Stapler,11.0,929.86,0.1,9205.61,1068.92,False,False,False,2024-08,4,0.1161
ORD-10315,2024-12-25,2024-12-26,Same Day,CUST-0076,Customer 76,South,Technology,Laptop,9.0,968.65,0.0,8717.85,1523.58,False,False,False,2024-12,1,0.1748
ORD-10316,2024-03-09,2024-03-15,Same Day,CUST-0184,Customer 184,East,Technology,Wireless Mouse,1.0,789.19,0.0,789.19,181.86,False,False,False,2024-03,6,0.2304
ORD-10317,2025-09-13,2025-09-14,First Class,CUST-0053,Customer 53,South,Technology,Printer,10.0,121.97,0.0,1219.7,433.04,False,False,False,2025-09,1,0.355
ORD-10318,2024-10-13,2024-10-20,Same Day,CUST-0066,Customer 66,South,Technology,Monitor,11.0,513.0,0.15,4796.55,1441.11,False,False,False,2024-10,7,0.3004
ORD-10319,2024-09-30,2024-10-04,Standard Class,CUST-0002,Customer 2,West,Technology,Wireless Mouse,4.0,605.5,0.0,2422.0,992.83,False,False,False,2024-09,4,0.4099
ORD-10320,2025-02-17,2025-02-22,Same Day,CUST-0014,Customer 14,West,Office Supplies,Binder,7.0,499.02,0.15,2969.17,908.73,False,False,False,2025-02,5,0.3061
ORD-10321,2025-02-11,2025-02-13,Standard Class,CUST-0118,Customer 118,North,Office Supplies,Binder,11.0,1006.57,0.0,11072.27,3495.95,True,False,False,2025-02,2,0.3157
ORD-10322,2024-07-11,2024-07-14,First Class,CUST-0003,Customer 3,East,Furniture,Bookcase,4.0,1115.87,0.0,4463.48,1350.86,False,False,False,2024-07,3,0.3026
ORD-10323,2024-08-03,2024-08-05,Standard Class,CUST-0134,Customer 134,East,Furniture,Desk,7.0,980.0,0.0,6860.0,2200.1,False,False,False,2024-08,2,0.3207
ORD-10324,2025-11-15,2025-11-16,First Class,CUST-0001,Customer 1,North,Technology,Laptop,5.0,1074.2,0.0,5371.0,2077.81,False,False,False,2025-11,1,0.3869
ORD-10325,2025-07-11,2025-07-15,Second Class,CUST-0182,Customer 182,North,Office Supplies,Binder,5.0,191.77,0.0,958.85,143.91,False,False,False,2025-07,4,0.1501
ORD-10326,2025-11-04,2025-11-09,Same Day,CUST-0099,Customer 99,East,Furniture,Desk,9.0,109.87,0.0,988.83,172.68,False,False,False,2025-11,5,0.1746
ORD-10327,2025-02-06,2025-02-13,Same Day,CUST-0154,Customer 154,South,Furniture,Desk,4.0,545.68,0.0,2182.72,946.17,False,False,False,2025-02,7,0.4335
ORD-10328,2024-02-19,2024-02-24,First Class,CUST-0033,Customer 33,North,Technology,Printer,7.0,51.31,0.1,323.25,101.05,False,False,False,2024-02,5,0.3126
ORD-10329,2025-09-12,2025-09-15,Same Day,CUST-0112,Customer 112,West,Furniture,Table Lamp,11.0,899.47,0.15,8410.04,2990.36,False,False,False,2025-09,3,0.3556
ORD-10330,2024-08-04,2024-08-09,Second Class,CUST-0174,Customer 174,East,Office Supplies,Stapler,6.0,77.45,0.0,464.7,190.95,False,False,False,2024-08,5,0.4109
ORD-10331,2025-05-20,2025-05-24,Same Day,CUST-0153,Customer 153,West,Furniture,Bookcase,3.0,754.21,0.0,2262.63,857.8,False,False,False,2025-05,4,0.3791
ORD-10332,2025-03-04,2025-03-11,Same Day,CUST-0110,Customer 110,East,Furniture,Desk,4.0,1159.61,0.0,4638.44,842.21,False,False,False,2025-03,7,0.1816
ORD-10333,2024-01-14,2024-01-15,Second Class,CUST-0121,Customer 121,South,Furniture,Bookcase,5.0,839.49,0.3,2938.21,166.08,False,False,False,2024-01,1,0.0565
ORD-10334,2025-07-02,2025-07-07,First Class,CUST-0019,Customer 19,West,Furniture,Chair,8.0,611.67,0.1,4404.02,468.4,False,False,False,2025-07,5,0.1064
ORD-10335,2024-03-13,2024-03-17,First Class,CUST-0060,Customer 60,East,Technology,Monitor,9.0,1011.73,0.15,7739.73,3070.84,False,False,False,2024-03,4,0.3968
ORD-10336,2025-04-18,2025-04-23,First Class,CUST-0092,Customer 92,West,Furniture,Table Lamp,9.0,507.17,0.0,4564.53,1740.65,False,False,False,2025-04,5,0.3813
ORD-10337,2024-07-19,2024-07-22,Standard Class,CUST-0114,Customer 114,South,Furniture,Bookcase,2.0,1066.19,0.1,1919.14,703.84,False,False,False,2024-07,3,0.3667
ORD-10338,2025-03-21,2025-03-22,First Class,CUST-0083,Customer 83,North,Furniture,Bookcase,7.0,372.62,0.0,2608.34,1268.09,False,False,False,2025-03,1,0.4862
ORD-10339,2024-06-02,2024-06-06,Standard Class,CUST-0086,Customer 86,East,Furniture,Table Lamp,1.0,876.75,0.2,701.4,30.88,False,False,False,2024-06,4,0.044
ORD-10340,2024-08-24,2024-08-29,Same Day,CUST-0198,Customer 198,North,Office Supplies,Binder,2.0,628.45,0.0,1256.9,365.31,False,False,False,2024-08,5,0.2906
ORD-10341,2024-04-17,2024-04-20,Second Class,CUST-0065,Customer 65,South,Office Supplies,Pens (Box),1.0,464.7,0.0,464.7,175.08,False,False,False,2024-04,3,0.3768
ORD-10342,2024-12-28,2024-12-29,Second Class,CUST-0028,Customer 28,West,Furniture,Table Lamp,10.0,1103.5,0.0,11035.0,5258.81,True,False,False,2024-12,1,0.4766
ORD-10343,2024-04-07,2024-04-12,Second Class,CUST-0178,Customer 178,North,Furniture,Desk,3.0,1183.31,0.0,3549.93,1528.81,False,False,False,2024-04,5,0.4307
ORD-10344,2024-10-02,2024-10-03,First Class,CUST-0013,Customer 13,East,Office Supplies,Stapler,2.0,992.98,0.0,1985.96,695.21,False,False,False,2024-10,1,0.3501
ORD-10345,2025-05-24,2025-05-25,First Class,CUST-0133,Customer 133,North,Office Supplies,Pens (Box),5.0,683.46,0.0,3417.3,1504.94,False,False,False,2025-05,1,0.4404
ORD-10346,2025-06-12,2025-06-13,Standard Class,CUST-0127,Customer 127,North,Office Supplies,Binder,1.0,84.35,0.15,71.7,4.86,False,False,False,2025-06,1,0.0678
ORD-10347,2025-07-14,2025-07-17,Second Class,CUST-0106,Customer 106,West,Furniture,Table Lamp,1.0,1025.09,0.0,1025.09,315.83,False,False,False,2025-07,3,0.3081
ORD-10348,2024-12-31,2025-01-07,Standard Class,CUST-0055,Customer 55,South,Office Supplies,Binder,1.0,1186.96,0.0,1186.96,248.38,False,False,False,2024-12,7,0.2093
ORD-10349,2025-08-27,2025-08-30,Standard Class,CUST-0081,Customer 81,West,Technology,Laptop,10.0,799.93,0.1,7199.37,2462.5,False,False,False,2025-08,3,0.342
ORD-10350,2024-12-03,2024-12-10,Second Class,CUST-0003,Customer 3,East,Technology,Printer,3.0,395.64,0.0,1186.92,489.25,False,False,False,2024-12,7,0.4122
ORD-10351,2025-12-07,2025-12-13,Standard Class,CUST-0163,Customer 163,South,Furniture,Table Lamp,10.0,724.53,0.0,7245.3,1863.12,False,False,False,2025-12,6,0.2571
ORD-10352,2024-01-07,2024-01-09,Standard Class,CUST-0017,Customer 17,East,Technology,Laptop,7.0,61.46,0.1,387.2,23.44,False,False,False,2024-01,2,0.0605
ORD-10353,2025-02-13,2025-02-14,Second Class,CUST-0008,Customer 8,East,Office Supplies,Paper,1.0,712.6,0.1,641.34,195.45,False,False,False,2025-02,1,0.3048
ORD-10354,2024-07-07,2024-07-12,First Class,CUST-0154,Customer 154,South,Furniture,Table Lamp,11.0,231.44,0.0,2545.84,778.16,False,False,False,2024-07,5,0.3057
ORD-10355,2025-01-19,2025-01-23,First Class,CUST-0131,Customer 131,East,Office Supplies,Stapler,9.0,1071.59,0.15,8197.66,2540.85,False,False,False,2025-01,4,0.3099
ORD-10356,2025-11-11,2025-11-13,First Class,CUST-0155,Customer 155,South,Office Supplies,Binder,6.0,819.87,0.3,3443.45,266.03,False,False,False,2025-11,2,0.0773
ORD-10357,2025-09-13,2025-09-20,Same Day,CUST-0125,Customer 125,West,Technology,Monitor,2.0,287.86,0.0,575.72,274.28,False,False,False,2025-09,7,0.4764
ORD-10358,2025-07-12,2025-07-13,Standard Class,CUST-0021,Customer 21,East,Furniture,Chair,9.0,120.84,0.2,870.05,50.03,False,False,False,2025-07,1,0.0575
ORD-10359,2025-10-03,2025-10-08,Second Class,CUST-0021,Customer 21,East,Office Supplies,Pens (Box),7.0,910.03,0.15,5414.68,627.96,False,False,False,2025-10,5,0.116
ORD-10360,2025-11-29,2025-12-04,Same Day,CUST-0056,Customer 56,North,Office Supplies,Stapler,3.0,707.09,0.1,1909.14,523.96,False,False,False,2025-11,5,0.2744
ORD-10361,2025-09-03,2025-09-08,Standard Class,CUST-0025,Customer 25,West,Office Supplies,Binder,2.0,246.87,0.0,493.74,163.68,False,False,False,2025-09,5,0.3315
ORD-10362,2025-03-01,2025-03-03,First Class,CUST-0016,Customer 16,West,Technology,Monitor,10.0,704.3,0.1,6338.7,1041.83,False,False,False,2025-03,2,0.1644
ORD-10363,2024-03-17,2024-03-19,Same Day,CUST-0085,Customer 85,East,Office Supplies,Pens (Box),7.0,647.32,0.0,4531.24,2105.13,False,False,False,2024-03,2,0.4646
ORD-10364,2025-05-10,2025-05-11,First Class,CUST-0139,Customer 139,South,Office Supplies,Pens (Box),7.0,113.04,0.0,791.28,334.23,False,False,False,2025-05,1,0.4224
ORD-10365,2025-09-03,2025-09-10,Standard Class,CUST-0050,Customer 50,West,Office Supplies,Binder,7.0,711.68,0.0,4981.76,1712.79,False,False,False,2025-09,7,0.3438
ORD-10366,2024-09-25,2024-09-27,Second Class,CUST-0063,Customer 63,South,Technology,Printer,3.0,65.2,0.0,195.6,84.59,False,False,False,2024-09,2,0.4325
ORD-10367,2024-01-28,2024-02-03,Same Day,CUST-0066,Customer 66,South,Office Supplies,Binder,6.0,285.63,0.0,1713.78,653.97,False,False,False,2024-01,6,0.3816
ORD-10368,2025-08-08,2025-08-10,Standard Class,CUST-0038,Customer 38,West,Office Supplies,Pens (Box),6.0,598.415,0.0,1236.87,203.24,False,False,True,2025-08,2,0.1643
ORD-10369,2025-04-13,2025-04-15,First Class,CUST-0165,Customer 165,South,Furniture,Table Lamp,11.0,1060.98,0.0,11670.78,3579.56,True,False,False,2025-04,2,0.3067
ORD-10370,2024-01-25,2024-01-31,Second Class,CUST-0058,Customer 58,North,Office Supplies,Binder,3.0,821.2,0.3,1724.52,-222.22,False,False,False,2024-01,6,-0.1289
ORD-10371,2025-10-04,2025-10-08,First Class,CUST-0088,Customer 88,South,Furniture,Bookcase,11.0,1124.79,0.0,12372.69,3404.83,True,False,False,2025-10,4,0.2752
ORD-10372,2024-03-11,2024-03-12,Standard Class,CUST-0066,Customer 66,South,Office Supplies,Paper,3.0,283.11,0.15,721.93,253.91,False,False,False,2024-03,1,0.3517
ORD-10373,2025-07-17,2025-07-22,Second Class,CUST-0012,Customer 12,West,Technology,Wireless Mouse,3.0,200.03,0.0,600.09,222.73,False,False,False,2025-07,5,0.3712
ORD-10374,2025-10-28,2025-11-01,First Class,CUST-0061,Customer 61,West,Technology,Laptop,11.0,1083.48,0.15,10130.54,1538.06,False,False,False,2025-10,4,0.1518
ORD-10375,2024-05-07,2024-05-13,Standard Class,CUST-0035,Customer 35,West,Technology,Printer,8.0,24.7,0.3,138.32,-0.98,False,False,False,2024-05,6,-0.0071
ORD-10376,2025-01-07,2025-01-13,Standard Class,CUST-0153,Customer 153,West,Furniture,Chair,6.0,581.595,0.0,5499.81,2095.97,False,False,True,2025-01,6,0.3811
ORD-10377,2025-11-15,2025-11-18,First Class,CUST-0140,Customer 140,South,Technology,Wireless Mouse,5.0,1164.07,0.0,5820.35,2258.98,False,False,False,2025-11,3,0.3881
ORD-10378,2025-04-14,2025-04-21,Standard Class,CUST-0043,Customer 43,East,Furniture,Desk,2.0,1140.25,0.0,2280.5,587.3,False,False,False,2025-04,7,0.2575
ORD-10379,2024-03-25,2024-03-31,Standard Class,CUST-0118,Customer 118,North,Furniture,Desk,6.0,42.04,0.0,252.24,66.24,False,False,False,2024-03,6,0.2626
ORD-10380,2024-10-16,2024-10-17,Same Day,CUST-0157,Customer 157,North,Office Supplies,Stapler,4.0,54.3,0.0,217.2,58.81,False,False,False,2024-10,1,0.2708
ORD-10381,2024-04-25,2024-04-30,Second Class,CUST-0073,Customer 73,South,Furniture,Bookcase,7.0,902.46,0.15,5369.64,1005.57,False,False,False,2024-04,5,0.1873
ORD-10382,2024-03-30,2024-04-02,Standard Class,CUST-0066,Customer 66,South,Office Supplies,Pens (Box),11.0,1111.79,0.0,12229.69,2535.58,True,False,False,2024-03,3,0.2073
ORD-10383,2024-05-26,2024-05-30,Standard Class,CUST-0030,Customer 30,South,Furniture,Desk,1.0,537.08,0.0,537.08,237.34,False,False,False,2024-05,4,0.4419
ORD-10384,2025-10-13,2025-10-19,Same Day,CUST-0094,Customer 94,South,Office Supplies,Pens (Box),8.0,784.82,0.0,6278.56,2490.16,False,False,False,2025-10,6,0.3966
ORD-10385,2025-09-02,2025-09-07,First Class,CUST-0143,Customer 143,South,Furniture,Desk,5.0,1131.29,0.3,3959.51,317.2,False,False,False,2025-09,5,0.0801
ORD-10386,2024-01-24,2024-01-30,First Class,CUST-0191,Customer 191,East,Office Supplies,Pens (Box),6.0,177.27,0.0,1063.62,445.24,False,False,False,2024-01,6,0.4186
ORD-10387,2024-03-03,2024-03-05,Standard Class,CUST-0016,Customer 16,West,Technology,Monitor,10.0,984.01,0.0,9840.1,2258.17,False,False,False,2024-03,2,0.2295
ORD-10388,2025-09-20,2025-09-27,Same Day,CUST-0094,Customer 94,South,Furniture,Chair,5.0,988.57,0.2,3954.28,-35.18,False,False,False,2025-09,7,-0.0089
ORD-10389,2024-09-09,2024-09-12,Standard Class,CUST-0080,Customer 80,East,Furniture,Bookcase,11.0,687.6,0.0,7563.6,2298.34,False,False,False,2024-09,3,0.3039
ORD-10390,2024-03-01,2024-03-06,First Class,CUST-0082,Customer 82,South,Office Supplies,Paper,11.0,598.4,0.15,5595.04,852.07,False,False,False,2024-03,5,0.1523
ORD-10391,2025-06-04,2025-06-10,Same Day,CUST-0045,Customer 45,North,Technology,Laptop,6.0,255.09,0.15,1300.96,429.42,False,False,False,2025-06,6,0.3301
ORD-10392,2025-09-21,2025-09-28,Same Day,CUST-0021,Customer 21,East,Office Supplies,Stapler,4.0,352.81,0.15,1199.55,133.65,False,False,False,2025-09,7,0.1114
ORD-10393,2024-10-14,2024-10-20,Standard Class,CUST-0116,Customer 116,East,Technology,Laptop,10.0,1191.75,0.0,11917.5,2563.81,True,False,False,2024-10,6,0.2151
ORD-10394,2024-10-14,2024-10-17,Same Day,CUST-0119,Customer 119,North,Office Supplies,Pens (Box),3.0,680.73,0.0,2042.19,859.72,False,False,False,2024-10,3,0.421
ORD-10395,2024-10-12,2024-10-19,First Class,CUST-0057,Customer 57,East,Technology,Wireless Mouse,5.0,298.95,0.0,1494.75,325.8,False,False,False,2024-10,7,0.218
ORD-10396,2024-12-07,2024-12-11,Second Class,CUST-0065,Customer 65,South,Office Supplies,Stapler,5.0,739.07,0.0,3695.35,1332.08,False,False,False,2024-12,4,0.3605
ORD-10397,2024-02-18,2024-02-21,First Class,CUST-0041,Customer 41,North,Technology,Laptop,6.0,569.21,0.15,2902.97,304.04,False,False,False,2024-02,3,0.1047
ORD-10398,2024-04-22,2024-04-25,Standard Class,CUST-0090,Customer 90,West,Technology,Wireless Mouse,4.0,701.31,0.0,2805.24,676.88,False,False,False,2024-04,3,0.2413
ORD-10399,2024-02-14,2024-02-21,Standard Class,CUST-0014,Customer 14,West,Office Supplies,Paper,3.0,615.82,0.2,1477.97,307.68,False,False,False,2024-02,7,0.2082
ORD-10400,2024-05-01,2024-05-08,Same Day,CUST-0054,Customer 54,South,Technology,Wireless Mouse,2.0,984.49,0.0,1968.98,713.45,False,False,False,2024-05,7,0.3623
ORD-10401,2024-01-16,2024-01-20,First Class,CUST-0185,Customer 185,South,Office Supplies,Stapler,6.0,468.5,0.15,2389.35,285.75,False,False,False,2024-01,4,0.1196
ORD-10402,2024-05-04,2024-05-07,Standard Class,CUST-0143,Customer 143,South,Furniture,Chair,4.0,773.15,0.3,2164.82,350.89,False,False,False,2024-05,3,0.1621
ORD-10403,2024-10-22,2024-10-23,Second Class,CUST-0190,Customer 190,South,Furniture,Chair,10.0,275.55,0.0,2755.5,422.13,False,False,False,2024-10,1,0.1532
ORD-10404,2025-08-12,2025-08-14,First Class,CUST-0103,Customer 103,West,Technology,Printer,11.0,429.56,0.0,4725.16,2084.84,False,False,False,2025-08,2,0.4412
ORD-10405,2025-05-31,2025-06-03,Standard Class,CUST-0150,Customer 150,North,Office Supplies,Binder,2.0,475.18,0.15,807.81,331.73,False,False,False,2025-05,3,0.4107
ORD-10406,2024-07-17,2024-07-19,First Class,CUST-0126,Customer 126,East,Furniture,Desk,7.0,554.74,0.0,3883.18,1221.77,False,False,False,2024-07,2,0.3146
ORD-10407,2025-09-20,2025-09-23,Second Class,CUST-0138,Customer 138,North,Technology,Wireless Mouse,2.0,1014.07,0.0,2028.14,471.17,False,False,False,2025-09,3,0.2323
ORD-10408,2024-05-16,2024-05-17,First Class,CUST-0010,Customer 10,North,Furniture,Chair,9.0,598.95,0.0,5390.55,2270.21,False,False,False,2024-05,1,0.4211
ORD-10409,2025-01-06,2025-01-11,First Class,CUST-0047,Customer 47,South,Office Supplies,Paper,1.0,1059.08,0.1,953.17,101.26,False,False,False,2025-01,5,0.1062
ORD-10410,2025-04-21,2025-04-22,Standard Class,CUST-0104,Customer 104,North,Technology,Printer,268.0,1103.34,0.0,5516.7,2148.66,False,True,True,2025-04,1,0.3895
ORD-10411,2024-07-26,2024-07-28,Second Class,CUST-0146,Customer 146,West,Office Supplies,Stapler,5.0,812.04,0.15,3451.17,12.79,False,False,False,2024-07,2,0.0037
ORD-10412,2024-02-05,2024-02-09,First Class,CUST-0087,Customer 87,North,Furniture,Table Lamp,2.0,906.14,0.0,1812.28,494.74,False,False,False,2024-02,4,0.273
ORD-10413,2024-06-09,2024-06-12,Second Class,CUST-0118,Customer 118,North,Furniture,Bookcase,2.0,144.75,0.0,289.5,80.13,False,False,False,2024-06,3,0.2768
ORD-10414,2025-05-16,2025-05-20,Same Day,CUST-0079,Customer 79,East,Office Supplies,Stapler,3.0,649.31,0.2,1558.34,321.61,False,False,False,2025-05,4,0.2064
ORD-10415,2025-01-20,2025-01-25,Same Day,CUST-0037,Customer 37,West,Furniture,Desk,9.0,1186.19,0.15,9074.35,1570.58,False,False,False,2025-01,5,0.1731
ORD-10416,2025-07-16,2025-07-20,First Class,CUST-0147,Customer 147,North,Technology,Printer,9.0,1197.88,0.0,10780.92,5159.14,False,False,False,2025-07,4,0.4785
ORD-10417,2025-10-21,2025-10-23,Standard Class,CUST-0167,Customer 167,South,Furniture,Desk,3.0,397.89,0.1,1074.3,400.67,False,False,False,2025-10,2,0.373
ORD-10418,2025-05-21,2025-05-25,Second Class,CUST-0064,Customer 64,West,Furniture,Table Lamp,3.0,52.74,0.0,158.22,48.17,False,False,False,2025-05,4,0.3044
ORD-10419,2025-03-21,2025-03-22,Same Day,CUST-0161,Customer 161,West,Technology,Monitor,5.0,1108.36,0.0,5541.8,1453.61,False,False,False,2025-03,1,0.2623
ORD-10420,2025-06-23,2025-06-27,First Class,CUST-0049,Customer 49,East,Office Supplies,Pens (Box),11.0,560.93,0.0,6170.23,1330.42,False,False,False,2025-06,4,0.2156
ORD-10421,2024-09-14,2024-09-19,Same Day,CUST-0116,Customer 116,East,Furniture,Table Lamp,5.0,558.04,0.15,2371.67,308.75,False,False,False,2024-09,5,0.1302
ORD-10422,2024-09-28,2024-10-02,Second Class,CUST-0177,Customer 177,East,Technology,Monitor,6.0,59.57,0.1,321.68,88.8,False,False,False,2024-09,4,0.2761
ORD-10423,2024-02-25,2024-03-02,First Class,CUST-0095,Customer 95,West,Furniture,Table Lamp,3.0,707.45,0.0,2122.35,1013.48,False,False,False,2024-02,6,0.4775
ORD-10424,2024-11-10,2024-11-12,Same Day,CUST-0140,Customer 140,South,Technology,Monitor,4.0,978.98,0.0,3915.92,919.02,False,False,False,2024-11,2,0.2347
ORD-10425,2025-05-14,2025-05-18,Standard Class,CUST-0128,Customer 128,West,Technology,Wireless Mouse,5.0,898.61,0.0,4493.05,1594.81,False,False,False,2025-05,4,0.355
ORD-10426,2024-10-29,2024-11-01,Same Day,CUST-0098,Customer 98,East,Technology,Laptop,5.0,153.01,0.0,765.05,233.4,False,False,False,2024-10,3,0.3051
ORD-10427,2025-11-04,2025-11-05,Same Day,CUST-0108,Customer 108,East,Furniture,Table Lamp,7.0,551.99,0.0,3863.93,1594.48,False,False,False,2025-11,1,0.4127
ORD-10428,2024-10-19,2024-10-21,Standard Class,CUST-0173,Customer 173,West,Furniture,Desk,2.0,637.2,0.0,1274.4,565.0,False,False,False,2024-10,2,0.4433
ORD-10429,2024-12-25,2025-01-01,Second Class,CUST-0076,Customer 76,South,Technology,Monitor,4.0,660.34,0.0,2641.36,1298.28,False,False,False,2024-12,7,0.4915
ORD-10430,2024-04-16,2024-04-20,Same Day,CUST-0167,Customer 167,South,Office Supplies,Paper,3.0,1177.63,0.0,3532.89,1011.81,False,False,False,2024-04,4,0.2864
ORD-10431,2024-03-31,2024-04-03,Second Class,CUST-0140,Customer 140,South,Furniture,Desk,11.0,248.8,0.0,2736.8,966.01,False,False,False,2024-03,3,0.353
ORD-10432,2025-12-28,2026-01-02,Standard Class,CUST-0158,Customer 158,East,Furniture,Chair,5.0,458.05,0.0,2290.25,369.26,False,False,False,2025-12,5,0.1612
ORD-10433,2024-04-21,2024-04-26,Standard Class,CUST-0073,Customer 73,South,Office Supplies,Binder,7.0,846.75,0.0,5927.25,1857.09,False,False,False,2024-04,5,0.3133
ORD-10434,2024-06-27,2024-07-03,Same Day,CUST-0168,Customer 168,North,Furniture,Chair,10.0,1026.0,0.0,10260.0,2584.48,False,False,False,2024-06,6,0.2519
ORD-10435,2024-07-05,2024-07-10,Second Class,CUST-0099,Customer 99,East,Furniture,Table Lamp,2.0,810.6,0.0,1621.2,475.94,False,False,False,2024-07,5,0.2936
ORD-10436,2025-05-24,2025-05-30,Same Day,CUST-0184,Customer 184,East,Technology,Monitor,4.0,715.18,0.0,2860.72,866.52,False,False,False,2025-05,6,0.3029
ORD-10437,2025-04-24,2025-04-25,Standard Class,CUST-0004,Customer 4,South,Office Supplies,Pens (Box),6.0,389.29,0.0,2335.74,967.89,False,False,False,2025-04,1,0.4144
ORD-10438,2025-08-17,2025-08-18,Second Class,CUST-0089,Customer 89,West,Office Supplies,Paper,2.0,206.53,0.0,413.06,146.06,False,False,False,2025-08,1,0.3536
ORD-10439,2024-05-17,2024-05-19,Second Class,CUST-0115,Customer 115,East,Office Supplies,Paper,11.0,1050.98,0.0,11560.78,2637.7,True,False,False,2024-05,2,0.2282
ORD-10440,2024-09-02,2024-09-07,Same Day,CUST-0156,Customer 156,East,Office Supplies,Stapler,3.0,192.65,0.0,577.95,238.82,False,False,False,2024-09,5,0.4132
ORD-10441,2025-11-07,2025-11-11,Second Class,CUST-0122,Customer 122,East,Office Supplies,Stapler,11.0,125.41,0.0,1379.51,565.6,False,False,False,2025-11,4,0.41
ORD-10442,2025-02-22,2025-02-24,Standard Class,CUST-0191,Customer 191,East,Office Supplies,Binder,2.0,224.07,0.0,448.14,121.99,False,False,False,2025-02,2,0.2722
ORD-10443,2024-06-08,2024-06-14,Standard Class,CUST-0118,Customer 118,South,Office Supplies,Pens (Box),6.0,598.415,0.0,5315.44,658.67,False,False,True,2024-06,6,0.1239
ORD-10444,2024-07-22,2024-07-28,Standard Class,CUST-0092,Customer 92,West,Furniture,Bookcase,10.0,123.91,0.0,1239.1,590.77,False,False,False,2024-07,6,0.4768
ORD-10445,2025-11-08,2025-11-14,Standard Class,CUST-0188,Customer 188,South,Furniture,Table Lamp,7.0,196.6,0.0,1376.2,307.16,False,False,False,2025-11,6,0.2232
ORD-10446,2025-02-14,2025-02-20,Same Day,CUST-0106,Customer 106,West,Office Supplies,Stapler,10.0,570.1,0.1,5130.9,1861.2,False,False,False,2025-02,6,0.3627
ORD-10447,2024-02-20,2024-02-21,Second Class,CUST-0020,Customer 20,South,Furniture,Bookcase,10.0,714.94,0.0,7149.4,1708.8,False,False,False,2024-02,1,0.239
ORD-10448,2024-03-21,2024-03-24,Standard Class,CUST-0185,Customer 185,South,Technology,Printer,6.0,643.55,0.0,540.05,646.9449999999999,False,False,True,2024-03,3,1.1979
ORD-10449,2024-06-30,2024-07-01,First Class,CUST-0140,Customer 140,South,Office Supplies,Binder,8.0,337.93,0.1,2433.1,184.24,False,False,False,2024-06,1,0.0757
ORD-10450,2024-10-14,2024-10-16,Second Class,CUST-0139,Customer 139,South,Technology,Laptop,5.0,892.09,0.0,4460.45,1339.22,False,False,False,2024-10,2,0.3002
ORD-10451,2024-12-08,2024-12-14,Second Class,CUST-0075,Customer 75,East,Furniture,Desk,3.0,1032.32,0.0,3096.96,1138.76,False,False,False,2024-12,6,0.3677
ORD-10452,2024-06-16,2024-06-23,Standard Class,CUST-0128,Customer 128,West,Technology,Monitor,5.0,1182.51,0.1,5321.3,1086.58,False,False,False,2024-06,7,0.2042
ORD-10453,2024-11-20,2024-11-24,Second Class,CUST-0138,Customer 138,North,Furniture,Bookcase,7.0,458.76,0.2,2569.06,103.88,False,False,False,2024-11,4,0.0404
ORD-10454,2024-12-02,2024-12-04,Same Day,CUST-0115,Customer 115,East,Furniture,Table Lamp,2.0,772.82,0.2,1236.51,329.16,False,False,False,2024-12,2,0.2662
ORD-10455,2024-12-02,2024-12-07,Standard Class,CUST-0038,Customer 38,West,Furniture,Table Lamp,8.0,940.49,0.0,7523.92,2457.03,False,False,False,2024-12,5,0.3266
ORD-10456,2024-07-16,2024-07-18,Same Day,CUST-0109,Customer 109,South,Office Supplies,Paper,6.0,719.35,0.0,4316.1,1788.74,False,False,False,2024-07,2,0.4144
ORD-10457,2024-02-17,2024-02-21,Second Class,CUST-0063,Customer 63,South,Technology,Laptop,5.0,494.59,0.0,2472.95,603.23,False,False,False,2024-02,4,0.2439
ORD-10458,2025-08-18,2025-08-23,Second Class,CUST-0172,Customer 172,North,Technology,Wireless Mouse,1.0,869.65,0.15,739.2,28.36,False,False,False,2025-08,5,0.0384
ORD-10459,2024-07-01,2024-07-06,Second Class,CUST-0017,Customer 17,East,Technology,Laptop,7.0,324.42,0.0,2270.94,1044.93,False,False,False,2024-07,5,0.4601
ORD-10460,2024-08-18,2024-08-24,Same Day,CUST-0051,Customer 51,West,Office Supplies,Pens (Box),6.0,250.29,0.0,1501.74,463.46,False,False,False,2024-08,6,0.3086
ORD-10461,2025-10-20,2025-10-21,Second Class,CUST-0134,Customer 134,East,Office Supplies,Paper,11.0,1021.06,0.3,7862.16,416.41,False,False,False,2025-10,1,0.053
ORD-10462,2024-07-07,2024-07-08,Same Day,CUST-0038,Customer 38,West,Furniture,Desk,7.0,208.08,0.3,1019.59,191.69,False,False,False,2024-07,1,0.188
ORD-10463,2024-11-16,2024-11-18,Standard Class,CUST-0140,Customer 140,South,Office Supplies,Binder,8.0,812.84,0.0,6502.72,1780.12,False,False,False,2024-11,2,0.2738
ORD-10464,2024-07-05,2024-07-09,First Class,CUST-0141,Customer 141,West,Furniture,Desk,8.0,854.84,0.1,6154.85,1655.28,False,False,False,2024-07,4,0.2689
ORD-10465,2025-11-01,2025-11-04,Same Day,CUST-0014,Customer 14,West,Furniture,Table Lamp,8.0,328.38,0.0,2627.04,1164.4,False,False,False,2025-11,3,0.4432
ORD-10466,2024-05-19,2024-05-24,First Class,CUST-0164,Customer 164,South,Office Supplies,Binder,1.0,235.64,0.0,235.64,107.19,False,False,False,2024-05,5,0.4549
ORD-10467,2024-07-19,2024-07-25,First Class,CUST-0132,Customer 132,East,Office Supplies,Paper,5.0,1081.82,0.0,5409.1,2623.22,False,False,False,2024-07,6,0.485
ORD-10468,2024-02-11,2024-02-16,Standard Class,CUST-0095,Customer 95,West,Technology,Wireless Mouse,7.0,933.4,0.0,6533.8,2573.22,False,False,False,2024-02,5,0.3938
ORD-10469,2024-02-19,2024-02-24,Standard Class,CUST-0108,Customer 108,East,Office Supplies,Paper,1.0,993.27,0.0,993.27,241.09,False,False,False,2024-02,5,0.2427
ORD-10470,2024-01-01,2024-01-04,Standard Class,CUST-0102,Customer 102,North,Furniture,Chair,4.0,720.24,0.0,2880.96,1315.66,False,False,False,2024-01,3,0.4567
ORD-10471,2025-07-20,2025-07-27,Standard Class,CUST-0161,Customer 161,West,Furniture,Chair,1.0,73.01,0.2,58.41,13.93,False,False,False,2025-07,7,0.2385
ORD-10472,2025-06-05,2025-06-06,Standard Class,CUST-0173,Customer 173,West,Office Supplies,Paper,1.0,722.96,0.1,650.66,264.84,False,False,False,2025-06,1,0.407
ORD-10473,2025-02-12,2025-02-19,Second Class,CUST-0050,Customer 50,West,Furniture,Table Lamp,7.0,1183.98,0.1,7459.07,1253.4,False,False,False,2025-02,7,0.168
ORD-10474,2025-09-24,2025-09-29,Same Day,CUST-0153,Customer 153,West,Technology,Laptop,2.0,440.79,0.0,881.58,284.28,False,False,False,2025-09,5,0.3225
ORD-10475,2025-11-16,2025-11-22,Standard Class,CUST-0183,Customer 183,South,Furniture,Table Lamp,6.0,212.66,0.0,1275.96,602.01,False,False,False,2025-11,6,0.4718
ORD-10476,2024-07-29,2024-08-02,First Class,CUST-0121,Customer 121,South,Furniture,Chair,7.0,238.06,0.0,1666.42,510.42,False,False,False,2024-07,4,0.3063
ORD-10477,2025-02-19,2025-02-26,First Class,CUST-0140,Customer 140,South,Technology,Wireless Mouse,5.0,668.24,0.0,3341.2,1490.15,False,False,False,2025-02,7,0.446
ORD-10478,2025-10-31,2025-11-01,Standard Class,CUST-0103,Customer 103,West,Furniture,Table Lamp,9.0,781.02,0.2,5623.34,1083.57,False,False,False,2025-10,1,0.1927
ORD-10479,2025-12-09,2025-12-15,Same Day,CUST-0121,Customer 121,South,Furniture,Chair,2.0,118.95,0.0,237.9,60.56,False,False,False,2025-12,6,0.2546
ORD-10480,2025-06-29,2025-06-30,Second Class,CUST-0039,Customer 39,South,Office Supplies,Paper,10.0,428.99,0.0,4289.9,1723.66,False,False,False,2025-06,1,0.4018
ORD-10481,2025-07-29,2025-08-04,Same Day,CUST-0115,Customer 115,East,Furniture,Bookcase,9.0,913.11,0.1,7396.19,2887.38,False,False,False,2025-07,6,0.3904
ORD-10482,2025-04-18,2025-04-19,First Class,CUST-0055,Customer 55,South,Technology,Laptop,4.0,582.8,0.0,2331.2,1074.12,False,False,False,2025-04,1,0.4608
ORD-10483,2024-06-26,2024-06-29,First Class,CUST-0141,Customer 141,West,Furniture,Bookcase,2.0,163.39,0.3,228.75,32.78,False,False,False,2024-06,3,0.1433
ORD-10484,2025-02-14,2025-02-21,First Class,CUST-0197,Customer 197,South,Technology,Wireless Mouse,11.0,1103.4,0.0,12137.4,5580.87,True,False,False,2025-02,7,0.4598
ORD-10485,2025-01-08,2025-01-12,Second Class,CUST-0182,Customer 182,North,Technology,Monitor,9.0,1055.91,0.0,9503.19,1520.74,False,False,False,2025-01,4,0.16
ORD-10486,2024-01-28,2024-01-30,First Class,CUST-0072,Customer 72,North,Office Supplies,Binder,8.0,965.78,0.0,7726.24,3028.21,False,False,False,2024-01,2,0.3919
ORD-10487,2025-09-05,2025-09-08,Standard Class,CUST-0093,Customer 93,West,Furniture,Chair,1.0,836.86,0.0,836.86,278.69,False,False,False,2025-09,3,0.333
ORD-10488,2025-07-11,2025-07-14,First Class,CUST-0037,Customer 37,West,Technology,Laptop,11.0,1142.09,0.0,12562.99,2061.73,True,False,False,2025-07,3,0.1641
ORD-10489,2024-10-30,2024-11-03,Standard Class,CUST-0002,Customer 2,West,Technology,Printer,8.0,846.42,0.15,5755.66,1224.17,False,False,False,2024-10,4,0.2127
ORD-10490,2025-04-30,2025-05-02,Standard Class,CUST-0162,Customer 162,East,Office Supplies,Paper,7.0,45.16,0.0,316.12,147.63,False,False,False,2025-04,2,0.467
ORD-10491,2024-12-04,2024-12-07,First Class,CUST-0114,Customer 114,South,Technology,Laptop,7.0,508.16,0.0,3557.12,1239.01,False,False,False,2024-12,3,0.3483
ORD-10492,2024-12-24,2024-12-31,Second Class,CUST-0032,Customer 32,North,Office Supplies,Stapler,7.0,586.94,0.3,2876.01,-265.83,False,False,False,2024-12,7,-0.0924
ORD-10493,2025-09-27,2025-10-04,Standard Class,CUST-0117,Customer 117,North,Technology,Laptop,1.0,1131.3,0.0,1131.3,464.31,False,False,False,2025-09,7,0.4104
ORD-10494,2024-02-15,2024-02-16,Same Day,CUST-0089,Customer 89,West,Technology,Laptop,11.0,35.47,0.0,390.17,185.31,False,False,False,2024-02,1,0.4749
ORD-10495,2024-05-20,2024-05-26,Same Day,CUST-0185,Customer 185,South,Office Supplies,Stapler,7.0,741.88,0.0,5193.16,2480.3,False,False,False,2024-05,6,0.4776
ORD-10496,2024-08-15,2024-08-16,Same Day,CUST-0063,Customer 63,South,Furniture,Chair,9.0,19.9,0.0,179.1,45.19,False,False,False,2024-08,1,0.2523
ORD-10497,2025-02-26,2025-02-28,Standard Class,CUST-0060,Customer 60,East,Technology,Laptop,10.0,490.77,0.15,4171.55,847.73,False,False,False,2025-02,2,0.2032
ORD-10498,2024-01-20,2024-01-23,First Class,CUST-0044,Customer 44,South,Technology,Monitor,8.0,295.0,0.0,2360.0,889.79,False,False,False,2024-01,3,0.377
ORD-10499,2024-09-30,2024-10-02,Standard Class,CUST-0001,Customer 1,North,Office Supplies,Pens (Box),4.0,627.32,0.0,2509.28,532.92,False,False,False,2024-09,2,0.2124
ORD-10500,2025-05-05,2025-05-08,Second Class,CUST-0182,Customer 182,North,Office Supplies,Stapler,5.0,955.65,0.0,4778.25,1094.95,False,False,False,2025-05,3,0.2292
ORD-10501,2024-08-06,2024-08-09,First Class,CUST-0096,Customer 96,South,Furniture,Bookcase,2.0,51.27,0.0,102.54,33.49,False,False,False,2024-08,3,0.3266
ORD-10502,2025-05-09,2025-05-11,First Class,CUST-0057,Customer 57,East,Office Supplies,Binder,7.0,802.02,0.0,5614.14,2126.78,False,False,False,2025-05,2,0.3788
ORD-10503,2024-10-17,2024-10-18,Second Class,CUST-0029,Customer 29,East,Technology,Laptop,4.0,399.73,0.1,1439.03,277.26,False,False,False,2024-10,1,0.1927
ORD-10504,2024-01-27,2024-02-02,Second Class,CUST-0115,Customer 115,East,Furniture,Table Lamp,6.0,1026.92,0.0,6161.52,1986.86,False,False,False,2024-01,6,0.3225
ORD-10505,2024-04-11,2024-04-18,Second Class,CUST-0133,Customer 133,North,Furniture,Bookcase,11.0,548.64,0.3,4224.53,601.33,False,False,False,2024-04,7,0.1423
ORD-10506,2024-05-27,2024-05-31,Second Class,CUST-0065,Customer 65,South,Technology,Printer,6.0,823.87,0.0,4943.22,837.45,False,False,False,2024-05,4,0.1694
ORD-10507,2024-06-29,2024-07-05,Same Day,CUST-0134,Customer 134,East,Furniture,Table Lamp,2.0,839.87,0.3,1175.82,319.29,False,False,False,2024-06,6,0.2715
ORD-10508,2024-03-21,2024-03-25,Same Day,CUST-0156,Customer 156,East,Office Supplies,Paper,9.0,831.89,0.0,7487.01,3563.15,False,False,False,2024-03,4,0.4759
ORD-10509,2024-09-26,2024-09-28,Same Day,CUST-0046,Customer 46,West,Technology,Monitor,10.0,1054.2,0.15,8960.7,1786.19,False,False,False,2024-09,2,0.1993
ORD-10510,2025-04-25,2025-04-29,Second Class,CUST-0059,Customer 59,East,Office Supplies,Paper,9.0,165.1,0.0,1485.9,714.67,False,False,False,2025-04,4,0.481
ORD-10511,2024-07-25,2024-08-01,Second Class,CUST-0054,Customer 54,South,Furniture,Desk,7.0,945.21,0.0,6616.47,1339.18,False,False,False,2024-07,7,0.2024
ORD-10512,2024-10-20,2024-10-27,Same Day,CUST-0018,Customer 18,North,Furniture,Bookcase,2.0,189.26,0.0,378.52,177.82,False,False,False,2024-10,7,0.4698
ORD-10513,2024-11-23,2024-11-25,First Class,CUST-0053,Customer 53,South,Office Supplies,Binder,10.0,677.22,0.0,6772.2,1052.31,False,False,False,2024-11,2,0.1554
ORD-10514,2024-08-28,2024-08-31,Second Class,CUST-0135,Customer 135,West,Furniture,Bookcase,11.0,390.19,0.0,4292.09,1250.36,False,False,False,2024-08,3,0.2913
ORD-10515,2024-01-16,2024-01-21,First Class,CUST-0185,Customer 185,South,Furniture,Chair,1.0,440.41,0.15,374.35,102.25,False,False,False,2024-01,5,0.2731
ORD-10516,2025-08-22,2025-08-23,Standard Class,CUST-0104,Customer 104,North,Furniture,Desk,11.0,831.8,0.0,147904.36259409625,4571.72,True,False,True,2025-08,1,0.0309
ORD-10517,2024-02-27,2024-03-04,Second Class,CUST-0017,Customer 17,East,Office Supplies,Stapler,9.0,1125.39,0.2,8102.81,2966.09,False,False,False,2024-02,6,0.3661
ORD-10518,2024-01-05,2024-01-06,First Class,CUST-0190,Customer 190,South,Technology,Wireless Mouse,4.0,349.4,0.1,1257.84,171.13,False,False,False,2024-01,1,0.1361
ORD-10519,2025-08-02,2025-08-06,Second Class,CUST-0024,Customer 24,West,Furniture,Desk,4.0,1160.28,0.0,4641.12,1594.25,False,False,False,2025-08,4,0.3435
ORD-10520,2024-11-11,2024-11-14,First Class,CUST-0103,Customer 103,West,Technology,Printer,8.0,992.92,0.2,6354.69,-208.42,False,False,False,2024-11,3,-0.0328
ORD-10521,2024-05-25,2024-05-31,Standard Class,CUST-0072,Customer 72,North,Technology,Monitor,8.0,1006.8,0.0,8054.4,2053.93,False,False,False,2024-05,6,0.255
ORD-10522,2024-06-01,2024-06-08,Same Day,CUST-0027,Customer 27,South,Furniture,Bookcase,9.0,600.56,0.0,5405.04,2697.83,False,False,False,2024-06,7,0.4991
ORD-10523,2024-09-05,2024-09-08,Second Class,CUST-0108,Customer 108,East,Technology,Monitor,2.0,980.55,0.1,1764.99,263.95,False,False,False,2024-09,3,0.1495
ORD-10524,2025-02-20,2025-02-21,First Class,CUST-0191,Customer 191,East,Office Supplies,Binder,11.0,5.77,0.0,63.47,15.78,False,False,False,2025-02,1,0.2486
ORD-10525,2025-03-15,2025-03-20,Standard Class,CUST-0168,Customer 168,North,Technology,Monitor,9.0,819.24,0.0,7373.16,1211.59,False,False,False,2025-03,5,0.1643
ORD-10526,2025-11-01,2025-11-02,First Class,CUST-0180,Customer 180,East,Furniture,Table Lamp,5.0,907.67,0.0,4538.35,1995.7,False,False,False,2025-11,1,0.4397
ORD-10527,2025-08-06,2025-08-10,Same Day,CUST-0163,Customer 163,South,Office Supplies,Stapler,6.0,1042.55,0.0,6255.3,2293.64,False,False,False,2025-08,4,0.3667
ORD-10528,2024-04-22,2024-04-29,Standard Class,CUST-0115,Customer 115,East,Office Supplies,Paper,11.0,1005.95,0.0,11065.45,5344.03,True,False,False,2024-04,7,0.4829
ORD-10529,2025-06-04,2025-06-09,Same Day,CUST-0044,Customer 44,South,Technology,Laptop,2.0,847.63,0.1,1525.73,542.64,False,False,False,2025-06,5,0.3557
ORD-10530,2025-10-10,2025-10-11,Second Class,CUST-0082,Customer 82,South,Furniture,Desk,4.0,655.2,0.15,2227.68,710.66,False,False,False,2025-10,1,0.319
ORD-10531,2024-12-01,2024-12-08,First Class,CUST-0189,Customer 189,North,Technology,Monitor,6.0,1197.19,0.0,7183.14,1449.65,False,False,False,2024-12,7,0.2018
ORD-10532,2025-01-14,2025-01-18,Same Day,CUST-0152,Customer 152,South,Furniture,Desk,2.0,354.5,0.1,638.1,159.95,False,False,False,2025-01,4,0.2507
ORD-10533,2025-10-10,2025-10-12,Second Class,CUST-0197,Customer 197,South,Technology,Monitor,6.0,854.73,0.0,5128.38,940.66,False,False,False,2025-10,2,0.1834
ORD-10534,2025-09-20,2025-09-22,Same Day,CUST-0062,Customer 62,East,Furniture,Table Lamp,9.0,582.07,0.15,4452.84,1271.05,False,False,False,2025-09,2,0.2854
ORD-10535,2024-04-12,2024-04-18,Second Class,CUST-0008,Customer 8,East,Furniture,Chair,4.0,537.65,0.0,2150.6,783.99,False,False,False,2024-04,6,0.3645
ORD-10536,2024-02-23,2024-02-28,First Class,CUST-0077,Customer 77,South,Office Supplies,Stapler,2.0,920.06,0.1,1656.11,477.34,False,False,False,2024-02,5,0.2882
ORD-10537,2024-10-10,2024-10-13,Second Class,CUST-0125,Customer 125,West,Office Supplies,Pens (Box),9.0,471.58,0.0,4244.22,964.39,False,False,False,2024-10,3,0.2272
ORD-10538,2025-08-11,2025-08-15,Same Day,CUST-0182,Customer 182,North,Furniture,Desk,3.0,108.73,0.0,326.19,49.19,False,False,False,2025-08,4,0.1508
ORD-10539,2024-01-04,2024-01-08,Same Day,CUST-0127,Customer 127,North,Office Supplies,Binder,11.0,528.79,0.0,5816.69,2643.63,False,False,False,2024-01,4,0.4545
ORD-10540,2024-01-03,2024-01-05,Standard Class,CUST-0036,Customer 36,North,Technology,Wireless Mouse,9.0,176.12,0.0,1585.08,682.16,False,False,False,2024-01,2,0.4304
ORD-10541,2025-02-23,2025-02-28,Second Class,CUST-0035,Customer 35,West,Technology,Monitor,4.0,739.95,0.15,2515.83,411.72,False,False,False,2025-02,5,0.1637
ORD-10542,2024-08-22,2024-08-28,Second Class,CUST-0128,Customer 128,West,Technology,Laptop,10.0,1157.32,0.0,11573.2,4662.51,True,False,False,2024-08,6,0.4029
ORD-10543,2025-10-29,2025-11-03,Standard Class,CUST-0078,Customer 78,North,Office Supplies,Binder,8.0,674.98,0.15,4589.86,619.07,False,False,False,2025-10,5,0.1349
ORD-10544,2025-12-05,2025-12-08,Standard Class,CUST-0093,Customer 93,West,Furniture,Chair,9.0,720.64,0.0,6485.76,1905.79,False,False,False,2025-12,3,0.2938
ORD-10545,2025-06-04,2025-06-05,Standard Class,CUST-0030,Customer 30,South,Office Supplies,Paper,3.0,966.43,0.0,2899.29,1168.99,False,False,False,2025-06,1,0.4032
ORD-10546,2024-02-07,2024-02-09,Standard Class,CUST-0074,Customer 74,North,Technology,Laptop,5.0,908.27,0.0,4541.35,1651.84,False,False,False,2024-02,2,0.3637
ORD-10547,2025-07-10,2025-07-13,Same Day,CUST-0158,Customer 158,East,Office Supplies,Pens (Box),4.0,256.18,0.0,1024.72,439.5,False,False,False,2025-07,3,0.4289
ORD-10548,2024-10-31,2024-11-07,Same Day,CUST-0164,Customer 164,South,Technology,Laptop,10.0,1055.96,0.0,10559.6,4493.78,False,False,False,2024-10,7,0.4256
ORD-10549,2024-08-31,2024-09-01,Same Day,CUST-0173,Customer 173,West,Office Supplies,Paper,8.0,292.37,0.0,2338.96,996.57,False,False,False,2024-08,1,0.4261
ORD-10550,2024-09-19,2024-09-26,Same Day,CUST-0009,Customer 9,North,Furniture,Bookcase,10.0,734.94,0.0,7349.4,2785.07,False,False,False,2024-09,7,0.379
ORD-10551,2024-02-15,2024-02-21,Standard Class,CUST-0047,Customer 47,South,Office Supplies,Binder,4.0,687.96,0.0,2751.84,1324.55,False,False,False,2024-02,6,0.4813
ORD-10552,2024-12-21,2024-12-24,Same Day,CUST-0196,Customer 196,North,Office Supplies,Binder,9.0,225.44,0.0,2028.96,767.34,False,False,False,2024-12,3,0.3782
ORD-10553,2025-07-29,2025-08-02,Standard Class,CUST-0047,Customer 47,South,Technology,Monitor,5.0,51.5,0.0,257.5,120.44,False,False,False,2025-07,4,0.4677
ORD-10554,2024-08-06,2024-08-12,Same Day,CUST-0144,Customer 144,South,Office Supplies,Binder,4.0,61.62,0.0,246.48,86.14,False,False,False,2024-08,6,0.3495
ORD-10555,2025-04-27,2025-04-30,Standard Class,CUST-0187,Customer 187,North,Furniture,Desk,7.0,822.75,0.0,5759.25,2571.01,False,False,False,2025-04,3,0.4464
ORD-10556,2025-06-19,2025-06-24,Same Day,CUST-0087,Customer 87,North,Office Supplies,Binder,10.0,1041.78,0.1,9376.02,549.16,False,False,False,2025-06,5,0.0586
ORD-10557,2025-03-05,2025-03-09,Standard Class,CUST-0033,Customer 33,North,Office Supplies,Pens (Box),10.0,877.67,0.15,7460.19,200.64,False,False,False,2025-03,4,0.0269
ORD-10558,2025-09-13,2025-09-19,Same Day,CUST-0123,Customer 123,East,Technology,Printer,8.0,520.47,0.15,3539.2,292.41,False,False,False,2025-09,6,0.0826
ORD-10559,2024-11-23,2024-11-28,Standard Class,CUST-0141,Customer 141,West,Furniture,Bookcase,6.0,581.595,0.0,5820.93,-126.72,False,False,True,2024-11,5,-0.0218
ORD-10560,2025-12-12,2025-12-18,Second Class,CUST-0112,Customer 112,West,Office Supplies,Paper,9.0,309.75,0.1,2508.97,338.63,False,False,False,2025-12,6,0.135
ORD-10561,2024-03-22,2024-03-28,Standard Class,CUST-0113,Customer 113,East,Furniture,Desk,3.0,1028.51,0.0,3085.53,1445.42,False,False,False,2024-03,6,0.4685
ORD-10562,2024-08-13,2024-08-19,Second Class,CUST-0178,Customer 178,North,Office Supplies,Pens (Box),9.0,244.32,0.0,2198.88,705.76,False,False,False,2024-08,6,0.321
ORD-10563,2024-01-10,2024-01-17,Standard Class,CUST-0011,Customer 11,East,Office Supplies,Stapler,6.0,415.86,0.0,2495.16,1004.67,False,False,False,2024-01,7,0.4026
ORD-10564,2024-08-26,2024-08-29,Same Day,CUST-0105,Customer 105,West,Furniture,Table Lamp,6.0,110.63,0.0,663.78,318.32,False,False,False,2024-08,3,0.4796
ORD-10565,2024-09-27,2024-10-04,Second Class,CUST-0077,Customer 77,South,Technology,Laptop,4.0,796.15,0.0,3184.6,544.71,False,False,False,2024-09,7,0.171
ORD-10566,2025-08-01,2025-08-07,Same Day,CUST-0194,Customer 194,South,Technology,Wireless Mouse,6.0,592.11,0.1,3197.39,1323.75,False,False,False,2025-08,6,0.414
ORD-10567,2024-09-17,2024-09-21,First Class,CUST-0134,Customer 134,East,Office Supplies,Stapler,1.0,1004.16,0.2,803.33,221.75,False,False,False,2024-09,4,0.276
ORD-10568,2024-04-03,2024-04-08,Second Class,CUST-0034,Customer 34,East,Furniture,Table Lamp,6.0,422.06,0.1,2279.12,816.57,False,False,False,2024-04,5,0.3583
ORD-10569,2024-12-24,2024-12-30,First Class,CUST-0082,Customer 82,South,Furniture,Table Lamp,2.0,676.98,0.1,1218.56,234.07,False,False,False,2024-12,6,0.1921
ORD-10570,2024-01-12,2024-01-14,Standard Class,CUST-0050,Customer 50,West,Furniture,Desk,2.0,251.92,0.0,503.84,220.49,False,False,False,2024-01,2,0.4376
ORD-10571,2025-11-14,2025-11-18,Same Day,CUST-0022,Customer 22,South,Furniture,Desk,8.0,757.35,0.2,4847.04,125.06,False,False,False,2025-11,4,0.0258
ORD-10572,2024-02-14,2024-02-15,Second Class,CUST-0024,Customer 24,West,Office Supplies,Stapler,3.0,519.91,0.0,1559.73,546.32,False,False,False,2024-02,1,0.3503
ORD-10573,2025-02-10,2025-02-11,First Class,CUST-0157,Customer 157,North,Office Supplies,Pens (Box),10.0,923.38,0.0,9233.8,2877.06,False,False,False,2025-02,1,0.3116
ORD-10574,2024-07-16,2024-07-21,Standard Class,CUST-0174,Customer 174,East,Technology,Printer,6.0,396.77,0.0,1269.66,129.3,False,False,True,2024-07,5,0.1018
ORD-10575,2025-06-04,2025-06-09,Same Day,CUST-0006,Customer 6,West,Technology,Wireless Mouse,5.0,566.87,0.0,2834.35,980.83,False,False,False,2025-06,5,0.3461
ORD-10576,2024-07-25,2024-07-26,First Class,CUST-0120,Customer 120,North,Office Supplies,Pens (Box),5.0,820.66,0.0,4103.3,1114.37,False,False,False,2024-07,1,0.2716
ORD-10577,2024-02-23,2024-02-25,First Class,CUST-0168,Customer 168,North,Office Supplies,Pens (Box),6.0,880.12,0.1,4752.65,1675.61,False,False,False,2024-02,2,0.3526
ORD-10578,2024-09-24,2024-09-27,Standard Class,CUST-0034,Customer 34,East,Technology,Monitor,6.0,472.2,0.0,5194.2,2197.35,False,False,True,2024-09,3,0.423
ORD-10579,2025-10-09,2025-10-14,Standard Class,CUST-0165,Customer 165,South,Technology,Printer,8.0,102.32,0.0,818.56,401.2,False,False,False,2025-10,5,0.4901
ORD-10580,2024-08-24,2024-08-29,Second Class,CUST-0092,Customer 92,West,Furniture,Table Lamp,7.0,678.75,0.0,4751.25,1344.42,False,False,False,2024-08,5,0.283
ORD-10581,2025-04-13,2025-04-16,Standard Class,CUST-0111,Customer 111,South,Technology,Wireless Mouse,3.0,138.27,0.0,414.81,62.36,False,False,False,2025-04,3,0.1503
ORD-10582,2024-01-15,2024-01-19,First Class,CUST-0068,Customer 68,South,Furniture,Table Lamp,2.0,505.21,0.1,909.38,80.72,False,False,False,2024-01,4,0.0888
ORD-10583,2025-08-29,2025-09-05,Second Class,CUST-0095,Customer 95,West,Technology,Monitor,11.0,51.99,0.3,400.32,-55.64,False,False,False,2025-08,7,-0.139
ORD-10584,2025-04-29,2025-05-06,First Class,CUST-0105,Customer 105,West,Technology,Laptop,10.0,621.45,0.0,6214.5,1096.13,False,False,False,2025-04,7,0.1764
ORD-10585,2025-06-20,2025-06-26,Same Day,CUST-0012,Customer 12,West,Furniture,Chair,5.0,164.53,0.0,822.65,370.05,False,False,False,2025-06,6,0.4498
ORD-10586,2024-09-30,2024-10-04,First Class,CUST-0055,Customer 55,South,Furniture,Bookcase,2.0,803.85,0.15,1366.55,66.83,False,False,False,2024-09,4,0.0489
ORD-10587,2025-02-06,2025-02-09,Standard Class,CUST-0137,Customer 137,East,Office Supplies,Paper,6.0,572.06,0.15,2917.51,737.17,False,False,False,2025-02,3,0.2527
ORD-10588,2025-02-01,2025-02-08,Same Day,CUST-0157,Customer 157,North,Technology,Printer,11.0,794.25,0.0,8736.75,3702.26,False,False,False,2025-02,7,0.4238
ORD-10589,2025-06-29,2025-07-05,Standard Class,CUST-0055,Customer 55,South,Technology,Monitor,11.0,252.79,0.0,2780.69,868.09,False,False,False,2025-06,6,0.3122
ORD-10590,2025-01-22,2025-01-27,Second Class,CUST-0058,Customer 58,North,Furniture,Table Lamp,8.0,705.4,0.0,5643.2,2750.45,False,False,False,2025-01,5,0.4874
ORD-10591,2024-09-19,2024-09-20,Same Day,CUST-0118,Customer 118,North,Furniture,Desk,4.0,780.68,0.0,3122.72,1459.48,False,False,False,2024-09,1,0.4674
ORD-10592,2025-03-20,2025-03-26,Standard Class,CUST-0101,Customer 101,West,Office Supplies,Paper,4.0,217.49,0.15,739.47,240.62,False,False,False,2025-03,6,0.3254
ORD-10593,2025-07-02,2025-07-08,Standard Class,CUST-0114,Customer 114,South,Office Supplies,Pens (Box),4.0,513.38,0.3,1437.46,-268.05,False,False,False,2025-07,6,-0.1865
ORD-10594,2025-12-23,2025-12-26,Second Class,CUST-0081,Customer 81,West,Furniture,Bookcase,3.0,1136.56,0.0,3409.68,1232.3,False,False,False,2025-12,3,0.3614
ORD-10595,2024-11-05,2024-11-09,First Class,CUST-0172,Customer 172,North,Furniture,Chair,8.0,332.25,0.0,2658.0,1244.94,False,False,False,2024-11,4,0.4684
ORD-10596,2024-04-14,2024-04-20,Standard Class,CUST-0148,Customer 148,North,Furniture,Desk,1.0,1144.85,0.0,1144.85,363.31,False,False,False,2024-04,6,0.3173
ORD-10597,2025-12-07,2025-12-12,Second Class,CUST-0028,Customer 28,West,Furniture,Bookcase,3.0,70.46,0.0,211.38,69.18,False,False,False,2025-12,5,0.3273
ORD-10598,2025-02-28,2025-03-04,Standard Class,CUST-0085,Customer 85,East,Technology,Monitor,1.0,284.9,0.0,284.9,135.29,False,False,False,2025-02,4,0.4749
ORD-10599,2025-06-09,2025-06-10,Same Day,CUST-0159,Customer 159,East,Technology,Laptop,11.0,1195.54,0.3,9205.66,682.8,False,False,False,2025-06,1,0.0742
ORD-10600,2024-01-11,2024-01-12,Standard Class,CUST-0143,Customer 143,South,Furniture,Chair,3.0,118.8,0.0,356.4,135.83,False,False,False,2024-01,1,0.3811
ORD-10601,2025-02-17,2025-02-19,Standard Class,CUST-0140,Customer 140,South,Office Supplies,Binder,4.0,1022.98,0.0,4091.92,1274.89,False,False,False,2025-02,2,0.3116
ORD-10602,2024-04-27,2024-04-29,Same Day,CUST-0118,Customer 118,North,Office Supplies,Paper,5.0,736.61,0.0,3683.05,1619.33,False,False,False,2024-04,2,0.4397
ORD-10603,2025-12-04,2025-12-05,Second Class,CUST-0101,Customer 101,West,Furniture,Desk,7.0,660.18,0.0,4621.26,1578.3,False,False,False,2025-12,1,0.3415
ORD-10604,2024-05-21,2024-05-23,Same Day,CUST-0152,Customer 152,South,Office Supplies,Paper,11.0,381.28,0.2,3355.26,89.06,False,False,False,2024-05,2,0.0265
ORD-10605,2024-05-11,2024-05-14,Same Day,CUST-0172,Customer 172,North,Technology,Printer,8.0,578.64,0.2,3703.3,561.02,False,False,False,2024-05,3,0.1515
ORD-10606,2024-03-31,2024-04-04,Second Class,CUST-0034,Customer 34,East,Furniture,Bookcase,9.0,474.31,0.0,4268.79,869.16,False,False,False,2024-03,4,0.2036
ORD-10607,2025-07-02,2025-07-06,First Class,CUST-0014,Customer 14,West,Office Supplies,Pens (Box),5.0,905.43,0.0,4527.15,798.46,False,False,False,2025-07,4,0.1764
ORD-10608,2024-07-12,2024-07-14,First Class,CUST-0009,Customer 9,North,Technology,Laptop,4.0,443.24,0.1,1595.66,119.92,False,False,False,2024-07,2,0.0752
ORD-10609,2024-08-14,2024-08-21,Standard Class,CUST-0040,Customer 40,East,Technology,Monitor,5.0,994.69,0.15,4227.43,1230.61,False,False,False,2024-08,7,0.2911
ORD-10610,2025-12-06,2025-12-08,Standard Class,CUST-0088,Customer 88,South,Technology,Wireless Mouse,6.0,845.87,0.0,5075.22,1496.44,False,False,False,2025-12,2,0.2949
ORD-10611,2025-07-15,2025-07-18,Second Class,CUST-0130,Customer 130,East,Office Supplies,Stapler,4.0,835.78,0.2,2674.5,791.14,False,False,False,2025-07,3,0.2958
ORD-10612,2024-05-07,2024-05-11,First Class,CUST-0081,Customer 81,West,Technology,Monitor,11.0,39.74,0.0,437.14,119.24,False,False,False,2024-05,4,0.2728
ORD-10613,2024-03-18,2024-03-21,Second Class,CUST-0175,Customer 175,East,Furniture,Table Lamp,5.0,446.52,0.0,2232.6,546.44,False,False,False,2024-03,3,0.2448
ORD-10614,2025-01-28,2025-02-01,Standard Class,CUST-0169,Customer 169,South,Office Supplies,Pens (Box),6.0,598.415,0.0,2969.36,658.67,False,False,False,2025-01,4,0.2218
ORD-10615,2024-06-05,2024-06-10,Standard Class,CUST-0053,Customer 53,South,Office Supplies,Stapler,10.0,227.81,0.0,2278.1,881.35,False,False,False,2024-06,5,0.3869
ORD-10616,2025-10-22,2025-10-26,Second Class,CUST-0110,Customer 110,East,Technology,Printer,6.0,357.57,0.1,1930.88,437.88,False,False,False,2025-10,4,0.2268
ORD-10617,2024-12-23,2024-12-27,Second Class,CUST-0009,Customer 9,North,Office Supplies,Stapler,2.0,855.84,0.1,1540.51,136.31,False,False,False,2024-12,4,0.0885
ORD-10618,2025-07-16,2025-07-23,First Class,CUST-0189,Customer 189,North,Technology,Wireless Mouse,10.0,602.88,0.1,5425.92,1846.28,False,False,False,2025-07,7,0.3403
ORD-10619,2025-03-10,2025-03-17,Second Class,CUST-0057,Customer 57,East,Office Supplies,Pens (Box),4.0,582.84,0.3,1631.95,-185.05,False,False,False,2025-03,7,-0.1134
ORD-10620,2024-04-21,2024-04-25,Same Day,CUST-0030,Customer 30,South,Technology,Wireless Mouse,7.0,624.93,0.0,4374.51,964.79,False,False,False,2024-04,4,0.2205
ORD-10621,2024-09-08,2024-09-09,Standard Class,CUST-0121,Customer 121,South,Office Supplies,Pens (Box),7.0,515.78,0.0,3610.46,1161.65,False,False,False,2024-09,1,0.3217
ORD-10622,2025-06-01,2025-06-07,Standard Class,CUST-0081,Customer 81,West,Furniture,Table Lamp,9.0,955.87,0.0,8602.83,2708.68,False,False,False,2025-06,6,0.3149
ORD-10623,2025-07-27,2025-07-31,Standard Class,CUST-0069,Customer 69,North,Technology,Printer,6.0,309.97,0.0,1859.82,480.5,False,False,False,2025-07,4,0.2584
ORD-10624,2025-01-27,2025-01-28,Standard Class,CUST-0043,Customer 43,East,Office Supplies,Paper,6.0,528.44,0.0,3170.64,940.71,False,False,False,2025-01,1,0.2967
ORD-10625,2025-04-10,2025-04-12,First Class,CUST-0006,Customer 6,West,Office Supplies,Paper,1.0,543.86,0.0,543.86,172.23,False,False,False,2025-04,2,0.3167
ORD-10626,2025-04-11,2025-04-14,First Class,CUST-0175,Customer 175,East,Furniture,Desk,2.0,302.41,0.0,604.82,216.86,False,False,False,2025-04,3,0.3586
ORD-10627,2025-06-05,2025-06-11,Standard Class,CUST-0154,Customer 154,South,Technology,Wireless Mouse,11.0,849.67,0.3,6542.46,904.07,False,False,False,2025-06,6,0.1382
ORD-10628,2025-12-20,2025-12-26,Standard Class,CUST-0149,Customer 149,West,Technology,Printer,7.0,786.51,0.15,4679.73,528.46,False,False,False,2025-12,6,0.1129
ORD-10629,2025-10-29,2025-10-30,Standard Class,CUST-0079,Customer 79,East,Office Supplies,Binder,6.0,1102.96,0.15,5625.1,2075.02,False,False,False,2025-10,1,0.3689
ORD-10630,2024-02-28,2024-03-06,Second Class,CUST-0140,Customer 140,South,Office Supplies,Binder,3.0,869.8,0.0,2609.4,541.29,False,False,False,2024-02,7,0.2074
ORD-10631,2025-05-13,2025-05-15,Standard Class,CUST-0120,Customer 120,North,Technology,Wireless Mouse,2.0,1062.11,0.0,2124.22,986.01,False,False,False,2025-05,2,0.4642
ORD-10632,2025-03-24,2025-03-29,Standard Class,CUST-0166,Customer 166,West,Office Supplies,Paper,6.0,598.415,0.0,1614.04,598.05,False,False,True,2025-03,5,0.3705
ORD-10633,2024-07-09,2024-07-10,First Class,CUST-0059,Customer 59,East,Technology,Printer,3.0,840.63,0.0,2521.89,864.32,False,False,False,2024-07,1,0.3427
ORD-10634,2025-05-10,2025-05-14,Standard Class,CUST-0165,Customer 165,South,Furniture,Chair,1.0,90.05,0.3,63.03,-3.57,False,False,False,2025-05,4,-0.0566
ORD-10635,2025-06-04,2025-06-09,Same Day,CUST-0065,Customer 65,South,Furniture,Bookcase,4.0,187.61,0.0,750.44,145.99,False,False,False,2025-06,5,0.1945
ORD-10636,2024-07-05,2024-07-08,Same Day,CUST-0074,Customer 74,North,Office Supplies,Stapler,5.0,1171.56,0.0,5857.8,1427.48,False,False,False,2024-07,3,0.2437
ORD-10637,2025-04-02,2025-04-07,First Class,CUST-0147,Customer 147,North,Furniture,Bookcase,2.0,464.25,0.15,789.23,150.47,False,False,False,2025-04,5,0.1907
ORD-10638,2024-12-13,2024-12-17,Same Day,CUST-0010,Customer 10,North,Office Supplies,Pens (Box),2.0,613.01,0.1,1103.42,377.41,False,False,False,2024-12,4,0.342
ORD-10639,2024-04-21,2024-04-23,Second Class,CUST-0142,Customer 142,North,Furniture,Table Lamp,3.0,961.24,0.0,2883.72,1290.63,False,False,False,2024-04,2,0.4476
ORD-10640,2024-02-21,2024-02-28,Second Class,CUST-0074,Customer 74,North,Furniture,Table Lamp,8.0,41.42,0.0,331.36,54.79,False,False,False,2024-02,7,0.1653
ORD-10641,2025-05-30,2025-06-03,Second Class,CUST-0026,Customer 26,East,Office Supplies,Stapler,10.0,343.35,0.15,2918.47,377.5,False,False,False,2025-05,4,0.1293
ORD-10642,2025-08-01,2025-08-02,Same Day,CUST-0134,Customer 134,East,Technology,Wireless Mouse,7.0,909.54,0.3,4456.75,207.06,False,False,False,2025-08,1,0.0465
ORD-10643,2025-10-16,2025-10-19,First Class,CUST-0104,Customer 104,North,Office Supplies,Paper,3.0,55.27,0.0,165.81,33.19,False,False,False,2025-10,3,0.2002
ORD-10644,2024-09-16,2024-09-23,Standard Class,CUST-0007,Customer 7,North,Office Supplies,Paper,11.0,740.54,0.0,8145.94,1516.67,False,False,False,2024-09,7,0.1862
ORD-10645,2024-07-08,2024-07-09,Standard Class,CUST-0101,Customer 101,West,Office Supplies,Pens (Box),3.0,1193.16,0.0,3579.48,1684.07,False,False,False,2024-07,1,0.4705
ORD-10646,2025-08-13,2025-08-20,First Class,CUST-0127,Customer 127,North,Office Supplies,Stapler,6.0,486.54,0.0,2919.24,857.52,False,False,False,2025-08,7,0.2937
ORD-10647,2025-06-14,2025-06-15,Standard Class,CUST-0103,Customer 103,West,Office Supplies,Pens (Box),6.0,858.06,0.3,3603.85,398.46,False,False,False,2025-06,1,0.1106
ORD-10648,2024-09-08,2024-09-15,Same Day,CUST-0152,Customer 152,South,Technology,Printer,2.0,1128.28,0.0,2256.56,717.31,False,False,False,2024-09,7,0.3179
ORD-10649,2025-08-16,2025-08-22,Standard Class,CUST-0093,Customer 93,West,Furniture,Table Lamp,10.0,8.66,0.0,86.6,14.97,False,False,False,2025-08,6,0.1729
ORD-10650,2025-08-24,2025-08-30,Standard Class,CUST-0132,Customer 132,East,Office Supplies,Binder,7.0,663.24,0.0,4642.68,2225.61,False,False,False,2025-08,6,0.4794
ORD-10651,2025-11-18,2025-11-19,First Class,CUST-0106,Customer 106,West,Technology,Monitor,1.0,891.03,0.15,757.38,24.84,False,False,False,2025-11,1,0.0328
ORD-10652,2024-12-12,2024-12-19,Standard Class,CUST-0047,Customer 47,South,Furniture,Chair,10.0,1009.1,0.0,10091.0,4981.11,False,False,False,2024-12,7,0.4936
ORD-10653,2024-03-02,2024-03-04,First Class,CUST-0083,Customer 83,North,Technology,Printer,9.0,157.27,0.0,1415.43,426.06,False,False,False,2024-03,2,0.301
ORD-10654,2025-07-13,2025-07-17,Standard Class,CUST-0096,Customer 96,South,Technology,Wireless Mouse,11.0,1053.22,0.0,11585.42,2417.74,True,False,False,2025-07,4,0.2087
ORD-10655,2025-09-18,2025-09-25,Standard Class,CUST-0040,Customer 40,South,Furniture,Bookcase,6.0,581.595,0.0,456.14,587.3,False,False,True,2025-09,7,1.2875
ORD-10656,2025-06-25,2025-07-02,Same Day,CUST-0143,Customer 143,South,Office Supplies,Binder,7.0,295.12,0.0,2065.84,556.1,False,False,False,2025-06,7,0.2692
ORD-10657,2025-06-06,2025-06-10,Standard Class,CUST-0033,Customer 33,North,Office Supplies,Stapler,2.0,573.02,0.0,1146.04,514.21,False,False,False,2025-06,4,0.4487
ORD-10658,2025-01-08,2025-01-11,First Class,CUST-0172,Customer 172,North,Office Supplies,Paper,5.0,202.93,0.0,1014.65,447.06,False,False,False,2025-01,3,0.4406
ORD-10659,2024-08-06,2024-08-08,Standard Class,CUST-0064,Customer 64,West,Furniture,Bookcase,10.0,36.32,0.0,363.2,140.91,False,False,False,2024-08,2,0.388
ORD-10660,2025-10-30,2025-11-01,First Class,CUST-0052,Customer 52,North,Furniture,Table Lamp,6.0,367.38,0.0,2204.28,546.55,False,False,False,2025-10,2,0.2479
ORD-10661,2025-02-03,2025-02-07,First Class,CUST-0173,Customer 173,West,Furniture,Chair,9.0,625.12,0.1,5063.47,1542.85,False,False,False,2025-02,4,0.3047
ORD-10662,2024-04-24,2024-04-28,Standard Class,CUST-0032,Customer 32,North,Technology,Wireless Mouse,4.0,935.07,0.1,3366.25,518.74,False,False,False,2024-04,4,0.1541
ORD-10663,2024-09-28,2024-10-05,Same Day,CUST-0050,Customer 50,West,Furniture,Table Lamp,6.0,716.68,0.2,3440.06,724.72,False,False,False,2024-09,7,0.2107
ORD-10664,2024-02-08,2024-02-15,Same Day,CUST-0129,Customer 129,East,Technology,Monitor,8.0,892.27,0.0,7138.16,2926.95,False,False,False,2024-02,7,0.41
ORD-10665,2025-04-14,2025-04-16,First Class,CUST-0088,Customer 88,South,Technology,Wireless Mouse,1.0,7.67,0.0,7.67,3.02,False,False,False,2025-04,2,0.3937
ORD-10666,2025-03-08,2025-03-09,Standard Class,CUST-0087,Customer 87,North,Furniture,Chair,4.0,458.22,0.0,1832.88,827.84,False,False,False,2025-03,1,0.4517
ORD-10667,2025-06-28,2025-07-03,Standard Class,CUST-0154,Customer 154,South,Furniture,Table Lamp,4.0,1082.84,0.15,3681.66,952.03,False,False,False,2025-06,5,0.2586
ORD-10668,2024-06-21,2024-06-23,Second Class,CUST-0018,Customer 18,North,Office Supplies,Pens (Box),5.0,359.18,0.0,1795.9,872.26,False,False,False,2024-06,2,0.4857
ORD-10669,2024-12-26,2024-12-30,Second Class,CUST-0034,Customer 34,East,Office Supplies,Stapler,11.0,136.01,0.0,1496.11,548.37,False,False,False,2024-12,4,0.3665
ORD-10670,2025-09-06,2025-09-09,First Class,CUST-0146,Customer 146,West,Office Supplies,Paper,2.0,1168.53,0.1,2103.35,394.59,False,False,False,2025-09,3,0.1876
ORD-10671,2025-06-16,2025-06-19,First Class,CUST-0074,Customer 74,North,Technology,Printer,2.0,702.96,0.0,1405.92,297.25,False,False,False,2025-06,3,0.2114
ORD-10672,2025-12-08,2025-12-11,First Class,CUST-0151,Customer 151,West,Technology,Monitor,3.0,214.03,0.0,642.09,283.84,False,False,False,2025-12,3,0.4421
ORD-10673,2024-02-25,2024-02-26,Same Day,CUST-0106,Customer 106,West,Office Supplies,Pens (Box),3.0,1087.21,0.0,3261.63,891.19,False,False,False,2024-02,1,0.2732
ORD-10674,2025-01-26,2025-01-30,Second Class,CUST-0075,Customer 75,East,Furniture,Bookcase,5.0,289.21,0.15,1229.14,15.11,False,False,False,2025-01,4,0.0123
ORD-10675,2024-08-26,2024-09-01,Standard Class,CUST-0069,Customer 69,South,Technology,Wireless Mouse,6.0,643.55,0.0,2245.89,646.9449999999999,False,False,True,2024-08,6,0.2881
ORD-10676,2025-01-24,2025-01-30,Standard Class,CUST-0159,Customer 159,East,Office Supplies,Binder,9.0,632.28,0.0,4836.94,7.71,False,False,False,2025-01,6,0.0016
ORD-10677,2024-03-07,2024-03-13,Second Class,CUST-0133,Customer 133,North,Furniture,Chair,4.0,577.31,0.0,2309.24,462.61,False,False,False,2024-03,6,0.2003
ORD-10678,2025-03-27,2025-04-02,Second Class,CUST-0154,Customer 154,South,Office Supplies,Binder,9.0,555.17,0.0,4996.53,1803.17,False,False,False,2025-03,6,0.3609
ORD-10679,2025-09-19,2025-09-26,Same Day,CUST-0188,Customer 188,South,Furniture,Desk,9.0,389.07,0.0,3501.63,1118.75,False,False,False,2025-09,7,0.3195
ORD-10680,2024-08-07,2024-08-14,Standard Class,CUST-0021,Customer 21,East,Technology,Laptop,3.0,520.3,0.0,1560.9,363.51,False,False,False,2024-08,7,0.2329
ORD-10681,2024-01-23,2024-01-27,Standard Class,CUST-0120,Customer 120,North,Furniture,Bookcase,5.0,929.19,0.15,3949.06,433.61,False,False,False,2024-01,4,0.1098
ORD-10682,2024-06-20,2024-06-25,First Class,CUST-0140,Customer 140,South,Office Supplies,Stapler,10.0,663.16,0.1,5968.44,1916.58,False,False,False,2024-06,5,0.3211
ORD-10683,2025-05-27,2025-05-28,Standard Class,CUST-0102,Customer 102,North,Technology,Printer,6.0,112.62,0.1,608.15,65.55,False,False,False,2025-05,1,0.1078
ORD-10684,2024-01-22,2024-01-26,Second Class,CUST-0182,Customer 182,North,Office Supplies,Paper,3.0,1187.64,0.0,3562.92,1338.12,False,False,False,2024-01,4,0.3756
ORD-10685,2024-12-13,2024-12-18,Standard Class,CUST-0127,Customer 127,North,Office Supplies,Paper,3.0,872.22,0.0,2616.66,1243.77,False,False,False,2024-12,5,0.4753
ORD-10686,2024-07-01,2024-07-04,Standard Class,CUST-0026,Customer 26,East,Technology,Printer,4.0,896.59,0.1,3227.72,525.62,False,False,False,2024-07,3,0.1628
ORD-10687,2024-03-13,2024-03-15,First Class,CUST-0170,Customer 170,North,Office Supplies,Stapler,11.0,294.94,0.0,3244.34,698.4,False,False,False,2024-03,2,0.2153
ORD-10688,2024-01-28,2024-01-29,Same Day,CUST-0167,Customer 167,South,Office Supplies,Pens (Box),3.0,666.75,0.0,2000.25,787.69,False,False,False,2024-01,1,0.3938
ORD-10689,2025-10-31,2025-11-01,Same Day,CUST-0035,Customer 35,West,Furniture,Bookcase,5.0,1019.16,0.0,5095.8,1082.95,False,False,False,2025-10,1,0.2125
ORD-10690,2025-05-09,2025-05-14,First Class,CUST-0129,Customer 129,East,Technology,Laptop,8.0,949.77,0.15,6458.44,49.83,False,False,False,2025-05,5,0.0077
ORD-10691,2025-09-13,2025-09-15,Same Day,CUST-0194,Customer 194,South,Office Supplies,Paper,6.0,1095.72,0.0,6574.32,1254.1,False,False,False,2025-09,2,0.1908
ORD-10692,2024-05-27,2024-05-29,Standard Class,CUST-0104,Customer 104,North,Office Supplies,Stapler,1.0,257.55,0.3,180.28,12.33,False,False,False,2024-05,2,0.0684
ORD-10693,2024-09-24,2024-09-29,Second Class,CUST-0114,Customer 114,South,Furniture,Chair,5.0,749.59,0.2,2998.36,-169.81,False,False,False,2024-09,5,-0.0566
ORD-10694,2025-09-17,2025-09-19,Same Day,CUST-0101,Customer 101,West,Office Supplies,Binder,11.0,265.27,0.0,2917.97,465.01,False,False,False,2025-09,2,0.1594
ORD-10695,2025-03-01,2025-03-02,Second Class,CUST-0060,Customer 60,East,Furniture,Chair,8.0,563.09,0.0,4504.72,1800.22,False,False,False,2025-03,1,0.3996
ORD-10696,2025-01-08,2025-01-15,Same Day,CUST-0179,Customer 179,West,Technology,Monitor,8.0,262.35,0.2,1679.04,160.54,False,False,False,2025-01,7,0.0956
ORD-10697,2024-05-10,2024-05-12,Second Class,CUST-0013,Customer 13,East,Furniture,Bookcase,7.0,1020.11,0.0,7140.77,3082.67,False,False,False,2024-05,2,0.4317
ORD-10698,2024-08-25,2024-08-31,Second Class,CUST-0166,Customer 166,West,Furniture,Desk,7.0,329.17,0.0,2304.19,1109.33,False,False,False,2024-08,6,0.4814
ORD-10699,2024-01-12,2024-01-16,Second Class,CUST-0003,Customer 3,East,Office Supplies,Paper,2.0,269.01,0.0,538.02,268.84,False,False,False,2024-01,4,0.4997
ORD-10700,2025-12-27,2026-01-02,Second Class,CUST-0052,Customer 52,North,Technology,Monitor,7.0,1102.48,0.0,7717.36,3021.34,False,False,False,2025-12,6,0.3915
ORD-10701,2025-07-31,2025-08-07,Second Class,CUST-0064,Customer 64,West,Office Supplies,Stapler,9.0,155.86,0.0,1402.74,496.77,False,False,False,2025-07,7,0.3541
ORD-10702,2025-02-23,2025-02-26,Second Class,CUST-0121,Customer 121,South,Furniture,Chair,11.0,191.03,0.1,1891.2,166.53,False,False,False,2025-02,3,0.0881
ORD-10703,2024-10-12,2024-10-19,First Class,CUST-0195,Customer 195,West,Furniture,Desk,7.0,493.18,0.15,2934.42,797.05,False,False,False,2024-10,7,0.2716
ORD-10704,2024-08-11,2024-08-16,Standard Class,CUST-0074,Customer 74,North,Office Supplies,Paper,284.0,46.72,0.0,233.6,62.83,False,True,True,2024-08,5,0.269
ORD-10705,2025-11-16,2025-11-17,Second Class,CUST-0179,Customer 179,West,Furniture,Desk,2.0,97.67,0.15,166.04,3.82,False,False,False,2025-11,1,0.023
ORD-10706,2025-12-28,2025-12-31,Same Day,CUST-0041,Customer 41,North,Technology,Printer,9.0,420.71,0.0,3786.39,1292.75,False,False,False,2025-12,3,0.3414
ORD-10707,2024-11-09,2024-11-12,Second Class,CUST-0017,Customer 17,East,Office Supplies,Paper,6.0,297.25,0.1,1605.15,179.98,False,False,False,2024-11,3,0.1121
ORD-10708,2024-12-15,2024-12-22,Second Class,CUST-0169,Customer 169,South,Technology,Monitor,2.0,632.27,0.1,1138.09,73.19,False,False,False,2024-12,7,0.0643
ORD-10709,2024-12-31,2025-01-03,Second Class,CUST-0092,Customer 92,West,Technology,Wireless Mouse,5.0,165.0,0.0,825.0,387.54,False,False,False,2024-12,3,0.4697
ORD-10710,2025-08-02,2025-08-06,First Class,CUST-0158,Customer 158,East,Furniture,Desk,6.0,298.88,0.0,1793.28,331.02,False,False,False,2025-08,4,0.1846
ORD-10711,2024-11-01,2024-11-05,Standard Class,CUST-0108,Customer 108,East,Furniture,Table Lamp,4.0,710.49,0.0,2841.96,1273.15,False,False,False,2024-11,4,0.448
ORD-10712,2025-03-23,2025-03-25,Second Class,CUST-0006,Customer 6,West,Office Supplies,Binder,11.0,88.84,0.0,977.24,213.53,False,False,False,2025-03,2,0.2185
ORD-10713,2025-04-10,2025-04-12,Same Day,CUST-0005,Customer 5,South,Technology,Wireless Mouse,5.0,383.17,0.2,1532.68,344.58,False,False,False,2025-04,2,0.2248
ORD-10714,2025-05-12,2025-05-17,Standard Class,CUST-0140,Customer 140,South,Technology,Printer,9.0,64.19,0.0,577.71,159.78,False,False,False,2025-05,5,0.2766
ORD-10715,2025-01-18,2025-01-22,First Class,CUST-0011,Customer 11,East,Furniture,Desk,9.0,346.68,0.0,3120.12,1520.27,False,False,False,2025-01,4,0.4872
ORD-10716,2024-03-21,2024-03-23,Second Class,CUST-0009,Customer 9,North,Technology,Wireless Mouse,11.0,240.02,0.0,2640.22,983.65,False,False,False,2024-03,2,0.3726
ORD-10717,2025-10-30,2025-11-06,Second Class,CUST-0146,Customer 146,West,Office Supplies,Paper,6.0,501.07,0.3,2104.49,532.66,False,False,False,2025-10,7,0.2531
ORD-10718,2025-11-04,2025-11-08,First Class,CUST-0130,Customer 130,East,Office Supplies,Stapler,6.0,611.25,0.0,3667.5,1483.98,False,False,False,2025-11,4,0.4046
ORD-10719,2025-04-18,2025-04-19,Standard Class,CUST-0028,Customer 28,West,Technology,Printer,6.0,852.75,0.0,2558.25,923.36,False,False,True,2025-04,1,0.3609
ORD-10720,2024-02-24,2024-03-01,First Class,CUST-0081,Customer 81,West,Office Supplies,Paper,9.0,519.58,0.0,4676.22,1886.93,False,False,False,2024-02,6,0.4035
ORD-10721,2025-11-24,2025-12-01,Standard Class,CUST-0112,Customer 112,West,Furniture,Bookcase,11.0,1099.98,0.0,12099.78,1954.94,True,False,False,2025-11,7,0.1616
ORD-10722,2024-04-09,2024-04-15,Second Class,CUST-0011,Customer 11,East,Office Supplies,Stapler,4.0,823.04,0.0,3292.16,1626.69,False,False,False,2024-04,6,0.4941
ORD-10723,2025-05-10,2025-05-16,First Class,CUST-0103,Customer 103,West,Office Supplies,Stapler,4.0,221.84,0.0,887.36,294.85,False,False,False,2025-05,6,0.3323
ORD-10724,2024-06-01,2024-06-08,First Class,CUST-0002,Customer 2,West,Technology,Monitor,2.0,60.05,0.0,120.1,25.8,False,False,False,2024-06,7,0.2148
ORD-10725,2024-05-30,2024-06-04,Same Day,CUST-0165,Customer 165,South,Technology,Printer,7.0,526.31,0.0,3684.17,1174.78,False,False,False,2024-05,5,0.3189
ORD-10726,2024-11-08,2024-11-15,First Class,CUST-0115,Customer 115,East,Technology,Wireless Mouse,8.0,24.02,0.0,192.16,62.41,False,False,False,2024-11,7,0.3248
ORD-10727,2025-12-16,2025-12-19,Second Class,CUST-0056,Customer 56,North,Technology,Monitor,8.0,333.2,0.1,2399.04,409.41,False,False,False,2025-12,3,0.1707
ORD-10728,2024-10-29,2024-10-30,Second Class,CUST-0028,Customer 28,West,Office Supplies,Paper,11.0,945.25,0.2,8318.2,959.04,False,False,False,2024-10,1,0.1153
ORD-10729,2024-10-20,2024-10-21,Same Day,CUST-0069,Customer 69,North,Office Supplies,Stapler,9.0,401.99,0.15,3075.22,1172.95,False,False,False,2024-10,1,0.3814
ORD-10730,2025-10-03,2025-10-05,Second Class,CUST-0137,Customer 137,East,Office Supplies,Paper,1.0,512.85,0.0,512.85,179.41,False,False,False,2025-10,2,0.3498
ORD-10731,2024-01-26,2024-01-28,Standard Class,CUST-0035,Customer 35,West,Furniture,Bookcase,6.0,788.82,0.0,1577.64,360.65,False,False,True,2024-01,2,0.2286
ORD-10732,2024-04-01,2024-04-06,First Class,CUST-0146,Customer 146,West,Furniture,Table Lamp,4.0,108.66,0.2,347.71,59.95,False,False,False,2024-04,5,0.1724
ORD-10733,2025-11-14,2025-11-20,Same Day,CUST-0016,Customer 16,West,Furniture,Bookcase,4.0,608.95,0.15,2070.43,621.12,False,False,False,2025-11,6,0.3
ORD-10734,2024-08-02,2024-08-05,Second Class,CUST-0151,Customer 151,West,Office Supplies,Paper,7.0,289.25,0.0,2024.75,562.14,False,False,False,2024-08,3,0.2776
ORD-10735,2025-08-02,2025-08-04,First Class,CUST-0053,Customer 53,South,Furniture,Bookcase,8.0,703.44,0.0,5627.52,1721.76,False,False,False,2025-08,2,0.306
ORD-10736,2024-09-22,2024-09-25,Second Class,CUST-0037,Customer 37,West,Furniture,Desk,10.0,183.93,0.0,1839.3,531.68,False,False,False,2024-09,3,0.2891
ORD-10737,2025-04-12,2025-04-19,Second Class,CUST-0047,Customer 47,South,Office Supplies,Paper,10.0,135.32,0.1,1217.88,354.75,False,False,False,2025-04,7,0.2913
ORD-10738,2024-11-18,2024-11-19,Standard Class,CUST-0081,Customer 81,West,Office Supplies,Binder,6.0,326.11,0.1,1760.99,453.32,False,False,False,2024-11,1,0.2574
ORD-10739,2025-10-12,2025-10-14,Same Day,CUST-0096,Customer 96,South,Technology,Printer,10.0,951.91,0.0,9519.1,3798.38,False,False,False,2025-10,2,0.399
ORD-10740,2025-02-21,2025-02-25,Standard Class,CUST-0128,Customer 128,West,Furniture,Bookcase,11.0,1055.92,0.0,11615.12,3033.04,True,False,False,2025-02,4,0.2611
ORD-10741,2024-02-17,2024-02-23,Second Class,CUST-0150,Customer 150,North,Furniture,Chair,6.0,467.93,0.2,2246.06,523.91,False,False,False,2024-02,6,0.2333
ORD-10742,2025-11-02,2025-11-08,Second Class,CUST-0125,Customer 125,West,Furniture,Bookcase,7.0,492.47,0.0,3447.29,1529.45,False,False,False,2025-11,6,0.4437
ORD-10743,2024-08-22,2024-08-28,Second Class,CUST-0057,Customer 57,East,Office Supplies,Stapler,6.0,412.92,0.0,2477.52,818.24,False,False,False,2024-08,6,0.3303
ORD-10744,2025-04-04,2025-04-09,Standard Class,CUST-0026,Customer 26,East,Technology,Wireless Mouse,10.0,946.14,0.0,9461.4,2641.06,False,False,False,2025-04,5,0.2791
ORD-10745,2024-10-05,2024-10-06,Standard Class,CUST-0108,Customer 108,East,Technology,Wireless Mouse,8.0,759.84,0.0,6078.72,1213.19,False,False,False,2024-10,1,0.1996
ORD-10746,2025-01-22,2025-01-28,First Class,CUST-0125,Customer 125,West,Technology,Wireless Mouse,11.0,961.8,0.0,10579.8,2390.18,False,False,False,2025-01,6,0.2259
ORD-10747,2025-04-02,2025-04-04,Same Day,CUST-0054,Customer 54,South,Office Supplies,Stapler,3.0,891.48,0.0,2674.44,419.29,False,False,False,2025-04,2,0.1568
ORD-10748,2024-06-26,2024-07-01,Standard Class,CUST-0125,Customer 125,West,Technology,Wireless Mouse,6.0,436.28,0.1,2355.91,901.63,False,False,False,2024-06,5,0.3827
ORD-10749,2024-01-15,2024-01-18,First Class,CUST-0147,Customer 147,North,Technology,Printer,3.0,286.61,0.0,859.83,318.43,False,False,False,2024-01,3,0.3703
ORD-10750,2025-04-02,2025-04-09,First Class,CUST-0085,Customer 85,East,Technology,Printer,7.0,89.61,0.0,627.27,122.02,False,False,False,2025-04,7,0.1945
ORD-10751,2024-03-19,2024-03-26,Same Day,CUST-0001,Customer 1,North,Technology,Laptop,6.0,253.89,0.15,1294.84,45.85,False,False,False,2024-03,7,0.0354
ORD-10752,2024-04-27,2024-05-01,Standard Class,CUST-0176,Customer 176,South,Technology,Monitor,9.0,372.11,0.0,3348.99,932.4,False,False,False,2024-04,4,0.2784
ORD-10753,2024-12-23,2024-12-26,First Class,CUST-0169,Customer 169,South,Office Supplies,Binder,2.0,13.22,0.15,22.47,2.74,False,False,False,2024-12,3,0.1219
ORD-10754,2024-05-02,2024-05-05,Standard Class,CUST-0046,Customer 46,West,Furniture,Chair,11.0,568.02,0.0,6248.22,1778.68,False,False,False,2024-05,3,0.2847
ORD-10755,2025-04-22,2025-04-28,First Class,CUST-0162,Customer 162,East,Technology,Monitor,9.0,204.13,0.0,1837.17,635.93,False,False,False,2025-04,6,0.3461
ORD-10756,2024-10-21,2024-10-28,First Class,CUST-0141,Customer 141,West,Office Supplies,Stapler,9.0,285.76,0.0,2571.84,1101.96,False,False,False,2024-10,7,0.4285
ORD-10757,2025-12-01,2025-12-05,First Class,CUST-0120,Customer 120,North,Furniture,Chair,4.0,610.32,0.0,2441.28,707.25,False,False,False,2025-12,4,0.2897
ORD-10758,2025-10-03,2025-10-09,Second Class,CUST-0169,Customer 169,South,Technology,Wireless Mouse,6.0,757.27,0.0,4543.62,1303.02,False,False,False,2025-10,6,0.2868
ORD-10759,2024-02-19,2024-02-20,Same Day,CUST-0105,Customer 105,West,Furniture,Bookcase,7.0,35.51,0.0,248.57,50.19,False,False,False,2024-02,1,0.2019
ORD-10760,2024-05-24,2024-05-31,Same Day,CUST-0178,Customer 178,North,Furniture,Bookcase,3.0,1075.4,0.0,3226.2,614.33,False,False,False,2024-05,7,0.1904
ORD-10761,2024-04-20,2024-04-27,First Class,CUST-0195,Customer 195,West,Furniture,Chair,2.0,382.9,0.0,765.8,317.02,False,False,False,2024-04,7,0.414
ORD-10762,2024-04-26,2024-04-30,First Class,CUST-0047,Customer 47,South,Office Supplies,Pens (Box),11.0,1176.39,0.0,12940.29,4560.27,True,False,False,2024-04,4,0.3524
ORD-10763,2025-12-15,2025-12-20,First Class,CUST-0117,Customer 117,North,Furniture,Bookcase,9.0,333.25,0.0,2999.25,922.65,False,False,False,2025-12,5,0.3076
ORD-10764,2024-04-27,2024-04-29,First Class,CUST-0082,Customer 82,South,Technology,Laptop,8.0,365.95,0.0,2927.6,519.14,False,False,False,2024-04,2,0.1773
ORD-10765,2024-10-28,2024-10-31,Standard Class,CUST-0161,Customer 161,West,Technology,Laptop,4.0,335.11,0.0,1340.44,532.14,False,False,False,2024-10,3,0.397
ORD-10766,2025-12-19,2025-12-20,Second Class,CUST-0055,Customer 55,South,Office Supplies,Stapler,7.0,271.87,0.0,1903.09,851.96,False,False,False,2025-12,1,0.4477
ORD-10767,2025-09-17,2025-09-24,Standard Class,CUST-0147,Customer 147,North,Office Supplies,Pens (Box),2.0,699.71,0.0,1399.42,674.45,False,False,False,2025-09,7,0.4819
ORD-10768,2024-10-30,2024-10-31,Same Day,CUST-0032,Customer 32,North,Technology,Wireless Mouse,11.0,1125.15,0.0,12376.65,4402.61,True,False,False,2024-10,1,0.3557
ORD-10769,2025-10-19,2025-10-24,First Class,CUST-0064,Customer 64,West,Technology,Monitor,5.0,1193.81,0.0,5969.05,1544.29,False,False,False,2025-10,5,0.2587
ORD-10770,2025-02-15,2025-02-21,Same Day,CUST-0190,Customer 190,South,Office Supplies,Pens (Box),3.0,356.99,0.0,1070.97,305.18,False,False,False,2025-02,6,0.285
ORD-10771,2024-09-11,2024-09-13,Second Class,CUST-0132,Customer 132,East,Technology,Wireless Mouse,2.0,349.26,0.0,698.52,144.71,False,False,False,2024-09,2,0.2072
ORD-10772,2025-11-14,2025-11-20,Same Day,CUST-0150,Customer 150,North,Office Supplies,Pens (Box),4.0,144.46,0.2,462.27,51.71,False,False,False,2025-11,6,0.1119
ORD-10773,2024-07-08,2024-07-12,Same Day,CUST-0125,Customer 125,West,Furniture,Desk,6.0,749.04,0.0,4494.24,1568.14,False,False,False,2024-07,4,0.3489
ORD-10774,2024-11-16,2024-11-18,Second Class,CUST-0122,Customer 122,East,Technology,Laptop,8.0,260.51,0.2,1667.26,-87.12,False,False,False,2024-11,2,-0.0523
ORD-10775,2025-01-18,2025-01-19,Standard Class,CUST-0066,Customer 66,South,Furniture,Bookcase,3.0,575.91,0.15,1468.57,302.33,False,False,False,2025-01,1,0.2059
ORD-10776,2025-09-07,2025-09-13,Same Day,CUST-0113,Customer 113,East,Office Supplies,Paper,4.0,747.67,0.0,2990.68,1161.46,False,False,False,2025-09,6,0.3884
ORD-10777,2025-07-15,2025-07-17,Standard Class,CUST-0020,Customer 20,South,Furniture,Desk,10.0,1075.6,0.0,10756.0,2011.36,False,False,False,2025-07,2,0.187
ORD-10778,2024-12-11,2024-12-14,Second Class,CUST-0150,Customer 150,North,Furniture,Chair,11.0,264.71,0.0,2911.81,1452.11,False,False,False,2024-12,3,0.4987
ORD-10779,2024-12-31,2025-01-01,Same Day,CUST-0039,Customer 39,South,Technology,Monitor,6.0,365.61,0.3,1535.56,-282.62,False,False,False,2024-12,1,-0.1841
ORD-10780,2025-06-19,2025-06-26,Second Class,CUST-0153,Customer 153,West,Technology,Printer,4.0,442.81,0.1,1594.12,631.54,False,False,False,2025-06,7,0.3962
ORD-10781,2025-10-12,2025-10-13,Standard Class,CUST-0117,Customer 117,North,Office Supplies,Pens (Box),7.0,1005.47,0.0,7038.29,3089.55,False,False,False,2025-10,1,0.439
ORD-10782,2025-01-03,2025-01-08,Standard Class,CUST-0082,Customer 82,South,Technology,Laptop,1.0,636.34,0.1,572.71,168.81,False,False,False,2025-01,5,0.2948
ORD-10783,2024-11-25,2024-12-02,Second Class,CUST-0024,Customer 24,West,Office Supplies,Binder,1.0,1040.07,0.0,1040.07,326.93,False,False,False,2024-11,7,0.3143
ORD-10784,2025-05-12,2025-05-13,Same Day,CUST-0073,Customer 73,South,Office Supplies,Stapler,3.0,151.28,0.1,408.46,41.7,False,False,False,2025-05,1,0.1021
ORD-10785,2025-05-21,2025-05-23,Same Day,CUST-0017,Customer 17,East,Technology,Monitor,4.0,905.2,0.0,3620.8,1484.32,False,False,False,2025-05,2,0.4099
ORD-10786,2024-05-04,2024-05-06,Standard Class,CUST-0155,Customer 155,South,Furniture,Desk,5.0,28.56,0.0,142.8,24.92,False,False,False,2024-05,2,0.1745
ORD-10787,2024-08-21,2024-08-24,First Class,CUST-0033,Customer 33,North,Furniture,Table Lamp,5.0,297.89,0.3,1042.61,-177.02,False,False,False,2024-08,3,-0.1698
ORD-10788,2024-01-28,2024-01-31,First Class,CUST-0148,Customer 148,North,Furniture,Desk,7.0,354.95,0.0,2484.65,1153.3,False,False,False,2024-01,3,0.4642
ORD-10789,2024-02-08,2024-02-09,Second Class,CUST-0021,Customer 21,East,Furniture,Desk,2.0,579.21,0.0,1158.42,523.41,False,False,False,2024-02,1,0.4518
ORD-10790,2025-08-07,2025-08-13,First Class,CUST-0150,Customer 150,North,Furniture,Chair,11.0,1098.95,0.0,12088.45,4330.57,True,False,False,2025-08,6,0.3582
ORD-10791,2024-07-18,2024-07-19,Same Day,CUST-0198,Customer 198,North,Technology,Printer,3.0,133.69,0.0,401.07,121.25,False,False,False,2024-07,1,0.3023
ORD-10792,2024-07-09,2024-07-12,Standard Class,CUST-0195,Customer 195,West,Furniture,Desk,10.0,555.61,0.1,5000.49,1231.86,False,False,False,2024-07,3,0.2463
ORD-10793,2024-01-29,2024-02-04,Second Class,CUST-0178,Customer 178,North,Furniture,Bookcase,10.0,577.77,0.0,5777.7,2366.88,False,False,False,2024-01,6,0.4097
ORD-10794,2025-03-15,2025-03-22,First Class,CUST-0194,Customer 194,South,Technology,Wireless Mouse,11.0,510.37,0.0,5614.07,2425.84,False,False,False,2025-03,7,0.4321
ORD-10795,2025-06-18,2025-06-21,Same Day,CUST-0162,Customer 162,East,Technology,Monitor,2.0,1063.37,0.0,2126.74,1026.35,False,False,False,2025-06,3,0.4826
ORD-10796,2024-12-23,2024-12-29,Same Day,CUST-0060,Customer 60,East,Furniture,Table Lamp,2.0,1147.83,0.15,1951.31,140.42,False,False,False,2024-12,6,0.072
ORD-10797,2025-02-17,2025-02-23,Same Day,CUST-0186,Customer 186,South,Technology,Wireless Mouse,9.0,694.92,0.1,5628.85,2112.54,False,False,False,2025-02,6,0.3753
ORD-10798,2025-12-20,2025-12-22,Same Day,CUST-0091,Customer 91,South,Furniture,Desk,11.0,457.16,0.0,5028.76,2316.75,False,False,False,2025-12,2,0.4607
ORD-10799,2025-01-30,2025-02-06,Second Class,CUST-0115,Customer 115,East,Technology,Wireless Mouse,4.0,732.1,0.0,2928.4,1004.66,False,False,False,2025-01,7,0.3431
ORD-10800,2025-03-01,2025-03-07,Standard Class,CUST-0113,Customer 113,East,Office Supplies,Pens (Box),11.0,1189.72,0.0,13086.92,5342.06,True,False,False,2025-03,6,0.4082
ORD-10801,2024-09-19,2024-09-24,Standard Class,CUST-0121,Customer 121,South,Technology,Laptop,7.0,872.52,0.0,6107.64,3027.62,False,False,False,2024-09,5,0.4957
ORD-10802,2024-05-14,2024-05-21,Second Class,CUST-0007,Customer 7,North,Technology,Monitor,11.0,341.71,0.0,3758.81,1549.31,False,False,False,2024-05,7,0.4122
ORD-10803,2024-01-27,2024-01-30,Same Day,CUST-0133,Customer 133,North,Technology,Printer,4.0,478.29,0.0,1913.16,341.92,False,False,False,2024-01,3,0.1787
ORD-10804,2025-04-07,2025-04-11,Standard Class,CUST-0117,Customer 117,North,Technology,Laptop,9.0,1037.27,0.0,9335.43,4193.05,False,False,False,2025-04,4,0.4492
ORD-10805,2024-07-10,2024-07-16,Second Class,CUST-0075,Customer 75,East,Technology,Monitor,11.0,528.13,0.0,5809.43,1347.53,False,False,False,2024-07,6,0.232
ORD-10806,2024-09-18,2024-09-20,Same Day,CUST-0111,Customer 111,South,Technology,Laptop,5.0,931.85,0.1,4193.32,777.86,False,False,False,2024-09,2,0.1855
ORD-10807,2025-09-11,2025-09-14,Second Class,CUST-0194,Customer 194,South,Furniture,Table Lamp,4.0,55.6,0.15,189.04,32.5,False,False,False,2025-09,3,0.1719
ORD-10808,2025-06-30,2025-07-03,Same Day,CUST-0140,Customer 140,South,Office Supplies,Stapler,9.0,801.08,0.0,7209.72,1300.45,False,False,False,2025-06,3,0.1804
ORD-10809,2024-08-27,2024-08-30,Standard Class,CUST-0163,Customer 163,South,Technology,Printer,6.0,643.55,0.0,6948.54,646.9449999999999,False,False,True,2024-08,3,0.0931
ORD-10810,2025-04-15,2025-04-19,Same Day,CUST-0038,Customer 38,West,Furniture,Table Lamp,5.0,97.33,0.0,486.65,90.0,False,False,False,2025-04,4,0.1849
ORD-10811,2025-03-11,2025-03-13,Second Class,CUST-0156,Customer 156,East,Office Supplies,Paper,5.0,941.95,0.15,4003.29,1128.02,False,False,False,2025-03,2,0.2818
ORD-10812,2025-03-12,2025-03-18,First Class,CUST-0184,Customer 184,East,Office Supplies,Paper,7.0,782.0,0.1,112948.72568151624,1699.84,True,False,True,2025-03,6,0.015
ORD-10813,2025-11-26,2025-11-28,Second Class,CUST-0055,Customer 55,South,Furniture,Bookcase,10.0,266.84,0.1,2401.56,335.7,False,False,False,2025-11,2,0.1398
ORD-10814,2024-03-03,2024-03-05,First Class,CUST-0112,Customer 112,West,Furniture,Table Lamp,8.0,232.96,0.0,1863.68,325.09,False,False,False,2024-03,2,0.1744
ORD-10815,2024-08-13,2024-08-16,Second Class,CUST-0017,Customer 17,East,Technology,Wireless Mouse,11.0,559.14,0.0,6150.54,2189.13,False,False,False,2024-08,3,0.3559
ORD-10816,2024-01-30,2024-02-05,Standard Class,CUST-0028,Customer 28,West,Technology,Printer,2.0,819.77,0.0,1639.54,599.3,False,False,False,2024-01,6,0.3655
ORD-10817,2025-01-01,2025-01-07,Same Day,CUST-0174,Customer 174,East,Technology,Monitor,9.0,428.81,0.0,3859.29,1623.69,False,False,False,2025-01,6,0.4207
ORD-10818,2024-08-29,2024-09-01,Standard Class,CUST-0123,Customer 123,East,Furniture,Table Lamp,8.0,230.54,0.1,1659.89,435.28,False,False,False,2024-08,3,0.2622
ORD-10819,2025-07-11,2025-07-17,Standard Class,CUST-0173,Customer 173,West,Office Supplies,Binder,2.0,427.32,0.0,854.64,280.92,False,False,False,2025-07,6,0.3287
ORD-10820,2025-04-16,2025-04-18,First Class,CUST-0002,Customer 2,West,Office Supplies,Pens (Box),2.0,1141.03,0.15,1939.75,57.64,False,False,False,2025-04,2,0.0297
ORD-10821,2024-07-13,2024-07-14,First Class,CUST-0043,Customer 43,East,Technology,Laptop,5.0,791.35,0.0,3956.75,965.11,False,False,False,2024-07,1,0.2439
ORD-10822,2025-11-20,2025-11-22,Same Day,CUST-0033,Customer 33,North,Technology,Laptop,1.0,190.88,0.0,190.88,41.2,False,False,False,2025-11,2,0.2158
ORD-10823,2025-06-21,2025-06-25,First Class,CUST-0107,Customer 107,West,Office Supplies,Binder,11.0,328.29,0.15,3069.51,818.97,False,False,False,2025-06,4,0.2668
ORD-10824,2025-02-23,2025-02-28,First Class,CUST-0191,Customer 191,East,Furniture,Chair,1.0,898.27,0.0,898.27,156.23,False,False,False,2025-02,5,0.1739
ORD-10825,2025-04-06,2025-04-07,Standard Class,CUST-0157,Customer 157,North,Furniture,Chair,8.0,234.35,0.0,1874.8,487.71,False,False,False,2025-04,1,0.2601
ORD-10826,2024-02-10,2024-02-17,First Class,CUST-0105,Customer 105,West,Office Supplies,Stapler,4.0,972.67,0.1,3501.61,1363.73,False,False,False,2024-02,7,0.3895
ORD-10827,2025-10-28,2025-11-02,Standard Class,CUST-0044,Customer 44,South,Furniture,Desk,7.0,80.2,0.2,449.12,127.6,False,False,False,2025-10,5,0.2841
ORD-10828,2024-11-25,2024-11-26,Standard Class,CUST-0129,Customer 129,East,Office Supplies,Paper,2.0,689.85,0.3,965.79,263.42,False,False,False,2024-11,1,0.2728
ORD-10829,2025-08-21,2025-08-23,First Class,CUST-0138,Customer 138,North,Technology,Wireless Mouse,5.0,1061.19,0.2,4244.76,-43.42,False,False,False,2025-08,2,-0.0102
ORD-10830,2024-08-16,2024-08-20,Same Day,CUST-0030,Customer 30,South,Technology,Printer,6.0,797.57,0.0,4785.42,1851.02,False,False,False,2024-08,4,0.3868
ORD-10831,2025-09-11,2025-09-13,First Class,CUST-0031,Customer 31,South,Furniture,Table Lamp,11.0,370.98,0.0,4080.78,1676.32,False,False,False,2025-09,2,0.4108
ORD-10832,2025-04-02,2025-04-06,Second Class,CUST-0104,Customer 104,North,Technology,Laptop,6.0,1050.5,0.0,6303.0,2779.8,False,False,False,2025-04,4,0.441
ORD-10833,2025-06-18,2025-06-21,Second Class,CUST-0103,Customer 103,West,Office Supplies,Paper,7.0,125.87,0.0,881.09,296.2,False,False,False,2025-06,3,0.3362
ORD-10834,2024-05-08,2024-05-13,Second Class,CUST-0143,Customer 143,South,Furniture,Table Lamp,7.0,235.33,0.0,1647.31,494.91,False,False,False,2024-05,5,0.3004
ORD-10835,2025-11-10,2025-11-13,Standard Class,CUST-0135,Customer 135,West,Furniture,Chair,5.0,809.86,0.0,4049.3,727.51,False,False,False,2025-11,3,0.1797
ORD-10836,2025-08-14,2025-08-20,Second Class,CUST-0147,Customer 147,North,Furniture,Table Lamp,10.0,415.05,0.15,3527.92,699.0,False,False,False,2025-08,6,0.1981
ORD-10837,2025-06-26,2025-06-27,Standard Class,CUST-0037,Customer 37,West,Office Supplies,Binder,9.0,360.96,0.0,3248.64,1204.31,False,False,False,2025-06,1,0.3707
ORD-10838,2025-03-12,2025-03-13,Same Day,CUST-0148,Customer 148,North,Technology,Printer,1.0,721.87,0.0,721.87,287.65,False,False,False,2025-03,1,0.3985
ORD-10839,2024-08-29,2024-09-01,First Class,CUST-0143,Customer 143,South,Technology,Wireless Mouse,8.0,548.48,0.0,4387.84,2095.1,False,False,False,2024-08,3,0.4775
ORD-10840,2025-10-03,2025-10-06,Standard Class,CUST-0014,Customer 14,West,Furniture,Bookcase,4.0,366.79,0.0,1467.16,389.34,False,False,False,2025-10,3,0.2654
ORD-10841,2025-07-05,2025-07-07,First Class,CUST-0033,Customer 33,North,Office Supplies,Binder,5.0,125.93,0.0,629.65,109.27,False,False,False,2025-07,2,0.1735
ORD-10842,2024-05-21,2024-05-26,First Class,CUST-0153,Customer 153,West,Office Supplies,Paper,9.0,1055.69,0.0,9501.21,4688.25,False,False,False,2024-05,5,0.4934
ORD-10843,2024-06-17,2024-06-23,First Class,CUST-0039,Customer 39,South,Office Supplies,Pens (Box),4.0,158.15,0.3,442.82,-23.32,False,False,False,2024-06,6,-0.0527
ORD-10844,2024-10-07,2024-10-11,Same Day,CUST-0062,Customer 62,East,Technology,Printer,6.0,392.59,0.1,2119.99,351.33,False,False,False,2024-10,4,0.1657
ORD-10845,2025-03-22,2025-03-28,Second Class,CUST-0200,Customer 200,West,Technology,Laptop,4.0,589.99,0.0,2359.96,827.51,False,False,False,2025-03,6,0.3506
ORD-10846,2025-02-19,2025-02-21,First Class,CUST-0123,Customer 123,East,Technology,Laptop,11.0,762.16,0.2,6707.01,1301.14,False,False,False,2025-02,2,0.194
ORD-10847,2025-01-23,2025-01-27,Second Class,CUST-0107,Customer 107,West,Technology,Wireless Mouse,6.0,85.43,0.15,435.69,16.07,False,False,False,2025-01,4,0.0369
ORD-10848,2025-03-12,2025-03-16,First Class,CUST-0029,Customer 29,East,Furniture,Chair,6.0,517.84,0.1,2796.34,1191.57,False,False,False,2025-03,4,0.4261
ORD-10849,2024-03-02,2024-03-08,Same Day,CUST-0066,Customer 66,South,Furniture,Table Lamp,8.0,754.42,0.0,6035.36,2087.28,False,False,False,2024-03,6,0.3458
ORD-10850,2024-11-19,2024-11-26,Standard Class,CUST-0120,Customer 120,North,Office Supplies,Paper,7.0,377.57,0.0,2642.99,752.99,False,False,False,2024-11,7,0.2849
ORD-10851,2024-06-22,2024-06-25,First Class,CUST-0165,Customer 165,South,Technology,Monitor,9.0,923.63,0.0,8312.67,3272.86,False,False,False,2024-06,3,0.3937
ORD-10852,2024-02-21,2024-02-22,First Class,CUST-0195,Customer 195,West,Office Supplies,Binder,2.0,140.29,0.1,252.52,86.44,False,False,False,2024-02,1,0.3423
ORD-10853,2024-02-08,2024-02-11,Second Class,CUST-0122,Customer 122,East,Furniture,Chair,7.0,472.78,0.1,2978.51,415.72,False,False,False,2024-02,3,0.1396
ORD-10854,2025-02-27,2025-03-06,Same Day,CUST-0001,Customer 1,North,Office Supplies,Paper,9.0,102.11,0.0,918.99,400.72,False,False,False,2025-02,7,0.436
ORD-10855,2025-05-30,2025-06-06,Same Day,CUST-0114,Customer 114,South,Technology,Printer,7.0,435.66,0.0,3049.62,1308.22,False,False,False,2025-05,7,0.429
ORD-10856,2025-06-29,2025-06-30,Standard Class,CUST-0016,Customer 16,West,Furniture,Chair,9.0,505.14,0.0,4546.26,1432.4,False,False,False,2025-06,1,0.3151
ORD-10857,2025-05-20,2025-05-26,Same Day,CUST-0095,Customer 95,West,Furniture,Table Lamp,8.0,312.28,0.15,2123.5,299.76,False,False,False,2025-05,6,0.1412
ORD-10858,2024-09-21,2024-09-26,Standard Class,CUST-0166,Customer 166,West,Technology,Wireless Mouse,8.0,661.22,0.0,5289.76,971.59,False,False,False,2024-09,5,0.1837
ORD-10859,2025-09-22,2025-09-24,Standard Class,CUST-0184,Customer 184,South,Technology,Monitor,6.0,643.55,0.0,3421.16,646.9449999999999,False,False,False,2025-09,2,0.1891
ORD-10860,2024-01-12,2024-01-13,Same Day,CUST-0120,Customer 120,North,Office Supplies,Binder,10.0,88.46,0.0,884.6,204.11,False,False,False,2024-01,1,0.2307
ORD-10861,2024-01-05,2024-01-08,Standard Class,CUST-0112,Customer 112,West,Technology,Laptop,2.0,643.63,0.15,1094.17,112.87,False,False,False,2024-01,3,0.1032
ORD-10862,2025-09-15,2025-09-21,Standard Class,CUST-0189,Customer 189,North,Technology,Wireless Mouse,8.0,69.19,0.15,470.49,174.9,False,False,False,2025-09,6,0.3717
ORD-10863,2025-07-20,2025-07-21,First Class,CUST-0034,Customer 34,East,Office Supplies,Stapler,6.0,500.38,0.2,2401.82,18.74,False,False,False,2025-07,1,0.0078
ORD-10864,2025-02-05,2025-02-08,Standard Class,CUST-0191,Customer 191,East,Technology,Wireless Mouse,10.0,1179.69,0.1,10617.21,4288.76,False,False,False,2025-02,3,0.4039
ORD-10865,2024-08-28,2024-08-29,Second Class,CUST-0109,Customer 109,South,Office Supplies,Paper,11.0,122.52,0.0,1347.72,313.77,False,False,False,2024-08,1,0.2328
ORD-10866,2025-08-07,2025-08-10,Same Day,CUST-0031,Customer 31,South,Office Supplies,Pens (Box),11.0,1058.47,0.1,10478.85,3342.89,False,False,False,2025-08,3,0.319
ORD-10867,2025-07-01,2025-07-03,Second Class,CUST-0115,Customer 115,East,Furniture,Chair,4.0,1064.25,0.1,3831.3,368.29,False,False,False,2025-07,2,0.0961
ORD-10868,2025-05-02,2025-05-03,First Class,CUST-0117,Customer 117,North,Office Supplies,Stapler,11.0,1097.3,0.0,12070.3,2995.23,True,False,False,2025-05,1,0.2481
ORD-10869,2025-11-13,2025-11-20,Standard Class,CUST-0057,Customer 57,East,Office Supplies,Binder,6.0,817.67,0.0,8176.7,3564.23,False,False,True,2025-11,7,0.4359
ORD-10870,2024-01-27,2024-01-29,Standard Class,CUST-0085,Customer 85,East,Furniture,Table Lamp,3.0,462.03,0.1,1247.48,189.19,False,False,False,2024-01,2,0.1517
ORD-10871,2025-05-12,2025-05-13,Standard Class,CUST-0123,Customer 123,East,Technology,Laptop,2.0,594.39,0.0,1188.78,572.27,False,False,False,2025-05,1,0.4814
ORD-10872,2025-11-11,2025-11-17,First Class,CUST-0129,Customer 129,East,Technology,Printer,4.0,566.64,0.0,2266.56,848.96,False,False,False,2025-11,6,0.3746
ORD-10873,2025-12-17,2025-12-21,Second Class,CUST-0005,Customer 5,South,Technology,Wireless Mouse,9.0,962.57,0.15,7363.66,2295.9,False,False,False,2025-12,4,0.3118
ORD-10874,2025-05-31,2025-06-03,Same Day,CUST-0194,Customer 194,South,Technology,Laptop,8.0,661.03,0.1,4759.42,1953.12,False,False,False,2025-05,3,0.4104
ORD-10875,2025-08-15,2025-08-22,Standard Class,CUST-0111,Customer 111,South,Office Supplies,Paper,6.0,1039.94,0.0,6239.64,1509.07,False,False,False,2025-08,7,0.2419
ORD-10876,2024-12-04,2024-12-06,Standard Class,CUST-0093,Customer 93,West,Office Supplies,Pens (Box),11.0,984.89,0.1,9750.41,3831.28,False,False,False,2024-12,2,0.3929
ORD-10877,2025-02-20,2025-02-23,Same Day,CUST-0007,Customer 7,North,Office Supplies,Paper,7.0,625.65,0.2,3503.64,302.82,False,False,False,2025-02,3,0.0864
ORD-10878,2025-07-09,2025-07-16,First Class,CUST-0188,Customer 188,South,Office Supplies,Stapler,8.0,679.4,0.0,5435.2,1334.8,False,False,False,2025-07,7,0.2456
ORD-10879,2025-04-15,2025-04-20,First Class,CUST-0137,Customer 137,East,Office Supplies,Binder,1.0,907.17,0.0,907.17,429.87,False,False,False,2025-04,5,0.4739
ORD-10880,2025-08-02,2025-08-05,Second Class,CUST-0030,Customer 30,South,Technology,Printer,7.0,363.8,0.0,2546.6,960.69,False,False,False,2025-08,3,0.3772
ORD-10881,2024-12-28,2024-12-30,Second Class,CUST-0185,Customer 185,South,Office Supplies,Binder,10.0,866.5,0.0,8665.0,3221.86,False,False,False,2024-12,2,0.3718
ORD-10882,2025-01-18,2025-01-24,Standard Class,CUST-0129,Customer 129,East,Office Supplies,Paper,6.0,598.415,0.0,3424.46,1124.62,False,False,False,2025-01,6,0.3284
ORD-10883,2025-10-07,2025-10-11,Standard Class,CUST-0026,Customer 26,East,Technology,Printer,7.0,120.19,0.15,715.13,143.52,False,False,False,2025-10,4,0.2007
ORD-10884,2024-08-30,2024-08-31,Same Day,CUST-0070,Customer 70,South,Furniture,Desk,11.0,328.53,0.0,3613.83,1222.21,False,False,False,2024-08,1,0.3382
ORD-10885,2025-09-10,2025-09-17,Standard Class,CUST-0008,Customer 8,East,Office Supplies,Pens (Box),3.0,124.63,0.1,336.5,19.37,False,False,False,2025-09,7,0.0576
ORD-10886,2024-02-01,2024-02-05,First Class,CUST-0024,Customer 24,West,Office Supplies,Binder,5.0,985.83,0.0,4929.15,1578.31,False,False,False,2024-02,4,0.3202
ORD-10887,2025-12-24,2025-12-29,First Class,CUST-0023,Customer 23,North,Furniture,Desk,7.0,41.65,0.0,291.55,70.83,False,False,False,2025-12,5,0.2429
ORD-10888,2025-06-06,2025-06-10,Second Class,CUST-0197,Customer 197,South,Technology,Wireless Mouse,6.0,158.32,0.0,949.92,263.14,False,False,False,2025-06,4,0.277
ORD-10889,2024-11-16,2024-11-18,Standard Class,CUST-0050,Customer 50,West,Furniture,Desk,2.0,202.91,0.0,405.82,116.64,False,False,False,2024-11,2,0.2874
ORD-10890,2024-08-15,2024-08-18,Second Class,CUST-0178,Customer 178,North,Office Supplies,Binder,3.0,272.08,0.1,734.62,52.3,False,False,False,2024-08,3,0.0712
ORD-10891,2024-03-26,2024-04-02,Same Day,CUST-0182,Customer 182,North,Furniture,Desk,3.0,193.87,0.15,494.37,186.29,False,False,False,2024-03,7,0.3768
ORD-10892,2025-09-10,2025-09-11,Same Day,CUST-0115,Customer 115,East,Furniture,Bookcase,6.0,37.92,0.1,204.77,81.72,False,False,False,2025-09,1,0.3991
ORD-10893,2025-07-24,2025-07-30,Same Day,CUST-0006,Customer 6,West,Technology,Wireless Mouse,1.0,1000.73,0.0,1000.73,451.9,False,False,False,2025-07,6,0.4516
ORD-10894,2025-04-08,2025-04-14,Same Day,CUST-0052,Customer 52,North,Furniture,Table Lamp,7.0,750.12,0.0,5250.84,2379.74,False,False,False,2025-04,6,0.4532
ORD-10895,2025-04-16,2025-04-22,Same Day,CUST-0167,Customer 167,South,Furniture,Bookcase,6.0,330.72,0.0,1984.32,579.21,False,False,False,2025-04,6,0.2919
ORD-10896,2024-08-01,2024-08-07,Second Class,CUST-0197,Customer 197,South,Office Supplies,Pens (Box),3.0,561.57,0.0,1684.71,401.97,False,False,False,2024-08,6,0.2386
ORD-10897,2024-07-01,2024-07-02,Standard Class,CUST-0161,Customer 161,West,Technology,Monitor,2.0,984.18,0.15,1673.11,84.43,False,False,False,2024-07,1,0.0505
ORD-10898,2024-08-13,2024-08-14,Standard Class,CUST-0171,Customer 171,North,Technology,Laptop,10.0,302.96,0.0,3029.6,928.78,False,False,False,2024-08,1,0.3066
ORD-10899,2025-08-06,2025-08-08,Second Class,CUST-0189,Customer 189,North,Technology,Printer,8.0,1004.05,0.1,7229.16,1542.12,False,False,False,2025-08,2,0.2133
ORD-10900,2024-07-11,2024-07-17,First Class,CUST-0038,Customer 38,West,Office Supplies,Paper,6.0,73.19,0.0,395.23,119.04,False,False,False,2024-07,6,0.3012
ORD-10901,2024-06-02,2024-06-07,Same Day,CUST-0085,Customer 85,East,Technology,Laptop,6.0,552.26,0.0,3313.56,1157.83,False,False,False,2024-06,5,0.3494
ORD-10902,2025-05-02,2025-05-09,Second Class,CUST-0056,Customer 56,North,Furniture,Chair,5.0,374.09,0.0,1870.45,833.36,False,False,False,2025-05,7,0.4455
ORD-10903,2024-09-11,2024-09-16,First Class,CUST-0188,Customer 188,South,Furniture,Table Lamp,8.0,292.58,0.1,2106.58,701.57,False,False,False,2024-09,5,0.333
ORD-10904,2024-02-04,2024-02-09,Standard Class,CUST-0020,Customer 20,South,Furniture,Desk,5.0,644.86,0.3,2257.01,-448.65,False,False,False,2024-02,5,-0.1988
ORD-10905,2024-04-08,2024-04-12,Second Class,CUST-0100,Customer 100,North,Office Supplies,Binder,4.0,196.53,0.1,707.51,176.64,False,False,False,2024-04,4,0.2497
ORD-10906,2025-05-01,2025-05-05,Same Day,CUST-0044,Customer 44,South,Technology,Monitor,7.0,442.6,0.0,3098.2,1139.19,False,False,False,2025-05,4,0.3677
ORD-10907,2025-12-15,2025-12-20,Standard Class,CUST-0155,Customer 155,South,Technology,Printer,2.0,826.95,0.3,1157.73,-194.8,False,False,False,2025-12,5,-0.1683
ORD-10908,2025-08-18,2025-08-19,Standard Class,CUST-0081,Customer 81,West,Office Supplies,Stapler,11.0,1034.18,0.15,9669.58,2168.07,False,False,False,2025-08,1,0.2242
ORD-10909,2025-12-17,2025-12-23,Second Class,CUST-0071,Customer 71,West,Technology,Printer,2.0,77.85,0.0,155.7,42.14,False,False,False,2025-12,6,0.2706
ORD-10910,2025-07-08,2025-07-12,Standard Class,CUST-0136,Customer 136,South,Furniture,Table Lamp,5.0,845.37,0.0,4226.85,1187.17,False,False,False,2025-07,4,0.2809
ORD-10911,2024-12-04,2024-12-11,First Class,CUST-0027,Customer 27,South,Furniture,Table Lamp,2.0,988.83,0.1,1779.89,134.34,False,False,False,2024-12,7,0.0755
ORD-10912,2025-10-03,2025-10-09,Standard Class,CUST-0099,Customer 99,East,Office Supplies,Paper,8.0,1007.17,0.15,6848.76,2392.32,False,False,False,2025-10,6,0.3493
ORD-10913,2024-07-20,2024-07-21,Same Day,CUST-0140,Customer 140,South,Office Supplies,Paper,2.0,445.5,0.0,891.0,406.69,False,False,False,2024-07,1,0.4564
ORD-10914,2025-10-28,2025-10-31,Second Class,CUST-0136,Customer 136,South,Technology,Wireless Mouse,6.0,345.05,0.0,2070.3,726.56,False,False,False,2025-10,3,0.3509
ORD-10915,2025-08-26,2025-08-29,First Class,CUST-0089,Customer 89,West,Furniture,Table Lamp,9.0,1196.02,0.0,10764.18,3919.34,False,False,False,2025-08,3,0.3641
ORD-10916,2025-01-01,2025-01-07,Standard Class,CUST-0003,Customer 3,East,Furniture,Desk,5.0,521.06,0.0,2605.3,528.43,False,False,False,2025-01,6,0.2028
ORD-10917,2024-03-20,2024-03-27,First Class,CUST-0098,Customer 98,East,Furniture,Desk,1.0,165.33,0.0,165.33,35.9,False,False,False,2024-03,7,0.2171
ORD-10918,2024-04-22,2024-04-25,Second Class,CUST-0018,Customer 18,North,Office Supplies,Binder,4.0,484.69,0.0,1938.76,379.01,False,False,False,2024-04,3,0.1955
ORD-10919,2024-11-05,2024-11-06,Standard Class,CUST-0063,Customer 63,South,Furniture,Chair,4.0,168.08,0.2,537.86,189.85,False,False,False,2024-11,1,0.353
ORD-10920,2025-01-17,2025-01-18,Same Day,CUST-0106,Customer 106,West,Furniture,Table Lamp,2.0,752.88,0.0,1505.76,716.69,False,False,False,2025-01,1,0.476
ORD-10921,2025-05-16,2025-05-22,First Class,CUST-0142,Customer 142,North,Furniture,Chair,1.0,689.38,0.0,689.38,321.58,False,False,False,2025-05,6,0.4665
ORD-10922,2024-09-11,2024-09-12,First Class,CUST-0110,Customer 110,East,Furniture,Chair,10.0,876.44,0.0,8764.4,4024.89,False,False,False,2024-09,1,0.4592
ORD-10923,2024-01-17,2024-01-22,Second Class,CUST-0106,Customer 106,West,Technology,Laptop,11.0,452.59,0.0,4978.49,1552.6,False,False,False,2024-01,5,0.3119
ORD-10924,2024-05-24,2024-05-31,Same Day,CUST-0171,Customer 171,North,Technology,Printer,9.0,1014.45,0.15,7760.54,1822.63,False,False,False,2024-05,7,0.2349
ORD-10925,2025-01-11,2025-01-14,Second Class,CUST-0179,Customer 179,West,Office Supplies,Paper,2.0,444.42,0.0,888.84,418.03,False,False,False,2025-01,3,0.4703
ORD-10926,2024-10-27,2024-10-31,Same Day,CUST-0117,Customer 117,North,Furniture,Table Lamp,7.0,916.39,0.0,6414.73,2911.43,False,False,False,2024-10,4,0.4539
ORD-10927,2025-12-22,2025-12-23,Standard Class,CUST-0088,Customer 88,South,Furniture,Chair,1.0,440.44,0.1,396.4,123.5,False,False,False,2025-12,1,0.3116
ORD-10928,2024-01-04,2024-01-07,First Class,CUST-0200,Customer 200,West,Technology,Laptop,11.0,644.09,0.0,7084.99,2829.58,False,False,False,2024-01,3,0.3994
ORD-10929,2025-04-22,2025-04-24,Same Day,CUST-0054,Customer 54,South,Office Supplies,Binder,3.0,398.39,0.0,1195.17,197.31,False,False,False,2025-04,2,0.1651
ORD-10930,2024-05-18,2024-05-20,First Class,CUST-0197,Customer 197,South,Furniture,Desk,8.0,192.27,0.0,1538.16,424.44,False,False,False,2024-05,2,0.2759
ORD-10931,2025-07-13,2025-07-19,Second Class,CUST-0124,Customer 124,South,Technology,Monitor,9.0,395.0,0.2,2844.0,154.21,False,False,False,2025-07,6,0.0542
ORD-10932,2024-07-25,2024-07-29,Standard Class,CUST-0172,Customer 172,North,Furniture,Desk,11.0,509.91,0.0,5609.01,1918.57,False,False,False,2024-07,4,0.3421
ORD-10933,2024-05-23,2024-05-27,Second Class,CUST-0074,Customer 74,North,Furniture,Desk,11.0,828.76,0.0,9116.36,3469.82,False,False,False,2024-05,4,0.3806
ORD-10934,2025-03-15,2025-03-20,Same Day,CUST-0106,Customer 106,West,Office Supplies,Stapler,8.0,554.94,0.0,4439.52,1134.34,False,False,False,2025-03,5,0.2555
ORD-10935,2025-01-19,2025-01-24,First Class,CUST-0026,Customer 26,East,Technology,Printer,5.0,516.6,0.0,2583.0,395.93,False,False,False,2025-01,5,0.1533
ORD-10936,2024-11-10,2024-11-15,First Class,CUST-0146,Customer 146,West,Office Supplies,Binder,11.0,48.87,0.0,537.57,116.12,False,False,False,2024-11,5,0.216
ORD-10937,2025-07-24,2025-07-29,Standard Class,CUST-0106,Customer 106,West,Furniture,Chair,9.0,864.75,0.0,7782.75,2194.69,False,False,False,2025-07,5,0.282
ORD-10938,2024-05-22,2024-05-26,Same Day,CUST-0116,Customer 116,East,Furniture,Chair,10.0,585.73,0.0,5857.3,2076.66,False,False,False,2024-05,4,0.3545
ORD-10939,2024-08-14,2024-08-18,Second Class,CUST-0114,Customer 114,South,Furniture,Table Lamp,6.0,1187.77,0.0,7126.62,2320.33,False,False,False,2024-08,4,0.3256
ORD-10940,2025-05-09,2025-05-11,Same Day,CUST-0133,Customer 133,North,Furniture,Chair,10.0,477.94,0.0,4779.4,2337.19,False,False,False,2025-05,2,0.489
ORD-10941,2024-07-20,2024-07-22,First Class,CUST-0035,Customer 35,West,Furniture,Desk,9.0,461.48,0.0,4153.32,1716.62,False,False,False,2024-07,2,0.4133
ORD-10942,2024-05-22,2024-05-24,First Class,CUST-0069,Customer 69,North,Technology,Printer,5.0,526.45,0.0,2632.25,1117.15,False,False,False,2024-05,2,0.4244
ORD-10943,2024-06-15,2024-06-19,Second Class,CUST-0093,Customer 93,West,Furniture,Bookcase,6.0,140.55,0.0,843.3,329.68,False,False,False,2024-06,4,0.3909
ORD-10944,2024-12-23,2024-12-24,Standard Class,CUST-0110,Customer 110,East,Technology,Wireless Mouse,11.0,983.11,0.0,10814.21,4074.48,False,False,False,2024-12,1,0.3768
ORD-10945,2024-01-17,2024-01-19,Second Class,CUST-0143,Customer 143,South,Technology,Wireless Mouse,8.0,1006.61,0.0,8052.88,2222.39,False,False,False,2024-01,2,0.276
ORD-10946,2024-05-01,2024-05-04,First Class,CUST-0162,Customer 162,East,Furniture,Table Lamp,2.0,113.95,0.2,182.32,-8.49,False,False,False,2024-05,3,-0.0466
ORD-10947,2024-08-03,2024-08-10,First Class,CUST-0084,Customer 84,West,Technology,Laptop,10.0,249.64,0.0,2496.4,936.26,False,False,False,2024-08,7,0.375
ORD-10948,2024-03-21,2024-03-25,Standard Class,CUST-0118,Customer 118,North,Office Supplies,Stapler,10.0,581.22,0.0,5812.2,1105.94,False,False,False,2024-03,4,0.1903
ORD-10949,2024-04-24,2024-04-30,Second Class,CUST-0106,Customer 106,West,Furniture,Desk,8.0,546.68,0.15,3717.42,1416.46,False,False,False,2024-04,6,0.381
ORD-10950,2024-12-02,2024-12-03,Standard Class,CUST-0043,Customer 43,East,Furniture,Chair,9.0,269.44,0.0,2424.96,1190.57,False,False,False,2024-12,1,0.491
ORD-10951,2024-10-12,2024-10-18,First Class,CUST-0018,Customer 18,North,Office Supplies,Stapler,3.0,789.42,0.1,2131.43,898.12,False,False,False,2024-10,6,0.4214
ORD-10952,2024-03-04,2024-03-06,Same Day,CUST-0188,Customer 188,South,Office Supplies,Binder,6.0,1007.16,0.0,6042.96,1954.09,False,False,False,2024-03,2,0.3234
ORD-10953,2025-11-23,2025-11-30,First Class,CUST-0045,Customer 45,North,Technology,Monitor,10.0,865.03,0.2,6920.24,-153.38,False,False,False,2025-11,7,-0.0222
ORD-10954,2025-08-10,2025-08-16,Standard Class,CUST-0068,Customer 68,South,Furniture,Table Lamp,4.0,775.03,0.0,3100.12,502.83,False,False,False,2025-08,6,0.1622
ORD-10955,2024-02-26,2024-03-02,Second Class,CUST-0162,Customer 162,East,Technology,Wireless Mouse,6.0,198.39,0.1,1071.31,439.12,False,False,False,2024-02,5,0.4099
ORD-10956,2025-06-01,2025-06-08,Standard Class,CUST-0037,Customer 37,West,Furniture,Desk,1.0,192.34,0.15,163.49,3.23,False,False,False,2025-06,7,0.0198
ORD-10957,2025-04-13,2025-04-18,Same Day,CUST-0016,Customer 16,West,Office Supplies,Paper,6.0,640.14,0.1,3456.76,879.33,False,False,False,2025-04,5,0.2544
ORD-10958,2025-09-23,2025-09-29,Same Day,CUST-0074,Customer 74,North,Furniture,Desk,9.0,136.33,0.0,1226.97,534.34,False,False,False,2025-09,6,0.4355
ORD-10959,2024-07-14,2024-07-18,Second Class,CUST-0098,Customer 98,East,Technology,Monitor,5.0,303.54,0.0,1517.7,250.17,False,False,False,2024-07,4,0.1648
ORD-10960,2024-10-03,2024-10-08,First Class,CUST-0081,Customer 81,West,Office Supplies,Stapler,10.0,515.77,0.0,5157.7,2306.41,False,False,False,2024-10,5,0.4472
ORD-10961,2025-10-02,2025-10-07,Same Day,CUST-0016,Customer 16,West,Office Supplies,Pens (Box),10.0,1057.56,0.0,10575.6,4236.34,False,False,False,2025-10,5,0.4006
ORD-10962,2024-12-27,2024-12-28,Same Day,CUST-0186,Customer 186,South,Technology,Printer,6.0,828.13,0.1,4471.9,388.83,False,False,False,2024-12,1,0.0869
ORD-10963,2024-03-15,2024-03-19,Same Day,CUST-0174,Customer 174,East,Technology,Wireless Mouse,4.0,602.36,0.0,2409.44,409.68,False,False,False,2024-03,4,0.17
ORD-10964,2025-04-11,2025-04-18,Second Class,CUST-0172,Customer 172,North,Technology,Monitor,2.0,626.46,0.0,1252.92,245.29,False,False,False,2025-04,7,0.1958
ORD-10965,2024-07-22,2024-07-23,Second Class,CUST-0197,Customer 197,South,Technology,Laptop,3.0,666.31,0.1,1799.04,183.09,False,False,False,2024-07,1,0.1018
ORD-10966,2024-07-26,2024-07-28,Second Class,CUST-0171,Customer 171,North,Furniture,Bookcase,10.0,249.35,0.0,2493.5,482.48,False,False,False,2024-07,2,0.1935
ORD-10967,2025-03-22,2025-03-24,Standard Class,CUST-0055,Customer 55,South,Technology,Printer,8.0,1047.03,0.1,7538.62,1142.62,False,False,False,2025-03,2,0.1516
ORD-10968,2024-04-03,2024-04-07,First Class,CUST-0130,Customer 130,East,Technology,Monitor,2.0,1171.61,0.0,2343.22,1059.54,False,False,False,2024-04,4,0.4522
ORD-10969,2024-12-04,2024-12-06,Standard Class,CUST-0071,Customer 71,West,Furniture,Chair,2.0,723.34,0.1,1302.01,177.04,False,False,False,2024-12,2,0.136
ORD-10970,2024-04-27,2024-04-29,Standard Class,CUST-0105,Customer 105,West,Technology,Wireless Mouse,10.0,253.18,0.0,2531.8,801.01,False,False,False,2024-04,2,0.3164
ORD-10971,2024-11-03,2024-11-04,Second Class,CUST-0051,Customer 51,West,Office Supplies,Stapler,11.0,254.46,0.0,2799.06,1192.0,False,False,False,2024-11,1,0.4259
ORD-10972,2025-11-22,2025-11-25,Standard Class,CUST-0084,Customer 84,West,Technology,Monitor,6.0,643.47,0.0,3860.82,1322.64,False,False,False,2025-11,3,0.3426
ORD-10973,2024-10-28,2024-11-03,Second Class,CUST-0141,Customer 141,West,Office Supplies,Stapler,8.0,412.78,0.0,3302.24,877.35,False,False,False,2024-10,6,0.2657
ORD-10974,2024-03-24,2024-03-31,Second Class,CUST-0171,Customer 171,North,Office Supplies,Paper,4.0,477.02,0.0,1908.08,862.91,False,False,False,2024-03,7,0.4522
ORD-10975,2024-03-29,2024-04-02,Same Day,CUST-0131,Customer 131,East,Technology,Monitor,2.0,1100.41,0.0,2200.82,801.13,False,False,False,2024-03,4,0.364
ORD-10976,2025-02-23,2025-03-01,Same Day,CUST-0050,Customer 50,West,Office Supplies,Pens (Box),3.0,596.4,0.2,1431.36,12.0,False,False,False,2025-02,6,0.0084
ORD-10977,2024-09-22,2024-09-28,Standard Class,CUST-0047,Customer 47,South,Furniture,Chair,2.0,829.67,0.0,1659.34,432.59,False,False,False,2024-09,6,0.2607
ORD-10978,2024-12-24,2024-12-30,Second Class,CUST-0064,Customer 64,West,Furniture,Desk,11.0,331.89,0.1,3285.71,506.16,False,False,False,2024-12,6,0.154
ORD-10979,2024-08-30,2024-09-05,First Class,CUST-0174,Customer 174,East,Office Supplies,Pens (Box),6.0,856.88,0.0,5141.28,1241.13,False,False,False,2024-08,6,0.2414
ORD-10980,2025-09-16,2025-09-22,Same Day,CUST-0174,Customer 174,East,Furniture,Bookcase,5.0,303.18,0.1,1364.31,100.22,False,False,False,2025-09,6,0.0735
ORD-10981,2024-01-06,2024-01-07,Same Day,CUST-0013,Customer 13,East,Technology,Laptop,7.0,1190.17,0.0,8331.19,3830.18,False,False,False,2024-01,1,0.4597
ORD-10982,2024-06-29,2024-07-06,Same Day,CUST-0183,Customer 183,South,Furniture,Desk,6.0,420.47,0.1,2270.54,598.32,False,False,False,2024-06,7,0.2635
ORD-10983,2024-12-01,2024-12-02,Second Class,CUST-0125,Customer 125,West,Office Supplies,Paper,11.0,1066.76,0.0,11734.36,3160.41,True,False,False,2024-12,1,0.2693
ORD-10984,2025-04-30,2025-05-01,Standard Class,CUST-0152,Customer 152,South,Technology,Monitor,8.0,1019.74,0.0,8157.92,1658.03,False,False,False,2025-04,1,0.2032
ORD-10985,2024-02-19,2024-02-22,Second Class,CUST-0176,Customer 176,South,Technology,Monitor,6.0,452.04,0.0,2712.24,487.67,False,False,False,2024-02,3,0.1798
ORD-10986,2025-07-18,2025-07-23,First Class,CUST-0140,Customer 140,South,Technology,Wireless Mouse,11.0,53.68,0.2,472.38,167.5,False,False,False,2025-07,5,0.3546
ORD-10987,2024-05-29,2024-05-31,Standard Class,CUST-0002,Customer 2,West,Technology,Wireless Mouse,9.0,182.39,0.0,1641.51,388.65,False,False,False,2024-05,2,0.2368
ORD-10988,2025-04-20,2025-04-22,Second Class,CUST-0143,Customer 143,South,Technology,Printer,10.0,256.67,0.0,2566.7,412.88,False,False,False,2025-04,2,0.1609
ORD-10989,2024-07-16,2024-07-17,Standard Class,CUST-0159,Customer 159,East,Furniture,Table Lamp,3.0,414.21,0.3,869.84,116.88,False,False,False,2024-07,1,0.1344
ORD-10990,2024-07-19,2024-07-23,Second Class,CUST-0118,Customer 118,North,Furniture,Chair,4.0,1190.9,0.1,4287.24,1820.97,False,False,False,2024-07,4,0.4247
ORD-10991,2024-07-18,2024-07-25,Standard Class,CUST-0070,Customer 70,South,Furniture,Desk,2.0,706.54,0.0,1413.08,339.13,False,False,False,2024-07,7,0.24
ORD-10992,2025-01-13,2025-01-14,First Class,CUST-0063,Customer 63,South,Furniture,Table Lamp,8.0,314.31,0.15,2137.31,848.8,False,False,False,2025-01,1,0.3971
ORD-10993,2025-11-06,2025-11-07,Same Day,CUST-0019,Customer 19,West,Office Supplies,Pens (Box),4.0,1036.87,0.0,4147.48,854.56,False,False,False,2025-11,1,0.206
ORD-10994,2025-09-15,2025-09-16,Second Class,CUST-0039,Customer 39,South,Furniture,Desk,5.0,177.78,0.15,755.56,239.64,False,False,False,2025-09,1,0.3172
ORD-10995,2025-06-08,2025-06-13,Same Day,CUST-0145,Customer 145,West,Technology,Laptop,2.0,1133.45,0.0,2266.9,585.73,False,False,False,2025-06,5,0.2584
ORD-10996,2025-10-17,2025-10-19,First Class,CUST-0094,Customer 94,South,Technology,Printer,9.0,840.68,0.0,7566.12,2074.52,False,False,False,2025-10,2,0.2742
ORD-10997,2024-01-11,2024-01-18,Second Class,CUST-0064,Customer 64,West,Technology,Laptop,7.0,535.07,0.1,3370.94,228.03,False,False,False,2024-01,7,0.0676
ORD-10998,2025-07-01,2025-07-05,Standard Class,CUST-0082,Customer 82,South,Office Supplies,Stapler,7.0,217.77,0.0,1524.39,624.91,False,False,False,2025-07,4,0.4099
ORD-10999,2024-10-24,2024-10-28,Second Class,CUST-0072,Customer 72,North,Office Supplies,Pens (Box),10.0,618.87,0.0,6188.7,1593.33,False,False,False,2024-10,4,0.2575
ORD-11000,2024-09-11,2024-09-12,Second Class,CUST-0102,Customer 102,North,Office Supplies,Pens (Box),9.0,297.06,0.0,2673.54,1249.42,False,False,False,2024-09,1,0.4673
ORD-11001,2024-02-27,2024-02-28,First Class,CUST-0065,Customer 65,South,Furniture,Table Lamp,2.0,329.68,0.0,659.36,160.72,False,False,False,2024-02,1,0.2438
ORD-11002,2024-03-20,2024-03-23,First Class,CUST-0182,Customer 182,North,Furniture,Chair,6.0,17.08,0.1,92.23,31.79,False,False,False,2024-03,3,0.3447
ORD-11003,2025-11-17,2025-11-19,Standard Class,CUST-0194,Customer 194,South,Furniture,Chair,11.0,154.83,0.0,1703.13,343.9,False,False,False,2025-11,2,0.2019
ORD-11004,2024-07-18,2024-07-20,Same Day,CUST-0030,Customer 30,South,Technology,Wireless Mouse,4.0,8.43,0.0,33.72,16.71,False,False,False,2024-07,2,0.4956
ORD-11005,2025-03-20,2025-03-21,First Class,CUST-0168,Customer 168,North,Technology,Printer,7.0,245.9,0.1,1549.17,280.5,False,False,False,2025-03,1,0.1811
ORD-11006,2025-08-01,2025-08-04,Same Day,CUST-0054,Customer 54,South,Technology,Printer,3.0,319.18,0.0,957.54,243.35,False,False,False,2025-08,3,0.2541
ORD-11007,2025-06-21,2025-06-26,Standard Class,CUST-0034,Customer 34,East,Technology,Printer,1.0,982.81,0.0,982.81,374.78,False,False,False,2025-06,5,0.3813
ORD-11008,2024-01-19,2024-01-24,Same Day,CUST-0061,Customer 61,West,Furniture,Chair,4.0,1100.38,0.0,4401.52,1182.99,False,False,False,2024-01,5,0.2688
ORD-11009,2025-07-27,2025-08-03,First Class,CUST-0149,Customer 149,West,Office Supplies,Stapler,6.0,627.5,0.0,3765.0,1092.14,False,False,False,2025-07,7,0.2901
ORD-11010,2024-08-30,2024-09-06,Second Class,CUST-0013,Customer 13,East,Furniture,Desk,5.0,1060.82,0.0,5304.1,1074.85,False,False,False,2024-08,7,0.2026
ORD-11011,2024-01-09,2024-01-12,Standard Class,CUST-0027,Customer 27,South,Office Supplies,Pens (Box),9.0,575.01,0.0,5175.09,1057.43,False,False,False,2024-01,3,0.2043
ORD-11012,2024-11-13,2024-11-20,Same Day,CUST-0054,Customer 54,South,Technology,Printer,6.0,821.25,0.0,4927.5,1712.35,False,False,False,2024-11,7,0.3475
ORD-11013,2024-01-29,2024-02-04,First Class,CUST-0095,Customer 95,West,Furniture,Chair,6.0,794.34,0.15,4051.13,677.61,False,False,False,2024-01,6,0.1673
ORD-11014,2025-11-18,2025-11-23,Second Class,CUST-0035,Customer 35,West,Furniture,Desk,1.0,1063.74,0.0,1063.74,354.84,False,False,False,2025-11,5,0.3336
ORD-11015,2025-06-14,2025-06-17,Second Class,CUST-0053,Customer 53,South,Furniture,Chair,10.0,982.69,0.0,9826.9,3952.34,False,False,False,2025-06,3,0.4022
ORD-11016,2025-02-10,2025-02-11,Standard Class,CUST-0097,Customer 97,North,Technology,Printer,7.0,284.75,0.0,1993.25,313.48,False,False,False,2025-02,1,0.1573
ORD-11017,2024-11-09,2024-11-11,Standard Class,CUST-0130,Customer 130,East,Technology,Wireless Mouse,6.0,204.32,0.0,1225.92,352.95,False,False,False,2024-11,2,0.2879
ORD-11018,2024-08-15,2024-08-20,First Class,CUST-0014,Customer 14,West,Technology,Wireless Mouse,10.0,758.25,0.0,7582.5,1564.2,False,False,False,2024-08,5,0.2063
ORD-11019,2024-10-13,2024-10-16,Standard Class,CUST-0200,Customer 200,West,Office Supplies,Stapler,7.0,542.1,0.0,3794.7,1393.94,False,False,False,2024-10,3,0.3673
ORD-11020,2024-10-11,2024-10-12,First Class,CUST-0171,Customer 171,North,Furniture,Desk,1.0,46.31,0.0,46.31,10.97,False,False,False,2024-10,1,0.2369
ORD-11021,2025-03-23,2025-03-30,Standard Class,CUST-0129,Customer 129,East,Office Supplies,Stapler,6.0,1025.63,0.1,5538.4,2249.82,False,False,False,2025-03,7,0.4062
ORD-11022,2025-08-01,2025-08-04,Standard Class,CUST-0151,Customer 151,West,Office Supplies,Stapler,3.0,401.61,0.0,1204.83,449.71,False,False,False,2025-08,3,0.3733
ORD-11023,2025-07-17,2025-07-21,Standard Class,CUST-0018,Customer 18,North,Furniture,Table Lamp,2.0,122.6,0.0,245.2,77.47,False,False,False,2025-07,4,0.3159
ORD-11024,2024-07-16,2024-07-22,Standard Class,CUST-0047,Customer 47,South,Furniture,Chair,5.0,933.98,0.2,3735.92,684.52,False,False,False,2024-07,6,0.1832
ORD-11025,2024-07-13,2024-07-18,First Class,CUST-0009,Customer 9,North,Office Supplies,Binder,10.0,499.32,0.0,4993.2,2419.75,False,False,False,2024-07,5,0.4846
ORD-11026,2024-08-19,2024-08-23,Same Day,CUST-0143,Customer 143,South,Office Supplies,Stapler,8.0,773.25,0.15,5258.1,1134.88,False,False,False,2024-08,4,0.2158
ORD-11027,2024-02-09,2024-02-13,First Class,CUST-0112,Customer 112,West,Technology,Laptop,4.0,701.67,0.0,2806.68,443.49,False,False,False,2024-02,4,0.158
ORD-11028,2025-02-03,2025-02-04,Second Class,CUST-0121,Customer 121,South,Office Supplies,Binder,1.0,429.12,0.1,386.21,114.48,False,False,False,2025-02,1,0.2964
ORD-11029,2025-04-12,2025-04-18,First Class,CUST-0196,Customer 196,North,Technology,Monitor,1.0,788.15,0.0,788.15,269.11,False,False,False,2025-04,6,0.3414
ORD-11030,2024-09-30,2024-10-02,First Class,CUST-0025,Customer 25,West,Furniture,Table Lamp,4.0,395.81,0.1,1424.92,310.9,False,False,False,2024-09,2,0.2182
ORD-11031,2024-12-21,2024-12-24,Second Class,CUST-0118,Customer 118,North,Technology,Printer,9.0,232.1,0.0,2088.9,928.86,False,False,False,2024-12,3,0.4447
ORD-11032,2024-10-04,2024-10-05,Same Day,CUST-0163,Customer 163,South,Furniture,Desk,10.0,1062.54,0.1,9562.86,2292.94,False,False,False,2024-10,1,0.2398
ORD-11033,2024-03-16,2024-03-17,First Class,CUST-0144,Customer 144,South,Technology,Wireless Mouse,9.0,205.68,0.0,1851.12,706.52,False,False,False,2024-03,1,0.3817
ORD-11034,2025-04-07,2025-04-10,First Class,CUST-0179,Customer 179,West,Technology,Laptop,9.0,232.16,0.0,2089.44,336.02,False,False,False,2025-04,3,0.1608
ORD-11035,2025-06-20,2025-06-21,First Class,CUST-0115,Customer 115,East,Office Supplies,Binder,6.0,44.92,0.0,269.52,82.09,False,False,False,2025-06,1,0.3046
ORD-11036,2025-06-27,2025-07-03,Same Day,CUST-0099,Customer 99,East,Office Supplies,Stapler,1.0,595.24,0.0,595.24,243.98,False,False,False,2025-06,6,0.4099
ORD-11037,2025-10-12,2025-10-19,First Class,CUST-0190,Customer 190,South,Technology,Wireless Mouse,2.0,71.82,0.0,143.64,22.38,False,False,False,2025-10,7,0.1558
ORD-11038,2025-06-11,2025-06-16,Standard Class,CUST-0121,Customer 121,South,Technology,Wireless Mouse,2.0,410.41,0.0,820.82,387.49,False,False,False,2025-06,5,0.4721
ORD-11039,2025-02-25,2025-03-02,Second Class,CUST-0006,Customer 6,West,Technology,Printer,3.0,1144.43,0.3,2403.3,240.92,False,False,False,2025-02,5,0.1002
ORD-11040,2024-09-02,2024-09-04,Standard Class,CUST-0098,Customer 98,East,Furniture,Chair,1.0,283.88,0.0,283.88,120.58,False,False,False,2024-09,2,0.4248
ORD-11041,2024-08-10,2024-08-13,Second Class,CUST-0073,Customer 73,South,Furniture,Table Lamp,10.0,106.84,0.0,1068.4,336.59,False,False,False,2024-08,3,0.315
ORD-11042,2025-04-18,2025-04-21,Second Class,CUST-0052,Customer 52,North,Office Supplies,Paper,6.0,678.36,0.1,3663.14,819.97,False,False,False,2025-04,3,0.2238
ORD-11043,2025-06-12,2025-06-17,Same Day,CUST-0013,Customer 13,East,Technology,Laptop,3.0,602.58,0.0,1807.74,696.19,False,False,False,2025-06,5,0.3851
ORD-11044,2025-04-21,2025-04-27,Same Day,CUST-0090,Customer 90,West,Office Supplies,Paper,10.0,480.34,0.15,4082.89,105.39,False,False,False,2025-04,6,0.0258
ORD-11045,2024-12-12,2024-12-15,Same Day,CUST-0159,Customer 159,East,Technology,Printer,3.0,732.29,0.0,2196.87,619.91,False,False,False,2024-12,3,0.2822
ORD-11046,2024-04-22,2024-04-29,First Class,CUST-0016,Customer 16,West,Office Supplies,Paper,3.0,153.06,0.2,367.34,135.52,False,False,False,2024-04,7,0.3689
ORD-11047,2024-02-22,2024-02-26,First Class,CUST-0189,Customer 189,North,Office Supplies,Binder,4.0,634.88,0.1,2285.57,733.9,False,False,False,2024-02,4,0.3211
ORD-11048,2025-08-13,2025-08-15,First Class,CUST-0185,Customer 185,South,Furniture,Bookcase,10.0,1184.87,0.0,11848.7,2826.13,True,False,False,2025-08,2,0.2385
ORD-11049,2024-02-03,2024-02-08,Standard Class,CUST-0044,Customer 44,South,Technology,Monitor,9.0,900.93,0.15,6892.11,1846.57,False,False,False,2024-02,5,0.2679
ORD-11050,2025-07-02,2025-07-06,Second Class,CUST-0097,Customer 97,North,Office Supplies,Stapler,7.0,950.25,0.0,6651.75,2141.52,False,False,False,2025-07,4,0.3219
ORD-11051,2025-05-26,2025-05-28,Second Class,CUST-0060,Customer 60,East,Furniture,Desk,3.0,1095.0,0.0,3285.0,521.77,False,False,False,2025-05,2,0.1588
ORD-11052,2025-05-23,2025-05-30,First Class,CUST-0185,Customer 185,South,Office Supplies,Stapler,3.0,774.53,0.1,2091.23,192.99,False,False,False,2025-05,7,0.0923
ORD-11053,2024-07-31,2024-08-05,Same Day,CUST-0090,Customer 90,West,Furniture,Table Lamp,3.0,851.32,0.0,2553.96,786.64,False,False,False,2024-07,5,0.308
ORD-11054,2025-06-12,2025-06-19,First Class,CUST-0134,Customer 134,East,Office Supplies,Pens (Box),10.0,858.59,0.1,7727.31,758.78,False,False,False,2025-06,7,0.0982
ORD-11055,2024-07-12,2024-07-15,Same Day,CUST-0040,Customer 40,East,Office Supplies,Binder,2.0,760.19,0.1,1368.34,354.21,False,False,False,2024-07,3,0.2589
ORD-11056,2025-10-25,2025-10-29,Second Class,CUST-0165,Customer 165,South,Furniture,Desk,3.0,431.37,0.0,1294.11,385.99,False,False,False,2025-10,4,0.2983
ORD-11057,2025-08-14,2025-08-18,First Class,CUST-0156,Customer 156,East,Furniture,Table Lamp,7.0,647.73,0.0,4534.11,1318.64,False,False,False,2025-08,4,0.2908
ORD-11058,2024-06-30,2024-07-05,Same Day,CUST-0019,Customer 19,West,Office Supplies,Binder,8.0,1141.71,0.0,9133.68,4480.08,False,False,False,2024-06,5,0.4905
ORD-11059,2025-02-21,2025-02-23,Second Class,CUST-0008,Customer 8,East,Furniture,Table Lamp,9.0,847.67,0.3,5340.32,-1052.45,False,False,False,2025-02,2,-0.1971
ORD-11060,2025-04-04,2025-04-08,Standard Class,CUST-0033,Customer 33,North,Office Supplies,Binder,11.0,719.31,0.0,7912.41,3941.85,False,False,False,2025-04,4,0.4982
ORD-11061,2024-04-21,2024-04-27,Same Day,CUST-0046,Customer 46,West,Furniture,Chair,3.0,1088.81,0.0,3266.43,722.17,False,False,False,2024-04,6,0.2211
ORD-11062,2025-09-22,2025-09-26,First Class,CUST-0183,Customer 183,South,Technology,Monitor,10.0,891.75,0.1,8025.75,753.07,False,False,False,2025-09,4,0.0938
ORD-11063,2024-07-04,2024-07-05,First Class,CUST-0040,Customer 40,East,Technology,Laptop,10.0,548.08,0.15,4658.68,1814.99,False,False,False,2024-07,1,0.3896
ORD-11064,2025-12-13,2025-12-19,Same Day,CUST-0096,Customer 96,South,Technology,Laptop,11.0,11.57,0.1,114.54,40.06,False,False,False,2025-12,6,0.3497
ORD-11065,2025-01-05,2025-01-12,Same Day,CUST-0151,Customer 151,West,Technology,Printer,1.0,37.19,0.0,37.19,5.75,False,False,False,2025-01,7,0.1546
ORD-11066,2024-03-14,2024-03-19,First Class,CUST-0191,Customer 191,East,Office Supplies,Binder,7.0,629.0,0.0,4403.0,1814.6,False,False,False,2024-03,5,0.4121
ORD-11067,2025-01-23,2025-01-25,First Class,CUST-0057,Customer 57,East,Office Supplies,Pens (Box),1.0,278.58,0.0,278.58,127.21,False,False,False,2025-01,2,0.4566
ORD-11068,2025-06-23,2025-06-24,Standard Class,CUST-0170,Customer 170,North,Furniture,Chair,9.0,1064.99,0.2,7667.93,660.77,False,False,False,2025-06,1,0.0862
ORD-11069,2024-08-27,2024-08-30,Second Class,CUST-0097,Customer 97,North,Furniture,Desk,3.0,1154.54,0.0,2424.53,229.73,False,False,True,2024-08,3,0.0948
ORD-11070,2025-12-16,2025-12-17,Standard Class,CUST-0094,Customer 94,South,Technology,Monitor,11.0,269.36,0.0,2962.96,1036.21,False,False,False,2025-12,1,0.3497
ORD-11071,2024-11-18,2024-11-20,Same Day,CUST-0198,Customer 198,North,Technology,Monitor,10.0,172.73,0.0,1727.3,617.82,False,False,False,2024-11,2,0.3577
ORD-11072,2024-02-15,2024-02-19,Same Day,CUST-0084,Customer 84,West,Furniture,Desk,2.0,455.24,0.0,773.91,89.33,False,False,False,2024-02,4,0.1154
ORD-11073,2024-10-17,2024-10-21,Standard Class,CUST-0081,Customer 81,West,Technology,Laptop,8.0,800.08,0.0,6400.64,2520.23,False,False,False,2024-10,4,0.3937
ORD-11074,2024-06-15,2024-06-21,Same Day,CUST-0059,Customer 59,East,Technology,Monitor,9.0,1192.19,0.0,10729.71,1775.11,False,False,False,2024-06,6,0.1654
ORD-11075,2024-05-02,2024-05-08,Standard Class,CUST-0103,Customer 103,West,Office Supplies,Binder,9.0,253.76,0.0,2283.84,537.02,False,False,False,2024-05,6,0.2351
ORD-11076,2024-08-27,2024-08-31,Same Day,CUST-0091,Customer 91,South,Furniture,Chair,11.0,578.41,0.0,6362.51,1317.47,False,False,False,2024-08,4,0.2071
ORD-11077,2025-07-25,2025-07-26,Same Day,CUST-0043,Customer 43,East,Office Supplies,Paper,3.0,577.26,0.0,1731.78,723.49,False,False,False,2025-07,1,0.4178
ORD-11078,2025-02-21,2025-02-28,First Class,CUST-0065,Customer 65,South,Office Supplies,Binder,10.0,79.45,0.0,794.5,384.8,False,False,False,2025-02,7,0.4843
ORD-11079,2025-05-28,2025-06-02,Standard Class,CUST-0052,Customer 52,North,Technology,Laptop,4.0,181.06,0.3,506.97,-3.28,False,False,False,2025-05,5,-0.0065
ORD-11080,2025-10-16,2025-10-19,First Class,CUST-0002,Customer 2,West,Office Supplies,Pens (Box),7.0,462.34,0.1,2912.74,1034.15,False,False,False,2025-10,3,0.355
ORD-11081,2025-12-12,2025-12-19,Same Day,CUST-0030,Customer 30,South,Technology,Printer,1.0,1146.86,0.15,974.83,284.66,False,False,False,2025-12,7,0.292
ORD-11082,2025-09-13,2025-09-20,Standard Class,CUST-0081,Customer 81,West,Office Supplies,Binder,10.0,368.99,0.0,3689.9,985.37,False,False,False,2025-09,7,0.267
ORD-11083,2024-07-15,2024-07-20,Same Day,CUST-0104,Customer 104,North,Technology,Laptop,4.0,813.75,0.0,3255.0,1362.36,False,False,False,2024-07,5,0.4185
ORD-11084,2025-06-04,2025-06-08,First Class,CUST-0019,Customer 19,West,Technology,Monitor,4.0,919.73,0.0,3678.92,742.41,False,False,False,2025-06,4,0.2018
ORD-11085,2024-02-28,2024-03-05,Standard Class,CUST-0185,Customer 185,South,Technology,Monitor,9.0,875.32,0.0,7877.88,2399.06,False,False,False,2024-02,6,0.3045
ORD-11086,2025-08-13,2025-08-17,Standard Class,CUST-0098,Customer 98,East,Office Supplies,Stapler,11.0,894.41,0.15,8362.73,156.59,False,False,False,2025-08,4,0.0187
ORD-11087,2024-01-16,2024-01-23,Standard Class,CUST-0046,Customer 46,West,Furniture,Table Lamp,7.0,541.91,0.0,3793.37,837.14,False,False,False,2024-01,7,0.2207
ORD-11088,2024-05-23,2024-05-25,First Class,CUST-0077,Customer 77,South,Technology,Printer,8.0,643.79,0.0,5150.32,1667.09,False,False,False,2024-05,2,0.3237
ORD-11089,2025-10-05,2025-10-12,Same Day,CUST-0117,Customer 117,North,Office Supplies,Paper,8.0,433.28,0.0,3466.24,1593.01,False,False,False,2025-10,7,0.4596
ORD-11090,2024-07-07,2024-07-09,Standard Class,CUST-0145,Customer 145,West,Technology,Monitor,5.0,526.52,0.1,2369.34,724.26,False,False,False,2024-07,2,0.3057
ORD-11091,2024-09-12,2024-09-16,Second Class,CUST-0192,Customer 192,East,Technology,Wireless Mouse,3.0,393.29,0.0,1179.87,317.86,False,False,False,2024-09,4,0.2694
ORD-11092,2024-12-25,2024-12-28,Same Day,CUST-0104,Customer 104,North,Office Supplies,Stapler,1.0,956.19,0.3,669.33,147.5,False,False,False,2024-12,3,0.2204
ORD-11093,2025-01-28,2025-02-04,Same Day,CUST-0139,Customer 139,South,Office Supplies,Pens (Box),8.0,452.29,0.0,3618.32,1802.02,False,False,False,2025-01,7,0.498
ORD-11094,2025-01-31,2025-02-05,First Class,CUST-0038,Customer 38,West,Office Supplies,Binder,7.0,53.43,0.0,374.01,105.41,False,False,False,2025-01,5,0.2818
ORD-11095,2025-10-26,2025-10-31,Same Day,CUST-0194,Customer 194,South,Office Supplies,Pens (Box),8.0,723.72,0.15,4921.3,1888.09,False,False,False,2025-10,5,0.3837
ORD-11096,2024-05-22,2024-05-28,Standard Class,CUST-0130,Customer 130,East,Office Supplies,Binder,3.0,260.55,0.0,781.65,247.53,False,False,False,2024-05,6,0.3167
ORD-11097,2025-07-25,2025-08-01,Same Day,CUST-0051,Customer 51,West,Technology,Printer,2.0,37.13,0.0,74.26,32.14,False,False,False,2025-07,7,0.4328
ORD-11098,2024-05-23,2024-05-30,Second Class,CUST-0186,Customer 186,South,Furniture,Chair,9.0,451.75,0.0,4065.75,920.16,False,False,False,2024-05,7,0.2263
ORD-11099,2024-12-03,2024-12-08,First Class,CUST-0101,Customer 101,West,Technology,Wireless Mouse,6.0,1016.56,0.0,6099.36,2430.83,False,False,False,2024-12,5,0.3985
ORD-11100,2025-12-21,2025-12-28,First Class,CUST-0029,Customer 29,East,Furniture,Desk,8.0,1055.52,0.0,8444.16,1896.86,False,False,False,2025-12,7,0.2246
ORD-11101,2025-03-22,2025-03-23,Second Class,CUST-0073,Customer 73,South,Technology,Printer,6.0,1024.83,0.0,6148.98,1917.27,False,False,False,2025-03,1,0.3118
ORD-11102,2025-06-03,2025-06-10,First Class,CUST-0164,Customer 164,South,Technology,Wireless Mouse,10.0,65.89,0.15,560.06,39.97,False,False,False,2025-06,7,0.0714
ORD-11103,2024-09-23,2024-09-30,First Class,CUST-0014,Customer 14,West,Furniture,Table Lamp,7.0,70.23,0.0,491.61,137.59,False,False,False,2024-09,7,0.2799
ORD-11104,2025-11-01,2025-11-03,Same Day,CUST-0034,Customer 34,East,Furniture,Table Lamp,7.0,30.15,0.0,211.05,53.09,False,False,False,2025-11,2,0.2516
ORD-11105,2024-02-06,2024-02-07,First Class,CUST-0001,Customer 1,North,Technology,Monitor,8.0,736.53,0.1,5303.02,874.82,False,False,False,2024-02,1,0.165
ORD-11106,2025-11-11,2025-11-14,First Class,CUST-0099,Customer 99,East,Office Supplies,Paper,2.0,1096.68,0.1,1974.02,787.74,False,False,False,2025-11,3,0.3991
ORD-11107,2025-01-26,2025-01-31,First Class,CUST-0020,Customer 20,South,Furniture,Chair,5.0,324.17,0.15,1377.72,485.35,False,False,False,2025-01,5,0.3523
ORD-11108,2024-02-27,2024-03-04,First Class,CUST-0079,Customer 79,East,Technology,Printer,1.0,1089.88,0.0,1089.88,370.88,False,False,False,2024-02,6,0.3403
ORD-11109,2025-08-15,2025-08-21,Same Day,CUST-0065,Customer 65,South,Office Supplies,Pens (Box),6.0,639.93,0.0,3839.58,1822.24,False,False,False,2025-08,6,0.4746
ORD-11110,2024-10-09,2024-10-12,Second Class,CUST-0192,Customer 192,East,Furniture,Desk,3.0,339.65,0.0,1018.95,289.07,False,False,False,2024-10,3,0.2837
ORD-11111,2024-05-28,2024-05-29,First Class,CUST-0102,Customer 102,North,Furniture,Table Lamp,10.0,1165.15,0.0,11651.5,4492.16,True,False,False,2024-05,1,0.3855
ORD-11112,2025-11-10,2025-11-13,Second Class,CUST-0148,Customer 148,North,Technology,Monitor,11.0,878.2,0.0,9660.2,1557.07,False,False,False,2025-11,3,0.1612
ORD-11113,2024-07-27,2024-08-01,First Class,CUST-0067,Customer 67,West,Furniture,Bookcase,5.0,257.79,0.15,1095.61,288.2,False,False,False,2024-07,5,0.263
ORD-11114,2025-04-13,2025-04-14,First Class,CUST-0119,Customer 119,North,Office Supplies,Pens (Box),3.0,588.46,0.0,1765.38,325.41,False,False,False,2025-04,1,0.1843
ORD-11115,2024-01-14,2024-01-17,First Class,CUST-0033,Customer 33,North,Furniture,Bookcase,10.0,70.06,0.0,700.6,218.66,False,False,False,2024-01,3,0.3121
ORD-11116,2024-04-04,2024-04-09,First Class,CUST-0031,Customer 31,South,Technology,Monitor,4.0,49.04,0.0,196.16,32.65,False,False,False,2024-04,5,0.1664
ORD-11117,2024-08-31,2024-09-05,First Class,CUST-0197,Customer 197,South,Technology,Wireless Mouse,5.0,851.56,0.0,4257.8,1717.4,False,False,False,2024-08,5,0.4034
ORD-11118,2025-10-16,2025-10-23,Standard Class,CUST-0015,Customer 15,East,Office Supplies,Pens (Box),8.0,988.93,0.0,7911.44,3702.44,False,False,False,2025-10,7,0.468
ORD-11119,2025-09-29,2025-10-03,Standard Class,CUST-0093,Customer 93,West,Office Supplies,Binder,11.0,1110.91,0.0,12220.01,2515.86,True,False,False,2025-09,4,0.2059
ORD-11120,2024-04-16,2024-04-19,Second Class,CUST-0184,Customer 184,East,Furniture,Bookcase,8.0,99.67,0.3,558.15,40.64,False,False,False,2024-04,3,0.0728
ORD-11121,2024-06-17,2024-06-23,Second Class,CUST-0070,Customer 70,South,Technology,Printer,5.0,1134.27,0.0,5671.35,2599.34,False,False,False,2024-06,6,0.4583
ORD-11122,2024-01-26,2024-01-27,Standard Class,CUST-0068,Customer 68,South,Office Supplies,Paper,6.0,272.96,0.0,1637.76,810.73,False,False,False,2024-01,1,0.495
ORD-11123,2025-03-16,2025-03-23,Standard Class,CUST-0104,Customer 104,North,Office Supplies,Pens (Box),10.0,1078.39,0.0,10783.9,4186.37,False,False,False,2025-03,7,0.3882
ORD-11124,2024-07-04,2024-07-10,Standard Class,CUST-0015,Customer 15,East,Office Supplies,Stapler,4.0,388.96,0.0,1555.84,482.73,False,False,False,2024-07,6,0.3103
ORD-11125,2024-08-03,2024-08-09,First Class,CUST-0144,Customer 144,South,Office Supplies,Stapler,7.0,709.04,0.0,4963.28,1152.74,False,False,False,2024-08,6,0.2323
ORD-11126,2025-04-25,2025-04-30,Second Class,CUST-0189,Customer 189,North,Furniture,Bookcase,7.0,1003.5,0.0,7024.5,1354.52,False,False,False,2025-04,5,0.1928
ORD-11127,2024-04-22,2024-04-28,Second Class,CUST-0123,Customer 123,East,Furniture,Chair,2.0,241.38,0.0,482.76,157.5,False,False,False,2024-04,6,0.3262
ORD-11128,2024-04-27,2024-05-02,First Class,CUST-0177,Customer 177,East,Office Supplies,Pens (Box),6.0,721.26,0.2,3462.05,37.32,False,False,False,2024-04,5,0.0108
ORD-11129,2024-12-13,2024-12-16,Standard Class,CUST-0141,Customer 141,West,Office Supplies,Stapler,2.0,16.55,0.0,33.1,15.51,False,False,False,2024-12,3,0.4686
ORD-11130,2025-10-04,2025-10-10,Standard Class,CUST-0080,Customer 80,East,Technology,Wireless Mouse,5.0,983.64,0.1,4426.38,1702.07,False,False,False,2025-10,6,0.3845
ORD-11131,2025-01-26,2025-01-28,First Class,CUST-0007,Customer 7,North,Technology,Wireless Mouse,8.0,446.46,0.0,3571.68,1174.36,False,False,False,2025-01,2,0.3288
ORD-11132,2025-03-16,2025-03-21,Standard Class,CUST-0141,Customer 141,South,Furniture,Desk,6.0,581.595,0.0,2294.4,587.3,False,False,True,2025-03,5,0.256
ORD-11133,2025-03-07,2025-03-14,First Class,CUST-0160,Customer 160,West,Furniture,Desk,8.0,581.12,0.0,4648.96,2261.97,False,False,False,2025-03,7,0.4866
ORD-11134,2024-06-04,2024-06-07,Standard Class,CUST-0005,Customer 5,South,Technology,Laptop,8.0,220.33,0.1,1586.38,336.09,False,False,False,2024-06,3,0.2119
ORD-11135,2024-01-30,2024-02-03,Second Class,CUST-0052,Customer 52,North,Office Supplies,Binder,4.0,555.72,0.0,2222.88,705.8,False,False,False,2024-01,4,0.3175
ORD-11136,2025-10-25,2025-10-27,Same Day,CUST-0121,Customer 121,South,Technology,Monitor,5.0,605.96,0.2,2423.84,325.57,False,False,False,2025-10,2,0.1343
ORD-11137,2024-04-02,2024-04-03,Standard Class,CUST-0144,Customer 144,South,Furniture,Chair,9.0,320.86,0.0,2887.74,1281.42,False,False,False,2024-04,1,0.4437
ORD-11138,2025-07-10,2025-07-17,Second Class,CUST-0195,Customer 195,West,Technology,Wireless Mouse,3.0,134.21,0.15,342.24,36.11,False,False,False,2025-07,7,0.1055
ORD-11139,2025-02-21,2025-02-23,Second Class,CUST-0177,Customer 177,East,Technology,Printer,8.0,33.74,0.0,269.92,65.77,False,False,False,2025-02,2,0.2437
ORD-11140,2025-06-20,2025-06-21,First Class,CUST-0140,Customer 140,South,Office Supplies,Stapler,7.0,1157.52,0.15,6887.24,1073.34,False,False,False,2025-06,1,0.1558
ORD-11141,2025-07-22,2025-07-26,Standard Class,CUST-0155,Customer 155,South,Technology,Printer,6.0,75.94,0.1,410.08,68.02,False,False,False,2025-07,4,0.1659
ORD-11142,2024-09-21,2024-09-22,Second Class,CUST-0158,Customer 158,East,Technology,Printer,11.0,28.53,0.0,313.83,118.27,False,False,False,2024-09,1,0.3769
ORD-11143,2025-06-06,2025-06-09,Same Day,CUST-0037,Customer 37,West,Furniture,Desk,3.0,280.1,0.1,756.27,109.28,False,False,False,2025-06,3,0.1445
ORD-11144,2024-03-04,2024-03-10,Same Day,CUST-0178,Customer 178,North,Office Supplies,Paper,9.0,472.58,0.0,4253.22,1629.95,False,False,False,2024-03,6,0.3832
ORD-11145,2025-04-19,2025-04-22,Standard Class,CUST-0102,Customer 102,North,Technology,Monitor,10.0,159.47,0.0,1594.7,269.04,False,False,False,2025-04,3,0.1687
ORD-11146,2025-02-06,2025-02-08,Standard Class,CUST-0099,Customer 99,East,Furniture,Table Lamp,6.0,369.89,0.0,2219.34,1067.23,False,False,False,2025-02,2,0.4809
ORD-11147,2025-04-08,2025-04-13,Same Day,CUST-0146,Customer 146,West,Furniture,Desk,10.0,807.18,0.0,8071.8,3411.09,False,False,False,2025-04,5,0.4226
ORD-11148,2024-08-22,2024-08-23,Second Class,CUST-0180,Customer 180,East,Furniture,Desk,7.0,1025.82,0.15,6103.63,216.05,False,False,False,2024-08,1,0.0354
ORD-11149,2025-04-27,2025-05-02,Standard Class,CUST-0175,Customer 175,East,Furniture,Chair,5.0,358.44,0.15,1523.37,604.29,False,False,False,2025-04,5,0.3967
ORD-11150,2025-04-19,2025-04-20,Standard Class,CUST-0089,Customer 89,South,Technology,Wireless Mouse,6.0,643.55,0.0,2280.32,646.9449999999999,False,False,True,2025-04,1,0.2837
ORD-11151,2024-04-13,2024-04-15,First Class,CUST-0066,Customer 66,South,Office Supplies,Stapler,10.0,38.52,0.0,385.2,143.13,False,False,False,2024-04,2,0.3716
ORD-11152,2025-07-31,2025-08-05,Same Day,CUST-0062,Customer 62,East,Technology,Laptop,10.0,667.58,0.0,6675.8,2997.42,False,False,False,2025-07,5,0.449
ORD-11153,2024-01-16,2024-01-22,Standard Class,CUST-0029,Customer 29,East,Technology,Monitor,5.0,448.5,0.2,1794.0,28.22,False,False,False,2024-01,6,0.0157
ORD-11154,2024-08-06,2024-08-07,Same Day,CUST-0162,Customer 162,East,Office Supplies,Pens (Box),8.0,845.93,0.0,6767.44,1962.56,False,False,False,2024-08,1,0.29
ORD-11155,2025-05-18,2025-05-24,Standard Class,CUST-0091,Customer 91,South,Office Supplies,Paper,6.0,690.77,0.15,3522.93,20.84,False,False,False,2025-05,6,0.0059
ORD-11156,2025-10-16,2025-10-19,Second Class,CUST-0078,Customer 78,North,Technology,Monitor,9.0,923.18,0.1,7477.76,1381.12,False,False,False,2025-10,3,0.1847
ORD-11157,2025-11-23,2025-11-29,First Class,CUST-0088,Customer 88,South,Technology,Wireless Mouse,9.0,356.07,0.1,2884.17,467.32,False,False,False,2025-11,6,0.162
ORD-11158,2024-03-18,2024-03-20,Same Day,CUST-0044,Customer 44,South,Furniture,Bookcase,6.0,169.98,0.0,1019.88,490.23,False,False,False,2024-03,2,0.4807
ORD-11159,2025-11-16,2025-11-23,First Class,CUST-0134,Customer 134,East,Office Supplies,Pens (Box),1.0,1006.78,0.0,1006.78,256.04,False,False,False,2025-11,7,0.2543
ORD-11160,2024-01-02,2024-01-06,Second Class,CUST-0058,Customer 58,North,Technology,Laptop,8.0,598.82,0.2,3832.45,477.06,False,False,False,2024-01,4,0.1245
ORD-11161,2024-03-02,2024-03-04,Second Class,CUST-0058,Customer 58,North,Furniture,Bookcase,11.0,395.95,0.1,3919.9,683.87,False,False,False,2024-03,2,0.1745
ORD-11162,2024-08-19,2024-08-22,First Class,CUST-0132,Customer 132,East,Technology,Monitor,11.0,841.81,0.15,7870.92,2520.03,False,False,False,2024-08,3,0.3202
ORD-11163,2024-05-04,2024-05-05,Second Class,CUST-0037,Customer 37,West,Furniture,Desk,3.0,915.31,0.1,2471.34,352.19,False,False,False,2024-05,1,0.1425
ORD-11164,2025-12-24,2025-12-29,Second Class,CUST-0162,Customer 162,East,Office Supplies,Binder,2.0,786.61,0.2,1258.58,391.94,False,False,False,2025-12,5,0.3114
ORD-11165,2024-07-04,2024-07-06,Same Day,CUST-0128,Customer 128,West,Office Supplies,Binder,5.0,760.85,0.0,3804.25,581.38,False,False,False,2024-07,2,0.1528
ORD-11166,2024-12-07,2024-12-09,Same Day,CUST-0008,Customer 8,East,Technology,Monitor,4.0,636.68,0.0,2546.72,414.4,False,False,False,2024-12,2,0.1627
ORD-11167,2025-08-01,2025-08-02,First Class,CUST-0046,Customer 46,West,Office Supplies,Binder,11.0,805.41,0.0,8859.51,1791.78,False,False,False,2025-08,1,0.2022
ORD-11168,2025-05-06,2025-05-07,Second Class,CUST-0182,Customer 182,North,Office Supplies,Binder,4.0,451.99,0.0,1807.96,883.91,False,False,False,2025-05,1,0.4889
ORD-11169,2025-05-04,2025-05-10,Standard Class,CUST-0182,Customer 182,North,Technology,Wireless Mouse,3.0,300.55,0.0,901.65,350.54,False,False,False,2025-05,6,0.3888
ORD-11170,2024-04-26,2024-04-27,Second Class,CUST-0118,Customer 118,North,Furniture,Bookcase,11.0,636.25,0.0,6998.75,1926.03,False,False,False,2024-04,1,0.2752
ORD-11171,2024-01-06,2024-01-10,Second Class,CUST-0136,Customer 136,South,Technology,Laptop,2.0,558.3,0.0,1116.6,297.97,False,False,False,2024-01,4,0.2669
ORD-11172,2024-06-21,2024-06-23,Same Day,CUST-0152,Customer 152,South,Office Supplies,Binder,3.0,332.06,0.0,996.18,309.84,False,False,False,2024-06,2,0.311
ORD-11173,2025-02-16,2025-02-19,Same Day,CUST-0154,Customer 154,South,Office Supplies,Binder,5.0,239.36,0.15,1017.28,395.1,False,False,False,2025-02,3,0.3884
ORD-11174,2024-03-27,2024-04-02,First Class,CUST-0012,Customer 12,West,Office Supplies,Binder,10.0,322.81,0.0,3228.1,1442.27,False,False,False,2024-03,6,0.4468
ORD-11175,2025-02-07,2025-02-13,Standard Class,CUST-0037,Customer 37,West,Technology,Laptop,4.0,292.91,0.15,995.89,247.4,False,False,False,2025-02,6,0.2484
ORD-11176,2024-11-17,2024-11-22,Same Day,CUST-0099,Customer 99,East,Furniture,Chair,1.0,611.69,0.0,611.69,131.09,False,False,False,2024-11,5,0.2143
ORD-11177,2025-02-19,2025-02-25,Second Class,CUST-0087,Customer 87,North,Office Supplies,Stapler,7.0,652.03,0.0,4564.21,1822.3,False,False,False,2025-02,6,0.3993
ORD-11178,2025-10-21,2025-10-26,Standard Class,CUST-0078,Customer 78,North,Office Supplies,Binder,3.0,1019.24,0.0,3057.72,556.05,False,False,False,2025-10,5,0.1819
ORD-11179,2025-06-30,2025-07-02,First Class,CUST-0161,Customer 161,West,Furniture,Desk,4.0,680.7,0.0,2722.8,463.63,False,False,False,2025-06,2,0.1703
ORD-11180,2024-01-03,2024-01-10,First Class,CUST-0116,Customer 116,East,Technology,Printer,4.0,874.43,0.0,3497.72,551.9,False,False,False,2024-01,7,0.1578
ORD-11181,2025-10-03,2025-10-06,Second Class,CUST-0026,Customer 26,East,Furniture,Chair,2.0,110.36,0.3,154.5,-8.7,False,False,False,2025-10,3,-0.0563
ORD-11182,2024-05-27,2024-05-30,First Class,CUST-0049,Customer 49,East,Technology,Wireless Mouse,8.0,849.48,0.1,6116.26,2017.49,False,False,False,2024-05,3,0.3299
ORD-11183,2025-05-12,2025-05-16,Same Day,CUST-0059,Customer 59,East,Furniture,Desk,5.0,1158.34,0.1,5212.53,600.51,False,False,False,2025-05,4,0.1152
ORD-11184,2024-12-31,2025-01-02,First Class,CUST-0015,Customer 15,East,Technology,Printer,1.0,216.33,0.0,216.33,60.1,False,False,False,2024-12,2,0.2778
ORD-11185,2025-04-13,2025-04-19,Same Day,CUST-0127,Customer 127,North,Furniture,Table Lamp,10.0,458.56,0.0,4585.6,1979.64,False,False,False,2025-04,6,0.4317
ORD-11186,2024-06-11,2024-06-14,Same Day,CUST-0153,Customer 153,West,Office Supplies,Binder,2.0,824.88,0.1,1484.78,463.91,False,False,False,2024-06,3,0.3124
ORD-11187,2025-08-12,2025-08-16,First Class,CUST-0039,Customer 39,South,Furniture,Table Lamp,2.0,708.6,0.1,1275.48,442.54,False,False,False,2025-08,4,0.347
ORD-11188,2025-04-26,2025-05-01,First Class,CUST-0137,Customer 137,East,Furniture,Bookcase,4.0,1167.51,0.0,4670.04,1275.5,False,False,False,2025-04,5,0.2731
ORD-11189,2024-11-17,2024-11-19,Second Class,CUST-0157,Customer 157,North,Furniture,Desk,3.0,1185.51,0.0,3556.53,794.54,False,False,False,2024-11,2,0.2234
ORD-11190,2025-12-07,2025-12-10,First Class,CUST-0159,Customer 159,East,Technology,Laptop,2.0,824.76,0.0,1649.52,424.57,False,False,False,2025-12,3,0.2574
ORD-11191,2025-11-05,2025-11-12,Second Class,CUST-0085,Customer 85,East,Technology,Monitor,3.0,863.92,0.1,2332.58,739.89,False,False,False,2025-11,7,0.3172
ORD-11192,2025-03-13,2025-03-20,Second Class,CUST-0123,Customer 123,East,Office Supplies,Paper,6.0,132.95,0.0,797.7,257.25,False,False,False,2025-03,7,0.3225
ORD-11193,2025-10-26,2025-10-30,Standard Class,CUST-0142,Customer 142,North,Furniture,Chair,8.0,658.66,0.15,4478.89,772.3,False,False,False,2025-10,4,0.1724
ORD-11194,2024-05-23,2024-05-29,First Class,CUST-0087,Customer 87,North,Office Supplies,Pens (Box),4.0,294.46,0.15,1001.16,106.69,False,False,False,2024-05,6,0.1066
ORD-11195,2024-08-14,2024-08-15,Same Day,CUST-0136,Customer 136,South,Furniture,Bookcase,2.0,602.45,0.1,1084.41,286.24,False,False,False,2024-08,1,0.264
ORD-11196,2025-05-21,2025-05-27,Standard Class,CUST-0082,Customer 82,South,Office Supplies,Stapler,8.0,44.95,0.0,359.6,146.91,False,False,False,2025-05,6,0.4085
ORD-11197,2025-01-23,2025-01-30,Standard Class,CUST-0198,Customer 198,North,Technology,Wireless Mouse,2.0,779.62,0.1,1403.32,94.06,False,False,False,2025-01,7,0.067
ORD-11198,2024-08-28,2024-09-03,Second Class,CUST-0051,Customer 51,West,Technology,Laptop,2.0,851.63,0.0,1703.26,637.19,False,False,False,2024-08,6,0.3741
ORD-11199,2024-11-05,2024-11-06,First Class,CUST-0159,Customer 159,East,Furniture,Desk,8.0,792.62,0.0,6340.96,1149.17,False,False,False,2024-11,1,0.1812
ORD-11200,2025-04-23,2025-04-30,Second Class,CUST-0065,Customer 65,South,Office Supplies,Binder,9.0,702.97,0.0,6326.73,1041.07,False,False,False,2025-04,7,0.1646
ORD-11201,2024-09-15,2024-09-17,Second Class,CUST-0148,Customer 148,North,Technology,Printer,7.0,1134.47,0.1,7147.16,522.77,False,False,False,2024-09,2,0.0731
ORD-11202,2025-01-06,2025-01-11,Second Class,CUST-0004,Customer 4,South,Office Supplies,Pens (Box),1.0,437.8,0.3,306.46,65.96,False,False,False,2025-01,5,0.2152
ORD-11203,2025-08-19,2025-08-26,Second Class,CUST-0190,Customer 190,South,Office Supplies,Pens (Box),10.0,1176.56,0.15,10000.76,3908.12,False,False,False,2025-08,7,0.3908
ORD-11204,2024-10-14,2024-10-15,Standard Class,CUST-0006,Customer 6,West,Technology,Printer,8.0,977.33,0.0,7818.64,1595.47,False,False,False,2024-10,1,0.2041
ORD-11205,2024-02-23,2024-02-27,Same Day,CUST-0102,Customer 102,North,Furniture,Bookcase,5.0,10.68,0.1,48.06,15.83,False,False,False,2024-02,4,0.3294
ORD-11206,2025-03-30,2025-03-31,Standard Class,CUST-0009,Customer 9,North,Office Supplies,Paper,3.0,370.27,0.0,1110.81,466.43,False,False,False,2025-03,1,0.4199
ORD-11207,2025-01-05,2025-01-10,Standard Class,CUST-0007,Customer 7,North,Technology,Wireless Mouse,2.0,438.43,0.1,789.17,193.09,False,False,False,2025-01,5,0.2447
ORD-11208,2024-10-29,2024-11-03,First Class,CUST-0013,Customer 13,East,Office Supplies,Pens (Box),1.0,347.92,0.2,278.34,24.58,False,False,False,2024-10,5,0.0883
ORD-11209,2024-11-06,2024-11-08,Second Class,CUST-0177,Customer 177,East,Office Supplies,Paper,1.0,1006.03,0.1,905.43,275.66,False,False,False,2024-11,2,0.3045
ORD-11210,2024-04-13,2024-04-17,Standard Class,CUST-0107,Customer 107,West,Furniture,Table Lamp,8.0,315.03,0.1,2268.22,381.69,False,False,False,2024-04,4,0.1683
ORD-11211,2024-10-07,2024-10-12,Standard Class,CUST-0038,Customer 38,South,Office Supplies,Stapler,6.0,598.415,0.0,6113.46,658.67,False,False,True,2024-10,5,0.1077
ORD-11212,2024-01-11,2024-01-15,Same Day,CUST-0064,Customer 64,West,Technology,Printer,8.0,937.02,0.15,6371.74,422.72,False,False,False,2024-01,4,0.0663
ORD-11213,2024-10-18,2024-10-25,First Class,CUST-0016,Customer 16,West,Office Supplies,Binder,5.0,481.03,0.15,2044.38,61.51,False,False,False,2024-10,7,0.0301
ORD-11214,2025-11-20,2025-11-22,First Class,CUST-0196,Customer 196,North,Office Supplies,Paper,9.0,1136.83,0.1,9208.32,1022.65,False,False,False,2025-11,2,0.1111
ORD-11215,2024-09-07,2024-09-08,Second Class,CUST-0001,Customer 1,North,Office Supplies,Binder,2.0,1037.44,0.0,2074.88,791.18,False,False,False,2024-09,1,0.3813
ORD-11216,2025-11-26,2025-11-29,Standard Class,CUST-0136,Customer 136,South,Furniture,Chair,8.0,673.39,0.15,4579.05,1361.21,False,False,False,2025-11,3,0.2973
ORD-11217,2024-04-18,2024-04-23,Second Class,CUST-0091,Customer 91,South,Office Supplies,Paper,8.0,656.86,0.15,4466.65,294.12,False,False,False,2024-04,5,0.0658
ORD-11218,2025-05-09,2025-05-13,Same Day,CUST-0191,Customer 191,East,Technology,Printer,1.0,436.9,0.0,436.9,181.61,False,False,False,2025-05,4,0.4157
ORD-11219,2024-07-21,2024-07-28,Standard Class,CUST-0160,Customer 160,West,Office Supplies,Binder,4.0,752.57,0.0,3010.28,1227.38,False,False,False,2024-07,7,0.4077
ORD-11220,2024-12-21,2024-12-28,First Class,CUST-0026,Customer 26,East,Technology,Laptop,9.0,467.48,0.1,3786.59,266.15,False,False,False,2024-12,7,0.0703
ORD-11221,2025-05-28,2025-06-04,Same Day,CUST-0071,Customer 71,West,Technology,Printer,5.0,679.73,0.0,3398.65,1698.03,False,False,False,2025-05,7,0.4996
ORD-11222,2024-03-01,2024-03-06,Same Day,CUST-0062,Customer 62,East,Furniture,Desk,11.0,1005.35,0.0,11058.85,3940.08,True,False,False,2024-03,5,0.3563
ORD-11223,2024-08-04,2024-08-08,Second Class,CUST-0081,Customer 81,West,Technology,Monitor,11.0,255.13,0.1,2525.79,161.94,False,False,False,2024-08,4,0.0641
ORD-11224,2025-07-02,2025-07-03,First Class,CUST-0077,Customer 77,South,Office Supplies,Binder,5.0,1091.1,0.1,4909.95,395.11,False,False,False,2025-07,1,0.0805
ORD-11225,2024-04-24,2024-04-26,Standard Class,CUST-0077,Customer 77,South,Technology,Monitor,4.0,853.0,0.15,2900.2,422.37,False,False,False,2024-04,2,0.1456
ORD-11226,2025-11-16,2025-11-22,Standard Class,CUST-0027,Customer 27,South,Technology,Wireless Mouse,5.0,192.13,0.0,960.65,341.48,False,False,False,2025-11,6,0.3555
ORD-11227,2025-08-05,2025-08-12,Standard Class,CUST-0200,Customer 200,West,Office Supplies,Paper,5.0,642.66,0.0,3213.3,1101.54,False,False,False,2025-08,7,0.3428
ORD-11228,2024-06-26,2024-07-01,First Class,CUST-0170,Customer 170,North,Office Supplies,Paper,9.0,1174.25,0.3,7397.77,1335.05,False,False,False,2024-06,5,0.1805
ORD-11229,2024-06-03,2024-06-05,First Class,CUST-0142,Customer 142,North,Furniture,Bookcase,7.0,155.48,0.15,925.11,23.02,False,False,False,2024-06,2,0.0249
ORD-11230,2024-09-04,2024-09-08,Standard Class,CUST-0144,Customer 144,South,Furniture,Chair,2.0,82.79,0.0,165.58,25.4,False,False,False,2024-09,4,0.1534
ORD-11231,2025-07-29,2025-07-31,First Class,CUST-0143,Customer 143,South,Office Supplies,Binder,1.0,637.15,0.0,637.15,110.84,False,False,False,2025-07,2,0.174
ORD-11232,2025-06-13,2025-06-20,Same Day,CUST-0167,Customer 167,South,Technology,Printer,1.0,840.52,0.0,840.52,343.78,False,False,False,2025-06,7,0.409
ORD-11233,2024-05-01,2024-05-07,Same Day,CUST-0122,Customer 122,East,Technology,Monitor,7.0,358.62,0.0,2510.34,423.51,False,False,False,2024-05,6,0.1687
ORD-11234,2025-03-01,2025-03-04,Second Class,CUST-0166,Customer 166,West,Office Supplies,Pens (Box),3.0,403.37,0.0,1210.11,297.82,False,False,False,2025-03,3,0.2461
ORD-11235,2024-10-28,2024-10-31,Same Day,CUST-0080,Customer 80,East,Technology,Wireless Mouse,8.0,238.47,0.2,1526.21,334.51,False,False,False,2024-10,3,0.2192
ORD-11236,2024-11-17,2024-11-19,Same Day,CUST-0200,Customer 200,West,Furniture,Bookcase,11.0,781.44,0.2,6876.67,171.06,False,False,False,2024-11,2,0.0249
ORD-11237,2024-08-17,2024-08-20,Standard Class,CUST-0078,Customer 78,North,Furniture,Chair,5.0,666.81,0.0,3334.05,768.74,False,False,False,2024-08,3,0.2306
ORD-11238,2024-07-25,2024-08-01,Second Class,CUST-0040,Customer 40,East,Furniture,Desk,4.0,408.93,0.0,1635.72,483.77,False,False,False,2024-07,7,0.2958
ORD-11239,2025-05-15,2025-05-20,First Class,CUST-0157,Customer 157,North,Furniture,Chair,10.0,115.8,0.0,1158.0,368.02,False,False,False,2025-05,5,0.3178
ORD-11240,2025-12-11,2025-12-13,Second Class,CUST-0145,Customer 145,West,Furniture,Bookcase,4.0,1046.27,0.0,4185.08,1739.26,False,False,False,2025-12,2,0.4156
ORD-11241,2024-10-22,2024-10-27,Same Day,CUST-0059,Customer 59,East,Technology,Printer,7.0,282.85,0.0,1979.95,725.68,False,False,False,2024-10,5,0.3665
ORD-11242,2024-05-27,2024-05-29,First Class,CUST-0187,Customer 187,North,Technology,Wireless Mouse,10.0,474.47,0.3,3321.29,-196.92,False,False,False,2024-05,2,-0.0593
ORD-11243,2025-06-30,2025-07-04,Second Class,CUST-0059,Customer 59,East,Technology,Laptop,1.0,1072.58,0.0,1072.58,321.68,False,False,False,2025-06,4,0.2999
ORD-11244,2025-07-05,2025-07-06,Same Day,CUST-0039,Customer 39,South,Office Supplies,Binder,11.0,613.93,0.0,6753.23,2433.3,False,False,False,2025-07,1,0.3603
ORD-11245,2025-12-18,2025-12-24,Standard Class,CUST-0063,Customer 63,South,Technology,Printer,5.0,750.63,0.15,3190.18,435.51,False,False,False,2025-12,6,0.1365
ORD-11246,2025-10-21,2025-10-25,Second Class,CUST-0109,Customer 109,South,Technology,Wireless Mouse,10.0,625.38,0.0,6253.8,2661.09,False,False,False,2025-10,4,0.4255
ORD-11247,2025-10-23,2025-10-26,Same Day,CUST-0155,Customer 155,South,Furniture,Desk,1.0,1177.18,0.0,1177.18,344.22,False,False,False,2025-10,3,0.2924
ORD-11248,2024-09-01,2024-09-02,Same Day,CUST-0184,Customer 184,East,Office Supplies,Binder,8.0,766.69,0.3,4293.46,306.54,False,False,False,2024-09,1,0.0714
ORD-11249,2024-04-29,2024-05-04,Standard Class,CUST-0170,Customer 170,North,Office Supplies,Pens (Box),7.0,288.34,0.0,2018.38,407.36,False,False,False,2024-04,5,0.2018
ORD-11250,2024-08-14,2024-08-16,Second Class,CUST-0192,Customer 192,East,Office Supplies,Pens (Box),11.0,941.42,0.0,10355.62,1840.11,False,False,False,2024-08,2,0.1777
ORD-11251,2024-04-19,2024-04-21,First Class,CUST-0076,Customer 76,South,Furniture,Table Lamp,8.0,199.6,0.2,1277.44,112.66,False,False,False,2024-04,2,0.0882
ORD-11252,2025-03-19,2025-03-22,First Class,CUST-0178,Customer 178,North,Technology,Wireless Mouse,4.0,1073.01,0.0,4292.04,755.88,False,False,False,2025-03,3,0.1761
ORD-11253,2024-07-27,2024-07-30,Standard Class,CUST-0160,Customer 160,West,Office Supplies,Pens (Box),5.0,75.67,0.3,264.85,-56.03,False,False,False,2024-07,3,-0.2116
ORD-11254,2024-04-22,2024-04-26,Second Class,CUST-0167,Customer 167,South,Technology,Laptop,6.0,92.37,0.0,554.22,266.96,False,False,False,2024-04,4,0.4817
ORD-11255,2025-01-26,2025-02-01,First Class,CUST-0012,Customer 12,West,Furniture,Table Lamp,9.0,1000.87,0.1,8107.05,2971.03,False,False,False,2025-01,6,0.3665
ORD-11256,2025-02-18,2025-02-21,Same Day,CUST-0003,Customer 3,East,Technology,Wireless Mouse,1.0,443.22,0.0,443.22,93.24,False,False,False,2025-02,3,0.2104
ORD-11257,2025-08-21,2025-08-24,Same Day,CUST-0196,Customer 196,North,Technology,Printer,11.0,1121.26,0.0,12333.86,3010.4,True,False,False,2025-08,3,0.2441
ORD-11258,2025-12-12,2025-12-18,Second Class,CUST-0046,Customer 46,West,Technology,Laptop,4.0,872.73,0.0,3490.92,1291.59,False,False,False,2025-12,6,0.37
ORD-11259,2024-11-15,2024-11-18,Standard Class,CUST-0136,Customer 136,South,Office Supplies,Pens (Box),11.0,389.12,0.0,4280.32,1251.47,False,False,False,2024-11,3,0.2924
ORD-11260,2024-05-02,2024-05-08,Standard Class,CUST-0176,Customer 176,South,Technology,Laptop,7.0,484.32,0.2,2712.19,602.53,False,False,False,2024-05,6,0.2222
ORD-11261,2025-08-01,2025-08-04,Same Day,CUST-0008,Customer 8,East,Office Supplies,Pens (Box),11.0,553.65,0.0,6090.15,1578.25,False,False,False,2025-08,3,0.2591
ORD-11262,2024-01-02,2024-01-09,Standard Class,CUST-0047,Customer 47,South,Furniture,Desk,11.0,416.67,0.1,4125.03,1202.72,False,False,False,2024-01,7,0.2916
ORD-11263,2025-04-09,2025-04-12,Standard Class,CUST-0193,Customer 193,East,Technology,Wireless Mouse,9.0,147.72,0.1,1196.53,221.26,False,False,False,2025-04,3,0.1849
ORD-11264,2024-08-18,2024-08-22,First Class,CUST-0115,Customer 115,East,Office Supplies,Pens (Box),4.0,42.15,0.0,168.6,72.22,False,False,False,2024-08,4,0.4284
ORD-11265,2024-01-22,2024-01-26,Standard Class,CUST-0163,Customer 163,South,Office Supplies,Paper,6.0,598.415,0.0,3704.7,658.67,False,False,False,2024-01,4,0.1778
ORD-11266,2025-09-24,2025-09-29,Same Day,CUST-0097,Customer 97,North,Office Supplies,Pens (Box),6.0,260.95,0.1,1409.13,315.01,False,False,False,2025-09,5,0.2235
ORD-11267,2024-05-05,2024-05-07,Second Class,CUST-0021,Customer 21,East,Technology,Monitor,3.0,769.61,0.0,2308.83,682.01,False,False,False,2024-05,2,0.2954
ORD-11268,2024-03-20,2024-03-22,First Class,CUST-0149,Customer 149,West,Furniture,Table Lamp,5.0,483.32,0.1,2174.94,828.18,False,False,False,2024-03,2,0.3808
ORD-11269,2025-06-26,2025-06-27,Standard Class,CUST-0164,Customer 164,South,Office Supplies,Pens (Box),4.0,999.22,0.0,3996.88,1121.33,False,False,False,2025-06,1,0.2806
ORD-11270,2025-10-21,2025-10-25,First Class,CUST-0015,Customer 15,East,Furniture,Chair,8.0,1059.76,0.15,7206.37,2375.02,False,False,False,2025-10,4,0.3296
ORD-11271,2025-08-09,2025-08-11,First Class,CUST-0001,Customer 1,North,Office Supplies,Paper,8.0,143.05,0.15,972.74,336.18,False,False,False,2025-08,2,0.3456
ORD-11272,2024-09-29,2024-10-02,Same Day,CUST-0175,Customer 175,East,Technology,Monitor,5.0,666.62,0.3,2333.17,527.06,False,False,False,2024-09,3,0.2259
ORD-11273,2025-10-09,2025-10-12,Second Class,CUST-0141,Customer 141,West,Technology,Monitor,2.0,509.21,0.0,1018.42,435.8,False,False,False,2025-10,3,0.4279
ORD-11274,2025-06-11,2025-06-16,Second Class,CUST-0197,Customer 197,South,Technology,Printer,3.0,1004.5,0.0,3013.5,1060.64,False,False,False,2025-06,5,0.352
ORD-11275,2024-04-07,2024-04-14,Second Class,CUST-0166,Customer 166,West,Technology,Monitor,2.0,378.6,0.0,757.2,276.34,False,False,False,2024-04,7,0.3649
ORD-11276,2025-02-17,2025-02-18,First Class,CUST-0077,Customer 77,South,Technology,Monitor,7.0,804.55,0.0,5631.85,1933.42,False,False,False,2025-02,1,0.3433
ORD-11277,2025-10-07,2025-10-13,Second Class,CUST-0071,Customer 71,West,Furniture,Chair,6.0,659.06,0.1,3558.92,221.73,False,False,False,2025-10,6,0.0623
ORD-11278,2025-03-05,2025-03-08,Standard Class,CUST-0183,Customer 183,South,Technology,Laptop,8.0,1001.99,0.2,6412.74,89.31,False,False,False,2025-03,3,0.0139
ORD-11279,2024-09-18,2024-09-23,First Class,CUST-0024,Customer 24,West,Office Supplies,Pens (Box),10.0,818.82,0.1,7369.38,1841.88,False,False,False,2024-09,5,0.2499
ORD-11280,2025-08-27,2025-08-28,Standard Class,CUST-0173,Customer 173,West,Furniture,Chair,4.0,1132.06,0.15,3849.0,1055.67,False,False,False,2025-08,1,0.2743
ORD-11281,2024-08-13,2024-08-17,First Class,CUST-0097,Customer 97,North,Furniture,Chair,10.0,788.7,0.3,5520.9,631.45,False,False,False,2024-08,4,0.1144
ORD-11282,2025-12-04,2025-12-08,Same Day,CUST-0192,Customer 192,East,Technology,Laptop,7.0,712.92,0.0,4990.44,2451.29,False,False,False,2025-12,4,0.4912
ORD-11283,2024-10-25,2024-11-01,Standard Class,CUST-0176,Customer 176,South,Technology,Wireless Mouse,6.0,643.55,0.0,8477.1,646.9449999999999,False,False,True,2024-10,7,0.0763
ORD-11284,2024-08-12,2024-08-18,Standard Class,CUST-0140,Customer 140,South,Office Supplies,Pens (Box),8.0,389.18,0.0,3113.44,615.52,False,False,False,2024-08,6,0.1977
ORD-11285,2025-03-09,2025-03-10,Same Day,CUST-0183,Customer 183,South,Technology,Printer,8.0,136.95,0.1,986.04,77.06,False,False,False,2025-03,1,0.0782
ORD-11286,2024-05-24,2024-05-28,First Class,CUST-0161,Customer 161,West,Furniture,Table Lamp,6.0,99.33,0.3,417.19,-66.99,False,False,False,2024-05,4,-0.1606
ORD-11287,2024-06-12,2024-06-17,First Class,CUST-0067,Customer 67,West,Technology,Laptop,11.0,788.35,0.1,7804.67,908.03,False,False,False,2024-06,5,0.1163
ORD-11288,2025-01-02,2025-01-04,Same Day,CUST-0073,Customer 73,South,Furniture,Desk,1.0,629.36,0.0,629.36,215.97,False,False,False,2025-01,2,0.3432
ORD-11289,2024-11-29,2024-12-03,Standard Class,CUST-0170,Customer 170,North,Technology,Wireless Mouse,1.0,343.21,0.0,343.21,76.28,False,False,False,2024-11,4,0.2223
ORD-11290,2024-01-15,2024-01-18,Same Day,CUST-0147,Customer 147,North,Office Supplies,Pens (Box),2.0,213.23,0.15,362.49,67.07,False,False,False,2024-01,3,0.185
ORD-11291,2024-09-05,2024-09-07,First Class,CUST-0165,Customer 165,South,Office Supplies,Stapler,11.0,80.79,0.1,799.82,135.02,False,False,False,2024-09,2,0.1688
ORD-11292,2025-10-09,2025-10-11,Same Day,CUST-0004,Customer 4,South,Office Supplies,Binder,1.0,728.11,0.0,728.11,323.4,False,False,False,2025-10,2,0.4442
ORD-11293,2025-10-05,2025-10-10,Second Class,CUST-0045,Customer 45,North,Technology,Monitor,1.0,26.85,0.1,24.17,9.22,False,False,False,2025-10,5,0.3815
ORD-11294,2025-02-19,2025-02-22,Second Class,CUST-0167,Customer 167,South,Technology,Monitor,4.0,292.11,0.2,934.75,-1.24,False,False,False,2025-02,3,-0.0013
ORD-11295,2025-03-29,2025-04-05,Standard Class,CUST-0186,Customer 186,South,Technology,Wireless Mouse,6.0,1152.23,0.0,6913.38,2096.28,False,False,False,2025-03,7,0.3032
ORD-11296,2024-03-18,2024-03-22,Second Class,CUST-0200,Customer 200,West,Office Supplies,Stapler,1.0,742.91,0.0,742.91,119.85,False,False,False,2024-03,4,0.1613
ORD-11297,2025-06-16,2025-06-18,First Class,CUST-0004,Customer 4,South,Furniture,Chair,10.0,985.94,0.1,8873.46,1359.77,False,False,False,2025-06,2,0.1532
ORD-11298,2024-05-23,2024-05-29,Standard Class,CUST-0022,Customer 22,South,Technology,Laptop,11.0,1119.07,0.1,11078.79,3930.07,True,False,False,2024-05,6,0.3547
ORD-11299,2024-07-28,2024-07-31,Same Day,CUST-0030,Customer 30,South,Office Supplies,Stapler,2.0,312.2,0.0,624.4,310.57,False,False,False,2024-07,3,0.4974
ORD-11300,2025-01-03,2025-01-09,First Class,CUST-0138,Customer 138,North,Office Supplies,Binder,6.0,896.39,0.0,5378.34,1289.42,False,False,False,2025-01,6,0.2397
ORD-11301,2025-08-08,2025-08-10,Second Class,CUST-0162,Customer 162,East,Technology,Monitor,8.0,960.0,0.1,6912.0,943.71,False,False,False,2025-08,2,0.1365
ORD-11302,2024-08-06,2024-08-13,Same Day,CUST-0167,Customer 167,South,Office Supplies,Stapler,6.0,1050.12,0.0,6300.72,2612.65,False,False,False,2024-08,7,0.4147
ORD-11303,2025-08-27,2025-09-01,Standard Class,CUST-0112,Customer 112,West,Furniture,Bookcase,5.0,444.67,0.15,1889.85,423.92,False,False,False,2025-08,5,0.2243
ORD-11304,2025-11-19,2025-11-21,First Class,CUST-0129,Customer 129,East,Technology,Printer,8.0,964.0,0.0,7712.0,1289.57,False,False,False,2025-11,2,0.1672
ORD-11305,2024-03-20,2024-03-23,Second Class,CUST-0104,Customer 104,North,Furniture,Bookcase,3.0,747.97,0.0,2243.91,663.25,False,False,False,2024-03,3,0.2956
ORD-11306,2025-09-11,2025-09-16,Second Class,CUST-0195,Customer 195,West,Furniture,Chair,6.0,437.5,0.0,2625.0,910.16,False,False,False,2025-09,5,0.3467
ORD-11307,2024-06-10,2024-06-11,Second Class,CUST-0056,Customer 56,North,Technology,Laptop,6.0,57.01,0.15,290.75,65.07,False,False,False,2024-06,1,0.2238
ORD-11308,2025-04-19,2025-04-25,Standard Class,CUST-0067,Customer 67,West,Office Supplies,Stapler,10.0,515.16,0.0,5151.6,1608.75,False,False,False,2025-04,6,0.3123
ORD-11309,2024-01-26,2024-02-01,First Class,CUST-0126,Customer 126,East,Furniture,Desk,11.0,796.32,0.0,8759.52,3698.03,False,False,False,2024-01,6,0.4222
ORD-11310,2024-04-22,2024-04-27,Standard Class,CUST-0093,Customer 93,West,Office Supplies,Paper,3.0,876.47,0.0,2629.41,1250.46,False,False,False,2024-04,5,0.4756
ORD-11311,2024-03-03,2024-03-10,Standard Class,CUST-0086,Customer 86,East,Technology,Wireless Mouse,7.0,824.77,0.0,5773.39,1418.49,False,False,False,2024-03,7,0.2457
ORD-11312,2025-05-11,2025-05-16,Same Day,CUST-0062,Customer 62,East,Furniture,Chair,8.0,414.98,0.0,3319.84,1308.62,False,False,False,2025-05,5,0.3942
ORD-11313,2025-11-05,2025-11-10,Second Class,CUST-0004,Customer 4,South,Technology,Wireless Mouse,10.0,612.85,0.0,6128.5,3053.06,False,False,False,2025-11,5,0.4982
ORD-11314,2024-07-09,2024-07-10,Second Class,CUST-0052,Customer 52,North,Furniture,Desk,8.0,473.9,0.0,3791.2,1876.41,False,False,False,2024-07,1,0.4949
ORD-11315,2025-04-08,2025-04-13,Standard Class,CUST-0108,Customer 108,East,Office Supplies,Paper,1.0,386.68,0.0,386.68,141.99,False,False,False,2025-04,5,0.3672
ORD-11316,2025-04-15,2025-04-18,Standard Class,CUST-0136,Customer 136,South,Technology,Monitor,6.0,643.55,0.0,312.14,646.9449999999999,False,False,True,2025-04,3,2.0726
ORD-11317,2025-09-06,2025-09-09,Second Class,CUST-0112,Customer 112,West,Technology,Monitor,3.0,228.21,0.0,684.63,207.21,False,False,False,2025-09,3,0.3027
ORD-11318,2025-12-25,2025-12-28,Second Class,CUST-0156,Customer 156,East,Technology,Monitor,11.0,1108.79,0.0,12196.69,3295.63,True,False,False,2025-12,3,0.2702
ORD-11319,2025-03-18,2025-03-25,Second Class,CUST-0108,Customer 108,East,Office Supplies,Binder,7.0,1067.66,0.0,7473.62,2822.34,False,False,False,2025-03,7,0.3776
ORD-11320,2025-06-16,2025-06-21,First Class,CUST-0004,Customer 4,South,Technology,Laptop,6.0,934.04,0.1,5043.82,719.2,False,False,False,2025-06,5,0.1426
ORD-11321,2025-06-20,2025-06-21,Second Class,CUST-0013,Customer 13,East,Furniture,Desk,7.0,933.37,0.15,5553.55,1723.67,False,False,False,2025-06,1,0.3104
ORD-11322,2024-01-24,2024-01-26,Standard Class,CUST-0090,Customer 90,West,Office Supplies,Binder,2.0,991.13,0.0,1982.26,764.51,False,False,False,2024-01,2,0.3857
ORD-11323,2025-01-24,2025-01-26,Standard Class,CUST-0099,Customer 99,East,Furniture,Chair,9.0,590.2,0.0,5311.8,1989.39,False,False,False,2025-01,2,0.3745
ORD-11324,2025-02-05,2025-02-06,Second Class,CUST-0022,Customer 22,South,Technology,Monitor,3.0,255.96,0.0,767.88,255.49,False,False,False,2025-02,1,0.3327
ORD-11325,2024-12-08,2024-12-09,Second Class,CUST-0105,Customer 105,West,Furniture,Bookcase,1.0,47.37,0.0,47.37,11.77,False,False,False,2024-12,1,0.2485
ORD-11326,2024-01-03,2024-01-04,First Class,CUST-0067,Customer 67,West,Furniture,Bookcase,5.0,36.96,0.0,184.8,88.77,False,False,False,2024-01,1,0.4804
ORD-11327,2025-05-08,2025-05-12,Second Class,CUST-0126,Customer 126,East,Furniture,Desk,9.0,594.09,0.1,4812.13,733.87,False,False,False,2025-05,4,0.1525
ORD-11328,2024-09-19,2024-09-20,First Class,CUST-0079,Customer 79,East,Office Supplies,Pens (Box),8.0,155.41,0.0,1243.28,524.45,False,False,False,2024-09,1,0.4218
ORD-11329,2025-07-03,2025-07-06,Standard Class,CUST-0079,Customer 79,East,Technology,Printer,6.0,917.01,0.0,5502.06,1716.0,False,False,False,2025-07,3,0.3119
ORD-11330,2024-01-07,2024-01-14,First Class,CUST-0040,Customer 40,East,Office Supplies,Stapler,5.0,793.76,0.0,3968.8,978.05,False,False,False,2024-01,7,0.2464
ORD-11331,2025-01-14,2025-01-20,Second Class,CUST-0149,Customer 149,West,Technology,Printer,8.0,1028.63,0.1,7406.14,1720.84,False,False,False,2025-01,6,0.2324
ORD-11332,2025-08-28,2025-09-01,Standard Class,CUST-0066,Customer 66,South,Office Supplies,Pens (Box),3.0,169.07,0.0,507.21,205.68,False,False,False,2025-08,4,0.4055
ORD-11333,2024-04-21,2024-04-26,Same Day,CUST-0137,Customer 137,East,Technology,Laptop,3.0,716.67,0.0,2150.01,871.89,False,False,False,2024-04,5,0.4055
ORD-11334,2025-08-05,2025-08-12,Standard Class,CUST-0088,Customer 88,South,Office Supplies,Binder,2.0,1181.49,0.0,2362.98,1116.1,False,False,False,2025-08,7,0.4723
ORD-11335,2025-01-04,2025-01-08,Standard Class,CUST-0068,Customer 68,South,Office Supplies,Stapler,8.0,904.2,0.1,6510.24,2438.69,False,False,False,2025-01,4,0.3746
ORD-11336,2024-06-22,2024-06-23,Second Class,CUST-0136,Customer 136,South,Furniture,Table Lamp,1.0,717.17,0.0,717.17,118.05,False,False,False,2024-06,1,0.1646
ORD-11337,2025-09-21,2025-09-27,Same Day,CUST-0157,Customer 157,North,Office Supplies,Paper,3.0,741.18,0.1,2001.19,633.82,False,False,False,2025-09,6,0.3167
ORD-11338,2024-08-29,2024-09-02,Second Class,CUST-0020,Customer 20,South,Furniture,Table Lamp,2.0,894.49,0.0,1788.98,523.42,False,False,False,2024-08,4,0.2926
ORD-11339,2025-06-23,2025-06-24,Same Day,CUST-0131,Customer 131,East,Technology,Monitor,2.0,493.57,0.0,987.14,396.79,False,False,False,2025-06,1,0.402
ORD-11340,2025-02-05,2025-02-12,Same Day,CUST-0038,Customer 38,West,Technology,Wireless Mouse,3.0,33.25,0.1,89.78,8.15,False,False,False,2025-02,7,0.0908
ORD-11341,2024-09-14,2024-09-17,First Class,CUST-0022,Customer 22,South,Office Supplies,Binder,11.0,705.75,0.3,5434.27,-1025.5,False,False,False,2024-09,3,-0.1887
ORD-11342,2025-07-20,2025-07-26,First Class,CUST-0050,Customer 50,West,Technology,Wireless Mouse,3.0,1076.06,0.0,3228.18,1162.08,False,False,False,2025-07,6,0.36
ORD-11343,2025-01-02,2025-01-04,First Class,CUST-0009,Customer 9,North,Office Supplies,Pens (Box),10.0,1051.64,0.1,9464.76,684.49,False,False,False,2025-01,2,0.0723
ORD-11344,2025-02-09,2025-02-12,Standard Class,CUST-0179,Customer 179,West,Furniture,Chair,8.0,112.79,0.0,902.32,327.96,False,False,False,2025-02,3,0.3635
ORD-11345,2024-10-15,2024-10-16,Second Class,CUST-0104,Customer 104,North,Technology,Monitor,9.0,213.15,0.1,1726.52,647.13,False,False,False,2024-10,1,0.3748
ORD-11346,2025-07-22,2025-07-28,Same Day,CUST-0125,Customer 125,West,Office Supplies,Stapler,4.0,718.29,0.15,2442.19,410.82,False,False,False,2025-07,6,0.1682
ORD-11347,2024-10-11,2024-10-15,First Class,CUST-0092,Customer 92,West,Office Supplies,Binder,5.0,184.18,0.0,920.9,267.87,False,False,False,2024-10,4,0.2909
ORD-11348,2025-11-29,2025-12-05,Second Class,CUST-0160,Customer 160,West,Furniture,Table Lamp,1.0,307.59,0.0,307.59,130.76,False,False,False,2025-11,6,0.4251
ORD-11349,2025-09-05,2025-09-08,Second Class,CUST-0178,Customer 178,North,Office Supplies,Binder,7.0,85.73,0.0,600.11,281.08,False,False,False,2025-09,3,0.4684
ORD-11350,2025-02-05,2025-02-08,Standard Class,CUST-0052,Customer 52,North,Technology,Printer,9.0,1050.33,0.0,9452.97,2165.68,False,False,False,2025-02,3,0.2291
ORD-11351,2024-04-16,2024-04-22,Second Class,CUST-0071,Customer 71,West,Furniture,Table Lamp,10.0,830.04,0.0,8300.4,2724.4,False,False,False,2024-04,6,0.3282
ORD-11352,2024-01-19,2024-01-21,First Class,CUST-0199,Customer 199,South,Office Supplies,Stapler,2.0,602.14,0.0,1204.28,582.0,False,False,False,2024-01,2,0.4833
ORD-11353,2024-06-07,2024-06-09,Standard Class,CUST-0077,Customer 77,South,Office Supplies,Stapler,1.0,941.39,0.1,847.25,128.79,False,False,False,2024-06,2,0.152
ORD-11354,2024-06-23,2024-06-24,Standard Class,CUST-0046,Customer 46,West,Technology,Laptop,7.0,366.83,0.0,2567.81,1126.59,False,False,False,2024-06,1,0.4387
ORD-11355,2025-10-27,2025-10-30,Standard Class,CUST-0148,Customer 148,North,Office Supplies,Paper,9.0,416.65,0.2,2999.88,811.38,False,False,False,2025-10,3,0.2705
ORD-11356,2024-06-20,2024-06-26,Second Class,CUST-0109,Customer 109,South,Office Supplies,Binder,8.0,445.4,0.0,3563.2,1007.58,False,False,False,2024-06,6,0.2828
ORD-11357,2025-10-19,2025-10-25,Second Class,CUST-0121,Customer 121,South,Technology,Wireless Mouse,3.0,644.74,0.0,1934.22,379.81,False,False,False,2025-10,6,0.1964
ORD-11358,2024-01-06,2024-01-08,First Class,CUST-0160,Customer 160,West,Technology,Printer,4.0,416.66,0.0,1666.64,559.28,False,False,False,2024-01,2,0.3356
ORD-11359,2024-01-11,2024-01-12,First Class,CUST-0133,Customer 133,North,Office Supplies,Pens (Box),5.0,423.97,0.0,2119.85,851.25,False,False,False,2024-01,1,0.4016
ORD-11360,2025-11-30,2025-12-03,Same Day,CUST-0105,Customer 105,West,Technology,Wireless Mouse,6.0,265.31,0.0,1591.86,552.31,False,False,False,2025-11,3,0.347
ORD-11361,2024-12-28,2025-01-02,Same Day,CUST-0051,Customer 51,West,Furniture,Chair,2.0,87.4,0.1,157.32,21.84,False,False,False,2024-12,5,0.1388
ORD-11362,2024-11-23,2024-11-27,Second Class,CUST-0189,Customer 189,North,Office Supplies,Stapler,5.0,193.68,0.0,968.4,314.34,False,False,False,2024-11,4,0.3246
ORD-11363,2025-02-17,2025-02-18,First Class,CUST-0021,Customer 21,East,Office Supplies,Stapler,6.0,449.72,0.1,2428.49,464.95,False,False,False,2025-02,1,0.1915
ORD-11364,2024-09-30,2024-10-02,Standard Class,CUST-0056,Customer 56,North,Technology,Laptop,11.0,849.09,0.0,9339.99,3464.86,False,False,False,2024-09,2,0.371
ORD-11365,2025-09-17,2025-09-20,Same Day,CUST-0039,Customer 39,South,Technology,Monitor,4.0,1095.95,0.0,4383.8,863.23,False,False,False,2025-09,3,0.1969
ORD-11366,2024-08-05,2024-08-11,First Class,CUST-0122,Customer 122,East,Office Supplies,Paper,2.0,98.42,0.0,196.84,35.12,False,False,False,2024-08,6,0.1784
ORD-11367,2024-12-29,2025-01-03,Same Day,CUST-0083,Customer 83,North,Technology,Wireless Mouse,6.0,685.62,0.0,4113.72,866.75,False,False,False,2024-12,5,0.2107
ORD-11368,2025-12-14,2025-12-21,Standard Class,CUST-0096,Customer 96,South,Technology,Monitor,10.0,43.12,0.0,431.2,82.48,False,False,False,2025-12,7,0.1913
ORD-11369,2024-08-02,2024-08-06,Standard Class,CUST-0099,Customer 99,East,Furniture,Table Lamp,5.0,516.69,0.2,2066.76,19.01,False,False,False,2024-08,4,0.0092
ORD-11370,2025-09-29,2025-10-04,Standard Class,CUST-0130,Customer 130,East,Office Supplies,Stapler,8.0,299.04,0.0,2392.32,1171.28,False,False,False,2025-09,5,0.4896
ORD-11371,2025-05-20,2025-05-24,Same Day,CUST-0054,Customer 54,South,Office Supplies,Pens (Box),2.0,659.63,0.1,1187.33,512.82,False,False,False,2025-05,4,0.4319
ORD-11372,2024-08-06,2024-08-07,Second Class,CUST-0015,Customer 15,East,Furniture,Table Lamp,1.0,1169.19,0.15,993.81,142.96,False,False,False,2024-08,1,0.1439
ORD-11373,2024-11-12,2024-11-16,Same Day,CUST-0001,Customer 1,North,Office Supplies,Pens (Box),9.0,367.44,0.3,2314.87,-390.28,False,False,False,2024-11,4,-0.1686
ORD-11374,2025-07-09,2025-07-12,Second Class,CUST-0157,Customer 157,North,Furniture,Bookcase,3.0,993.24,0.0,2979.72,1407.33,False,False,False,2025-07,3,0.4723
ORD-11375,2025-02-07,2025-02-14,Second Class,CUST-0140,Customer 140,South,Office Supplies,Binder,5.0,1065.58,0.0,5327.9,2125.31,False,False,False,2025-02,7,0.3989
ORD-11376,2024-02-02,2024-02-07,First Class,CUST-0051,Customer 51,West,Office Supplies,Binder,4.0,137.57,0.0,550.28,204.87,False,False,False,2024-02,5,0.3723
ORD-11377,2025-04-27,2025-04-30,Second Class,CUST-0119,Customer 119,North,Furniture,Chair,1.0,321.45,0.0,321.45,49.09,False,False,False,2025-04,3,0.1527
ORD-11378,2025-11-02,2025-11-06,First Class,CUST-0039,Customer 39,South,Technology,Printer,1.0,945.1,0.15,803.34,23.74,False,False,False,2025-11,4,0.0296
ORD-11379,2024-12-25,2024-12-29,Standard Class,CUST-0093,Customer 93,West,Office Supplies,Paper,1.0,1002.63,0.15,852.24,29.24,False,False,False,2024-12,4,0.0343
ORD-11380,2025-03-16,2025-03-17,Second Class,CUST-0044,Customer 44,South,Furniture,Chair,5.0,433.58,0.0,2167.9,571.36,False,False,False,2025-03,1,0.2636
ORD-11381,2025-02-17,2025-02-18,Second Class,CUST-0034,Customer 34,East,Furniture,Chair,4.0,798.43,0.1,2874.35,448.84,False,False,False,2025-02,1,0.1562
ORD-11382,2024-01-23,2024-01-29,Standard Class,CUST-0194,Customer 194,South,Technology,Printer,9.0,406.04,0.0,3654.36,1365.94,False,False,False,2024-01,6,0.3738
ORD-11383,2024-01-20,2024-01-24,First Class,CUST-0189,Customer 189,North,Furniture,Table Lamp,1.0,116.23,0.0,116.23,24.76,False,False,False,2024-01,4,0.213
ORD-11384,2025-01-30,2025-02-05,First Class,CUST-0134,Customer 134,East,Office Supplies,Stapler,1.0,162.16,0.0,162.16,68.45,False,False,False,2025-01,6,0.4221
ORD-11385,2025-12-19,2025-12-23,Standard Class,CUST-0069,Customer 69,North,Technology,Laptop,5.0,670.18,0.3,2345.63,301.69,False,False,False,2025-12,4,0.1286
ORD-11386,2025-06-17,2025-06-20,Same Day,CUST-0061,Customer 61,West,Furniture,Bookcase,7.0,876.24,0.0,6133.68,2102.73,False,False,False,2025-06,3,0.3428
ORD-11387,2024-02-17,2024-02-21,Second Class,CUST-0043,Customer 43,East,Technology,Printer,11.0,440.92,0.0,4850.12,1619.53,False,False,False,2024-02,4,0.3339
ORD-11388,2025-02-18,2025-02-20,Same Day,CUST-0116,Customer 116,East,Furniture,Chair,2.0,744.23,0.15,1265.19,203.59,False,False,False,2025-02,2,0.1609
ORD-11389,2024-09-16,2024-09-21,Second Class,CUST-0169,Customer 169,South,Office Supplies,Pens (Box),4.0,1032.59,0.3,2891.25,454.26,False,False,False,2024-09,5,0.1571
ORD-11390,2024-03-09,2024-03-10,Standard Class,CUST-0032,Customer 32,North,Furniture,Bookcase,1.0,882.35,0.0,882.35,259.8,False,False,False,2024-03,1,0.2944
ORD-11391,2025-03-17,2025-03-21,Standard Class,CUST-0040,Customer 40,East,Office Supplies,Paper,6.0,752.17,0.0,4513.02,2026.18,False,False,False,2025-03,4,0.449
ORD-11392,2025-05-08,2025-05-10,Second Class,CUST-0096,Customer 96,South,Office Supplies,Paper,1.0,64.56,0.1,58.1,20.43,False,False,False,2025-05,2,0.3516
ORD-11393,2024-05-20,2024-05-27,First Class,CUST-0063,Customer 63,South,Technology,Laptop,2.0,417.97,0.0,835.94,265.21,False,False,False,2024-05,7,0.3173
ORD-11394,2024-12-02,2024-12-03,Second Class,CUST-0137,Customer 137,East,Furniture,Table Lamp,9.0,133.51,0.0,1201.59,429.41,False,False,False,2024-12,1,0.3574
ORD-11395,2025-11-14,2025-11-19,Second Class,CUST-0032,Customer 32,North,Office Supplies,Paper,8.0,696.08,0.0,5568.64,2010.03,False,False,False,2025-11,5,0.361
ORD-11396,2024-08-09,2024-08-11,Standard Class,CUST-0143,Customer 143,South,Office Supplies,Paper,8.0,209.57,0.1,1508.9,656.09,False,False,False,2024-08,2,0.4348
ORD-11397,2024-09-02,2024-09-03,Second Class,CUST-0088,Customer 88,South,Office Supplies,Pens (Box),11.0,587.67,0.0,6464.37,1482.35,False,False,False,2024-09,1,0.2293
ORD-11398,2024-10-19,2024-10-23,First Class,CUST-0119,Customer 119,North,Technology,Laptop,7.0,1180.67,0.1,7438.22,456.49,False,False,False,2024-10,4,0.0614
ORD-11399,2025-11-15,2025-11-19,First Class,CUST-0112,Customer 112,West,Technology,Monitor,9.0,792.61,0.0,7133.49,2836.34,False,False,False,2025-11,4,0.3976
ORD-11400,2024-04-16,2024-04-22,Second Class,CUST-0086,Customer 86,East,Office Supplies,Binder,3.0,680.65,0.0,2041.95,811.14,False,False,False,2024-04,6,0.3972
ORD-11401,2025-07-20,2025-07-26,Same Day,CUST-0137,Customer 137,East,Furniture,Bookcase,11.0,539.1,0.0,5930.1,2904.45,False,False,False,2025-07,6,0.4898
ORD-11402,2024-06-28,2024-07-03,Standard Class,CUST-0149,Customer 149,West,Office Supplies,Binder,3.0,895.44,0.2,2149.06,447.86,False,False,False,2024-06,5,0.2084
ORD-11403,2024-01-12,2024-01-18,First Class,CUST-0042,Customer 42,West,Furniture,Chair,1.0,894.03,0.3,625.82,-131.86,False,False,False,2024-01,6,-0.2107
ORD-11404,2024-08-27,2024-09-03,Same Day,CUST-0158,Customer 158,East,Furniture,Table Lamp,10.0,403.68,0.1,3633.12,1545.42,False,False,False,2024-08,7,0.4254
ORD-11405,2025-04-12,2025-04-18,Same Day,CUST-0026,Customer 26,East,Office Supplies,Paper,9.0,939.1,0.0,8451.9,4030.94,False,False,False,2025-04,6,0.4769
ORD-11406,2024-03-25,2024-03-26,Same Day,CUST-0079,Customer 79,East,Office Supplies,Pens (Box),9.0,369.62,0.0,3326.58,867.75,False,False,False,2024-03,1,0.2609
ORD-11407,2025-12-04,2025-12-07,Standard Class,CUST-0156,Customer 156,East,Office Supplies,Paper,4.0,594.9,0.0,2379.6,979.1,False,False,False,2025-12,3,0.4115
ORD-11408,2024-09-23,2024-09-24,Second Class,CUST-0152,Customer 152,South,Technology,Monitor,11.0,750.77,0.15,7019.7,2191.89,False,False,False,2024-09,1,0.3122
ORD-11409,2024-05-28,2024-06-04,Second Class,CUST-0067,Customer 67,West,Office Supplies,Pens (Box),9.0,991.35,0.0,8922.15,2777.08,False,False,False,2024-05,7,0.3113
ORD-11410,2025-12-19,2025-12-22,Standard Class,CUST-0095,Customer 95,West,Technology,Monitor,5.0,140.1,0.1,630.45,71.76,False,False,False,2025-12,3,0.1138
ORD-11411,2024-07-01,2024-07-02,First Class,CUST-0042,Customer 42,West,Office Supplies,Paper,6.0,1024.2,0.2,4916.16,-33.0,False,False,False,2024-07,1,-0.0067
ORD-11412,2025-03-29,2025-03-31,Standard Class,CUST-0045,Customer 45,North,Office Supplies,Pens (Box),2.0,723.05,0.0,1446.1,289.78,False,False,False,2025-03,2,0.2004
ORD-11413,2024-02-06,2024-02-08,Standard Class,CUST-0072,Customer 72,North,Furniture,Table Lamp,11.0,1139.95,0.3,8777.61,417.05,False,False,False,2024-02,2,0.0475
ORD-11414,2025-09-28,2025-10-05,Second Class,CUST-0116,Customer 116,East,Furniture,Chair,7.0,674.84,0.0,4723.88,2230.45,False,False,False,2025-09,7,0.4722
ORD-11415,2025-07-12,2025-07-13,First Class,CUST-0119,Customer 119,North,Office Supplies,Pens (Box),8.0,103.53,0.0,828.24,300.4,False,False,False,2025-07,1,0.3627
ORD-11416,2024-03-10,2024-03-16,First Class,CUST-0107,Customer 107,West,Furniture,Bookcase,6.0,946.73,0.0,5680.38,2353.35,False,False,False,2024-03,6,0.4143
ORD-11417,2025-11-04,2025-11-09,Same Day,CUST-0012,Customer 12,West,Furniture,Table Lamp,6.0,1013.35,0.2,4864.08,1095.06,False,False,False,2025-11,5,0.2251
ORD-11418,2024-07-04,2024-07-07,Same Day,CUST-0127,Customer 127,North,Office Supplies,Stapler,296.0,687.77,0.0,1375.54,234.62,False,True,True,2024-07,3,0.1706
ORD-11419,2024-11-13,2024-11-14,Second Class,CUST-0171,Customer 171,North,Technology,Wireless Mouse,9.0,119.13,0.0,964.95,322.87,False,False,False,2024-11,1,0.3346
ORD-11420,2025-01-22,2025-01-29,First Class,CUST-0117,Customer 117,North,Office Supplies,Binder,9.0,627.03,0.0,5643.27,2720.15,False,False,False,2025-01,7,0.482
ORD-11421,2024-04-28,2024-05-04,Second Class,CUST-0078,Customer 78,North,Technology,Monitor,1.0,457.24,0.0,457.24,123.53,False,False,False,2024-04,6,0.2702
ORD-11422,2025-02-26,2025-03-03,Same Day,CUST-0069,Customer 69,North,Office Supplies,Stapler,1.0,377.89,0.0,377.89,188.39,False,False,False,2025-02,5,0.4985
ORD-11423,2025-12-14,2025-12-19,First Class,CUST-0048,Customer 48,West,Furniture,Bookcase,7.0,694.57,0.0,4861.99,1012.64,False,False,False,2025-12,5,0.2083
ORD-11424,2025-01-05,2025-01-07,Second Class,CUST-0122,Customer 122,East,Furniture,Table Lamp,5.0,419.69,0.1,1888.6,335.49,False,False,False,2025-01,2,0.1776
ORD-11425,2024-04-22,2024-04-26,Standard Class,CUST-0062,Customer 62,East,Office Supplies,Paper,8.0,728.91,0.0,5831.28,2345.56,False,False,False,2024-04,4,0.4022
ORD-11426,2025-07-11,2025-07-18,Same Day,CUST-0011,Customer 11,East,Technology,Printer,1.0,318.77,0.1,286.89,36.4,False,False,False,2025-07,7,0.1269
ORD-11427,2025-01-29,2025-02-03,Same Day,CUST-0038,Customer 38,West,Office Supplies,Paper,10.0,105.59,0.1,950.31,64.37,False,False,False,2025-01,5,0.0677
ORD-11428,2024-05-07,2024-05-10,Second Class,CUST-0016,Customer 16,West,Technology,Wireless Mouse,1.0,405.99,0.0,405.99,136.99,False,False,False,2024-05,3,0.3374
ORD-11429,2024-09-02,2024-09-08,Standard Class,CUST-0078,Customer 78,North,Technology,Monitor,11.0,576.6,0.0,6342.6,1202.95,False,False,False,2024-09,6,0.1897
ORD-11430,2025-04-04,2025-04-06,First Class,CUST-0094,Customer 94,South,Office Supplies,Paper,4.0,1014.6,0.0,4058.4,1729.24,False,False,False,2025-04,2,0.4261
ORD-11431,2024-05-16,2024-05-21,First Class,CUST-0071,Customer 71,West,Office Supplies,Binder,7.0,1036.69,0.1,6531.15,1206.21,False,False,False,2024-05,5,0.1847
ORD-11432,2024-12-04,2024-12-10,Standard Class,CUST-0143,Customer 143,South,Technology,Printer,8.0,852.97,0.0,6823.76,2241.65,False,False,False,2024-12,6,0.3285
ORD-11433,2025-03-22,2025-03-29,Second Class,CUST-0115,Customer 115,East,Office Supplies,Pens (Box),8.0,413.99,0.0,3311.92,1369.97,False,False,False,2025-03,7,0.4136
ORD-11434,2024-10-20,2024-10-21,Standard Class,CUST-0045,Customer 45,North,Office Supplies,Stapler,9.0,885.51,0.0,7969.59,1262.8,False,False,False,2024-10,1,0.1585
ORD-11435,2025-02-03,2025-02-04,Standard Class,CUST-0180,Customer 180,East,Furniture,Desk,7.0,247.92,0.0,1735.44,393.08,False,False,False,2025-02,1,0.2265
ORD-11436,2025-08-31,2025-09-05,Second Class,CUST-0137,Customer 137,East,Furniture,Bookcase,5.0,598.13,0.0,2990.65,882.15,False,False,False,2025-08,5,0.295
ORD-11437,2025-02-07,2025-02-09,Standard Class,CUST-0090,Customer 90,West,Office Supplies,Paper,7.0,338.91,0.1,2135.13,519.04,False,False,False,2025-02,2,0.2431
ORD-11438,2025-05-30,2025-06-01,First Class,CUST-0082,Customer 82,South,Furniture,Table Lamp,6.0,362.07,0.1,1955.18,654.09,False,False,False,2025-05,2,0.3345
ORD-11439,2025-03-18,2025-03-24,Second Class,CUST-0050,Customer 50,West,Technology,Monitor,3.0,420.72,0.2,1009.73,267.95,False,False,False,2025-03,6,0.2654
ORD-11440,2024-04-10,2024-04-13,Same Day,CUST-0035,Customer 35,West,Furniture,Bookcase,1.0,249.46,0.0,249.46,73.5,False,False,False,2024-04,3,0.2946
ORD-11441,2024-05-26,2024-05-28,Same Day,CUST-0018,Customer 18,North,Office Supplies,Binder,1.0,332.1,0.0,332.1,52.64,False,False,False,2024-05,2,0.1585
ORD-11442,2025-02-10,2025-02-12,Standard Class,CUST-0011,Customer 11,East,Office Supplies,Stapler,11.0,274.89,0.1,2721.41,1106.85,False,False,False,2025-02,2,0.4067
ORD-11443,2025-04-10,2025-04-13,Same Day,CUST-0191,Customer 191,East,Furniture,Table Lamp,5.0,1170.14,0.0,5850.7,1379.86,False,False,False,2025-04,3,0.2358
ORD-11444,2024-09-18,2024-09-25,Second Class,CUST-0106,Customer 106,West,Office Supplies,Pens (Box),7.0,1198.88,0.0,8392.16,1997.28,False,False,False,2024-09,7,0.238
ORD-11445,2024-11-08,2024-11-15,Standard Class,CUST-0116,Customer 116,East,Technology,Laptop,6.0,1147.9,0.2,5509.92,1110.0,False,False,False,2024-11,7,0.2015
ORD-11446,2024-02-29,2024-03-06,Same Day,CUST-0179,Customer 179,West,Technology,Printer,8.0,197.14,0.0,1577.12,728.95,False,False,False,2024-02,6,0.4622
ORD-11447,2025-11-10,2025-11-15,Same Day,CUST-0101,Customer 101,West,Furniture,Desk,8.0,765.65,0.0,6125.2,2619.46,False,False,False,2025-11,5,0.4277
ORD-11448,2024-05-15,2024-05-17,Second Class,CUST-0179,Customer 179,West,Technology,Printer,8.0,869.06,0.0,6952.48,2037.63,False,False,False,2024-05,2,0.2931
ORD-11449,2024-10-23,2024-10-26,Second Class,CUST-0034,Customer 34,East,Furniture,Chair,9.0,215.19,0.2,1549.37,-18.59,False,False,False,2024-10,3,-0.012
ORD-11450,2025-10-30,2025-11-06,Standard Class,CUST-0112,Customer 112,West,Office Supplies,Paper,10.0,754.9,0.0,7549.0,2424.36,False,False,False,2025-10,7,0.3211
ORD-11451,2024-10-12,2024-10-16,Standard Class,CUST-0133,Customer 133,North,Technology,Laptop,6.0,104.0,0.15,530.4,161.11,False,False,False,2024-10,4,0.3038
ORD-11452,2024-12-26,2024-12-29,Standard Class,CUST-0172,Customer 172,North,Technology,Wireless Mouse,4.0,1101.19,0.0,4404.76,880.5,False,False,False,2024-12,3,0.1999
ORD-11453,2024-12-24,2024-12-28,Standard Class,CUST-0169,Customer 169,South,Office Supplies,Paper,1.0,1183.33,0.3,828.33,53.52,False,False,False,2024-12,4,0.0646
ORD-11454,2025-05-07,2025-05-14,Same Day,CUST-0018,Customer 18,North,Furniture,Desk,4.0,839.78,0.0,3359.12,1505.86,False,False,False,2025-05,7,0.4483
ORD-11455,2025-05-30,2025-06-02,Second Class,CUST-0084,Customer 84,West,Furniture,Chair,7.0,128.19,0.0,897.33,442.21,False,False,False,2025-05,3,0.4928
ORD-11456,2025-05-07,2025-05-11,First Class,CUST-0185,Customer 185,South,Furniture,Bookcase,6.0,811.65,0.0,4869.9,2337.22,False,False,False,2025-05,4,0.4799
ORD-11457,2024-01-08,2024-01-13,First Class,CUST-0191,Customer 191,East,Technology,Wireless Mouse,7.0,298.69,0.15,1777.21,676.41,False,False,False,2024-01,5,0.3806
ORD-11458,2024-10-31,2024-11-05,Standard Class,CUST-0073,Customer 73,South,Furniture,Bookcase,5.0,863.13,0.0,4315.65,1319.38,False,False,False,2024-10,5,0.3057
ORD-11459,2025-12-01,2025-12-03,First Class,CUST-0075,Customer 75,East,Office Supplies,Binder,2.0,92.93,0.1,167.27,70.21,False,False,False,2025-12,2,0.4197
ORD-11460,2025-09-15,2025-09-22,Standard Class,CUST-0189,Customer 189,North,Office Supplies,Pens (Box),4.0,394.69,0.0,1578.76,362.05,False,False,False,2025-09,7,0.2293
ORD-11461,2024-06-02,2024-06-06,Standard Class,CUST-0003,Customer 3,East,Office Supplies,Binder,2.0,1096.33,0.0,2192.66,717.75,False,False,False,2024-06,4,0.3273
ORD-11462,2025-06-14,2025-06-16,First Class,CUST-0012,Customer 12,West,Office Supplies,Binder,8.0,651.43,0.0,5211.44,2249.59,False,False,False,2025-06,2,0.4317
ORD-11463,2025-03-03,2025-03-10,Standard Class,CUST-0066,Customer 66,South,Technology,Wireless Mouse,3.0,1132.82,0.0,3398.46,1071.15,False,False,False,2025-03,7,0.3152
ORD-11464,2025-05-22,2025-05-24,Second Class,CUST-0147,Customer 147,North,Technology,Wireless Mouse,3.0,761.55,0.0,2284.65,1100.94,False,False,False,2025-05,2,0.4819
ORD-11465,2025-06-24,2025-06-30,Second Class,CUST-0174,Customer 174,East,Furniture,Bookcase,1.0,716.42,0.1,644.78,244.46,False,False,False,2025-06,6,0.3791
ORD-11466,2025-07-26,2025-07-28,Same Day,CUST-0004,Customer 4,South,Office Supplies,Stapler,9.0,842.35,0.0,7581.15,2832.99,False,False,False,2025-07,2,0.3737
ORD-11467,2024-08-29,2024-09-03,Second Class,CUST-0183,Customer 183,South,Technology,Wireless Mouse,9.0,1162.59,0.0,10463.31,4053.59,False,False,False,2024-08,5,0.3874
ORD-11468,2025-08-13,2025-08-15,Standard Class,CUST-0116,Customer 116,East,Office Supplies,Stapler,8.0,734.48,0.0,5875.84,1448.77,False,False,False,2025-08,2,0.2466
ORD-11469,2024-01-22,2024-01-26,Standard Class,CUST-0025,Customer 25,South,Office Supplies,Pens (Box),6.0,598.415,0.0,2073.74,658.67,False,False,True,2024-01,4,0.3176
ORD-11470,2025-09-12,2025-09-13,Same Day,CUST-0012,Customer 12,West,Furniture,Desk,1.0,962.14,0.0,962.14,254.3,False,False,False,2025-09,1,0.2643
ORD-11471,2025-04-09,2025-04-12,Second Class,CUST-0176,Customer 176,South,Office Supplies,Paper,5.0,62.47,0.2,249.88,50.43,False,False,False,2025-04,3,0.2018
ORD-11472,2025-09-01,2025-09-08,Same Day,CUST-0116,Customer 116,East,Technology,Monitor,5.0,95.88,0.1,431.46,29.71,False,False,False,2025-09,7,0.0689
ORD-11473,2025-02-08,2025-02-12,Standard Class,CUST-0071,Customer 71,West,Office Supplies,Pens (Box),10.0,338.26,0.3,2367.82,-422.03,False,False,False,2025-02,4,-0.1782
ORD-11474,2025-03-07,2025-03-11,First Class,CUST-0042,Customer 42,West,Technology,Laptop,2.0,842.15,0.0,1684.3,602.79,False,False,False,2025-03,4,0.3579
ORD-11475,2024-12-09,2024-12-15,First Class,CUST-0145,Customer 145,West,Furniture,Table Lamp,11.0,351.44,0.0,3865.84,1925.49,False,False,False,2024-12,6,0.4981
ORD-11476,2024-04-21,2024-04-26,Standard Class,CUST-0015,Customer 15,East,Technology,Laptop,1.0,540.24,0.0,540.24,130.99,False,False,False,2024-04,5,0.2425
ORD-11477,2024-08-17,2024-08-19,Second Class,CUST-0188,Customer 188,South,Technology,Monitor,5.0,560.61,0.0,2803.05,1251.27,False,False,False,2024-08,2,0.4464
ORD-11478,2025-12-14,2025-12-17,Same Day,CUST-0024,Customer 24,West,Technology,Laptop,3.0,339.35,0.0,1018.05,463.73,False,False,False,2025-12,3,0.4555
ORD-11479,2024-02-21,2024-02-28,Second Class,CUST-0170,Customer 170,North,Office Supplies,Stapler,9.0,737.08,0.15,5638.66,1383.26,False,False,False,2024-02,7,0.2453
ORD-11480,2024-12-22,2024-12-23,Standard Class,CUST-0092,Customer 92,West,Office Supplies,Paper,8.0,321.22,0.0,2569.76,523.8,False,False,False,2024-12,1,0.2038
ORD-11481,2025-10-25,2025-10-31,Standard Class,CUST-0109,Customer 109,South,Office Supplies,Pens (Box),11.0,581.01,0.0,6391.11,1840.37,False,False,False,2025-10,6,0.288
ORD-11482,2025-03-19,2025-03-25,Same Day,CUST-0192,Customer 192,East,Furniture,Desk,4.0,1128.16,0.0,4512.64,1661.26,False,False,False,2025-03,6,0.3681
ORD-11483,2024-09-02,2024-09-07,Standard Class,CUST-0027,Customer 27,South,Furniture,Chair,6.0,581.595,0.0,709.76,587.3,False,False,True,2024-09,5,0.8275
ORD-11484,2024-10-07,2024-10-08,Same Day,CUST-0024,Customer 24,West,Furniture,Bookcase,6.0,693.56,0.0,4161.36,910.43,False,False,False,2024-10,1,0.2188
ORD-11485,2025-10-30,2025-11-06,Second Class,CUST-0004,Customer 4,South,Technology,Wireless Mouse,10.0,1006.44,0.0,10064.4,1662.26,False,False,False,2025-10,7,0.1652
ORD-11486,2025-03-16,2025-03-23,Standard Class,CUST-0105,Customer 105,West,Office Supplies,Paper,10.0,528.91,0.1,4760.19,1144.51,False,False,False,2025-03,7,0.2404
ORD-11487,2025-11-13,2025-11-17,Standard Class,CUST-0185,Customer 185,South,Furniture,Bookcase,10.0,50.04,0.1,450.36,149.03,False,False,False,2025-11,4,0.3309
ORD-11488,2025-04-20,2025-04-24,First Class,CUST-0178,Customer 178,North,Office Supplies,Binder,11.0,833.66,0.0,9170.26,3384.98,False,False,False,2025-04,4,0.3691
ORD-11489,2024-06-26,2024-07-01,Same Day,CUST-0139,Customer 139,South,Office Supplies,Binder,6.0,934.32,0.0,5605.92,2571.02,False,False,False,2024-06,5,0.4586
ORD-11490,2024-05-12,2024-05-13,First Class,CUST-0144,Customer 144,South,Furniture,Table Lamp,5.0,622.54,0.1,2801.43,1001.37,False,False,False,2024-05,1,0.3574
ORD-11491,2025-03-27,2025-03-29,Same Day,CUST-0027,Customer 27,South,Technology,Monitor,3.0,453.8,0.0,1361.4,250.46,False,False,False,2025-03,2,0.184
ORD-11492,2024-02-02,2024-02-04,Second Class,CUST-0128,Customer 128,West,Furniture,Chair,10.0,233.95,0.0,2339.5,1155.3,False,False,False,2024-02,2,0.4938
ORD-11493,2024-02-11,2024-02-17,Second Class,CUST-0064,Customer 64,West,Furniture,Chair,5.0,63.05,0.0,315.25,81.67,False,False,False,2024-02,6,0.2591
ORD-11494,2025-05-18,2025-05-24,Second Class,CUST-0068,Customer 68,South,Furniture,Table Lamp,6.0,72.7,0.0,436.2,100.89,False,False,False,2025-05,6,0.2313
ORD-11495,2024-05-25,2024-05-26,Same Day,CUST-0031,Customer 31,South,Technology,Printer,7.0,71.3,0.3,349.37,69.34,False,False,False,2024-05,1,0.1985
ORD-11496,2025-10-07,2025-10-12,Second Class,CUST-0153,Customer 153,West,Technology,Monitor,2.0,984.62,0.2,1575.39,222.87,False,False,False,2025-10,5,0.1415
ORD-11497,2025-05-17,2025-05-21,Standard Class,CUST-0052,Customer 52,South,Technology,Monitor,6.0,643.55,0.0,1091.88,646.9449999999999,False,False,True,2025-05,4,0.5925
ORD-11498,2025-06-02,2025-06-07,Standard Class,CUST-0009,Customer 9,North,Furniture,Chair,8.0,854.37,0.15,5809.72,2371.47,False,False,False,2025-06,5,0.4082
ORD-11499,2025-10-25,2025-10-27,Same Day,CUST-0166,Customer 166,West,Technology,Laptop,10.0,1158.31,0.0,11583.1,4931.54,True,False,False,2025-10,2,0.4258
ORD-11500,2025-02-07,2025-02-08,Standard Class,CUST-0098,Customer 98,East,Technology,Laptop,7.0,1002.6,0.0,7018.2,2579.43,False,False,False,2025-02,1,0.3675
ORD-11501,2025-01-23,2025-01-24,Same Day,CUST-0102,Customer 102,North,Furniture,Desk,8.0,435.67,0.0,3485.36,1613.66,False,False,False,2025-01,1,0.463
ORD-11502,2025-01-13,2025-01-16,Standard Class,CUST-0141,Customer 141,West,Furniture,Bookcase,4.0,602.89,0.0,2411.56,783.25,False,False,False,2025-01,3,0.3248
ORD-11503,2024-08-29,2024-08-31,Standard Class,CUST-0120,Customer 120,North,Office Supplies,Stapler,1.0,511.12,0.0,511.12,114.92,False,False,False,2024-08,2,0.2248
ORD-11504,2025-08-22,2025-08-25,Second Class,CUST-0070,Customer 70,South,Office Supplies,Paper,11.0,789.68,0.0,8686.48,3727.83,False,False,False,2025-08,3,0.4292
ORD-11505,2025-05-20,2025-05-21,Same Day,CUST-0040,Customer 40,East,Office Supplies,Stapler,10.0,214.47,0.0,2144.7,894.08,False,False,False,2025-05,1,0.4169
ORD-11506,2024-06-13,2024-06-19,Standard Class,CUST-0097,Customer 97,North,Technology,Monitor,4.0,1039.87,0.1,3743.53,537.33,False,False,False,2024-06,6,0.1435
ORD-11507,2024-09-07,2024-09-11,Same Day,CUST-0062,Customer 62,East,Office Supplies,Paper,7.0,607.04,0.0,4249.28,789.59,False,False,False,2024-09,4,0.1858
ORD-11508,2025-08-04,2025-08-07,Standard Class,CUST-0023,Customer 23,North,Technology,Printer,11.0,833.05,0.2,7330.84,2025.88,False,False,False,2025-08,3,0.2764
ORD-11509,2025-12-30,2026-01-05,First Class,CUST-0184,Customer 184,East,Office Supplies,Pens (Box),6.0,721.0,0.1,3893.4,901.54,False,False,False,2025-12,6,0.2316
ORD-11510,2024-03-19,2024-03-26,Second Class,CUST-0009,Customer 9,North,Office Supplies,Pens (Box),5.0,762.63,0.15,3241.18,997.36,False,False,False,2024-03,7,0.3077
ORD-11511,2024-12-25,2024-12-27,First Class,CUST-0174,Customer 174,East,Furniture,Desk,7.0,498.38,0.0,3488.66,656.04,False,False,False,2024-12,2,0.188
ORD-11512,2024-01-30,2024-02-04,Standard Class,CUST-0178,Customer 178,North,Technology,Printer,8.0,119.38,0.3,668.53,-31.11,False,False,False,2024-01,5,-0.0465
ORD-11513,2024-02-24,2024-02-26,Standard Class,CUST-0003,Customer 3,East,Office Supplies,Binder,6.0,94.86,0.1,512.24,128.19,False,False,False,2024-02,2,0.2503
ORD-11514,2024-07-26,2024-07-31,Same Day,CUST-0023,Customer 23,North,Furniture,Desk,2.0,330.96,0.1,595.73,101.18,False,False,False,2024-07,5,0.1698
ORD-11515,2025-07-01,2025-07-07,First Class,CUST-0013,Customer 13,East,Furniture,Bookcase,9.0,689.79,0.0,6208.11,3027.02,False,False,False,2025-07,6,0.4876
ORD-11516,2025-02-04,2025-02-10,Second Class,CUST-0104,Customer 104,North,Furniture,Bookcase,3.0,10.32,0.3,21.67,-2.63,False,False,False,2025-02,6,-0.1214
ORD-11517,2024-03-28,2024-03-31,Standard Class,CUST-0121,Customer 121,South,Office Supplies,Stapler,6.0,894.78,0.0,5368.68,1845.63,False,False,False,2024-03,3,0.3438
ORD-11518,2024-04-14,2024-04-15,Second Class,CUST-0001,Customer 1,North,Office Supplies,Binder,7.0,1171.9,0.0,8203.3,4072.73,False,False,False,2024-04,1,0.4965
ORD-11519,2025-10-02,2025-10-09,First Class,CUST-0089,Customer 89,West,Technology,Wireless Mouse,2.0,642.17,0.1,1155.91,471.46,False,False,False,2025-10,7,0.4079
ORD-11520,2024-03-21,2024-03-27,Standard Class,CUST-0048,Customer 48,West,Technology,Printer,11.0,852.84,0.15,7974.05,2937.73,False,False,False,2024-03,6,0.3684
ORD-11521,2025-07-05,2025-07-12,First Class,CUST-0158,Customer 158,East,Furniture,Bookcase,1.0,1183.33,0.0,1183.33,340.02,False,False,False,2025-07,7,0.2873
ORD-11522,2024-09-04,2024-09-09,Second Class,CUST-0177,Customer 177,East,Technology,Wireless Mouse,8.0,405.16,0.0,3241.28,1227.33,False,False,False,2024-09,5,0.3787
ORD-11523,2024-04-28,2024-05-01,Second Class,CUST-0140,Customer 140,South,Furniture,Desk,4.0,538.86,0.0,2155.44,952.98,False,False,False,2024-04,3,0.4421
ORD-11524,2025-06-03,2025-06-06,Standard Class,CUST-0168,Customer 168,North,Furniture,Bookcase,3.0,247.22,0.0,741.66,291.97,False,False,False,2025-06,3,0.3937
ORD-11525,2024-02-27,2024-03-02,Standard Class,CUST-0066,Customer 66,South,Technology,Laptop,11.0,221.38,0.0,2435.18,599.57,False,False,False,2024-02,4,0.2462
ORD-11526,2025-11-13,2025-11-17,Second Class,CUST-0025,Customer 25,West,Furniture,Chair,4.0,128.28,0.0,513.12,114.26,False,False,False,2025-11,4,0.2227
ORD-11527,2025-03-05,2025-03-07,Standard Class,CUST-0066,Customer 66,South,Office Supplies,Stapler,2.0,345.28,0.0,690.56,104.45,False,False,False,2025-03,2,0.1513
ORD-11528,2024-04-28,2024-05-01,Same Day,CUST-0112,Customer 112,West,Furniture,Table Lamp,2.0,1055.74,0.1,1900.33,418.28,False,False,False,2024-04,3,0.2201
ORD-11529,2025-11-16,2025-11-21,First Class,CUST-0144,Customer 144,South,Office Supplies,Pens (Box),2.0,1199.36,0.2,1918.98,-33.12,False,False,False,2025-11,5,-0.0173
ORD-11530,2024-01-11,2024-01-12,Second Class,CUST-0096,Customer 96,South,Furniture,Bookcase,11.0,601.87,0.0,6620.57,1783.93,False,False,False,2024-01,1,0.2695
ORD-11531,2024-12-24,2024-12-25,First Class,CUST-0188,Customer 188,South,Technology,Printer,7.0,516.83,0.3,2532.47,-169.69,False,False,False,2024-12,1,-0.067
ORD-11532,2024-10-28,2024-11-04,Second Class,CUST-0142,Customer 142,North,Furniture,Bookcase,9.0,1008.17,0.0,9073.53,4492.85,False,False,False,2024-10,7,0.4952
ORD-11533,2024-11-27,2024-11-28,Second Class,CUST-0057,Customer 57,East,Office Supplies,Binder,11.0,1060.97,0.0,11670.67,2515.19,True,False,False,2024-11,1,0.2155
ORD-11534,2024-10-16,2024-10-21,First Class,CUST-0004,Customer 4,South,Technology,Wireless Mouse,2.0,1152.32,0.0,2304.64,1067.11,False,False,False,2024-10,5,0.463
ORD-11535,2024-07-01,2024-07-05,First Class,CUST-0108,Customer 108,East,Office Supplies,Binder,4.0,961.19,0.0,3844.76,919.09,False,False,False,2024-07,4,0.2391
ORD-11536,2025-06-05,2025-06-06,Same Day,CUST-0143,Customer 143,South,Furniture,Bookcase,7.0,620.95,0.0,4346.65,1972.06,False,False,False,2025-06,1,0.4537
ORD-11537,2024-05-03,2024-05-07,First Class,CUST-0090,Customer 90,West,Technology,Printer,9.0,837.88,0.15,6409.78,2210.45,False,False,False,2024-05,4,0.3449
ORD-11538,2024-04-19,2024-04-25,Standard Class,CUST-0115,Customer 115,East,Office Supplies,Paper,2.0,762.61,0.15,1296.44,181.28,False,False,False,2024-04,6,0.1398
ORD-11539,2024-11-04,2024-11-11,Same Day,CUST-0102,Customer 102,North,Office Supplies,Pens (Box),2.0,282.91,0.3,396.07,-39.53,False,False,False,2024-11,7,-0.0998
ORD-11540,2024-07-26,2024-07-28,Second Class,CUST-0187,Customer 187,North,Office Supplies,Stapler,2.0,395.62,0.2,632.99,-0.97,False,False,False,2024-07,2,-0.0015
ORD-11541,2024-01-01,2024-01-05,First Class,CUST-0074,Customer 74,North,Technology,Monitor,4.0,394.73,0.15,1342.08,546.81,False,False,False,2024-01,4,0.4074
ORD-11542,2024-11-24,2024-11-27,Standard Class,CUST-0059,Customer 59,East,Furniture,Bookcase,4.0,378.28,0.0,1513.12,637.67,False,False,False,2024-11,3,0.4214
ORD-11543,2025-05-02,2025-05-03,Second Class,CUST-0136,Customer 136,South,Furniture,Desk,2.0,365.93,0.0,731.86,122.55,False,False,False,2025-05,1,0.1675
ORD-11544,2024-03-18,2024-03-20,Standard Class,CUST-0104,Customer 104,North,Office Supplies,Pens (Box),9.0,582.91,0.15,4459.26,813.49,False,False,False,2024-03,2,0.1824
ORD-11545,2024-10-06,2024-10-12,First Class,CUST-0058,Customer 58,North,Office Supplies,Binder,8.0,437.81,0.0,3502.48,1741.6,False,False,False,2024-10,6,0.4972
ORD-11546,2025-01-13,2025-01-16,Second Class,CUST-0064,Customer 64,West,Office Supplies,Paper,8.0,1105.4,0.0,8843.2,4247.83,False,False,False,2025-01,3,0.4803
ORD-11547,2024-11-19,2024-11-22,Standard Class,CUST-0023,Customer 23,North,Office Supplies,Paper,6.0,1077.57,0.0,6465.42,2463.01,False,False,False,2024-11,3,0.381
ORD-11548,2025-07-31,2025-08-01,First Class,CUST-0160,Customer 160,West,Furniture,Desk,1.0,384.87,0.1,346.38,134.22,False,False,False,2025-07,1,0.3875
ORD-11549,2024-12-04,2024-12-10,Same Day,CUST-0003,Customer 3,East,Technology,Printer,6.0,133.76,0.3,561.79,-94.04,False,False,False,2024-12,6,-0.1674
ORD-11550,2025-01-02,2025-01-04,Standard Class,CUST-0142,Customer 142,North,Furniture,Chair,5.0,384.9,0.15,1635.83,545.98,False,False,False,2025-01,2,0.3338
ORD-11551,2025-03-07,2025-03-14,Second Class,CUST-0004,Customer 4,South,Office Supplies,Binder,1.0,880.18,0.0,880.18,236.48,False,False,False,2025-03,7,0.2687
ORD-11552,2024-02-05,2024-02-12,Second Class,CUST-0013,Customer 13,East,Office Supplies,Paper,4.0,58.31,0.0,233.24,69.29,False,False,False,2024-02,7,0.2971
ORD-11553,2024-05-11,2024-05-15,Same Day,CUST-0192,Customer 192,East,Furniture,Bookcase,3.0,1138.55,0.0,3415.65,1343.43,False,False,False,2024-05,4,0.3933
ORD-11554,2024-03-13,2024-03-19,First Class,CUST-0009,Customer 9,North,Technology,Wireless Mouse,5.0,820.55,0.0,4102.75,889.59,False,False,False,2024-03,6,0.2168
ORD-11555,2024-01-29,2024-02-02,Second Class,CUST-0017,Customer 17,East,Office Supplies,Paper,5.0,589.0,0.1,2650.5,592.09,False,False,False,2024-01,4,0.2234
ORD-11556,2024-09-18,2024-09-19,First Class,CUST-0086,Customer 86,East,Office Supplies,Binder,1.0,16.09,0.0,16.09,8.03,False,False,False,2024-09,1,0.4991
ORD-11557,2024-02-02,2024-02-07,Second Class,CUST-0162,Customer 162,East,Office Supplies,Binder,7.0,833.76,0.0,5836.32,2796.74,False,False,False,2024-02,5,0.4792
ORD-11558,2025-04-28,2025-05-04,First Class,CUST-0057,Customer 57,East,Furniture,Bookcase,7.0,850.32,0.1,5357.02,871.82,False,False,False,2025-04,6,0.1627
ORD-11559,2024-11-04,2024-11-07,First Class,CUST-0136,Customer 136,South,Furniture,Desk,1.0,436.54,0.0,436.54,101.75,False,False,False,2024-11,3,0.2331
ORD-11560,2024-07-01,2024-07-06,Second Class,CUST-0099,Customer 99,East,Office Supplies,Pens (Box),8.0,985.91,0.0,7887.28,2951.3,False,False,False,2024-07,5,0.3742
ORD-11561,2025-02-14,2025-02-20,Same Day,CUST-0183,Customer 183,South,Furniture,Desk,1.0,286.43,0.0,286.43,111.77,False,False,False,2025-02,6,0.3902
ORD-11562,2024-01-28,2024-02-03,Same Day,CUST-0042,Customer 42,West,Office Supplies,Binder,9.0,1117.12,0.1,9048.67,565.47,False,False,False,2024-01,6,0.0625
ORD-11563,2024-11-26,2024-11-29,Same Day,CUST-0177,Customer 177,East,Furniture,Desk,8.0,371.33,0.15,2525.04,612.65,False,False,False,2024-11,3,0.2426
ORD-11564,2025-12-06,2025-12-12,Second Class,CUST-0181,Customer 181,West,Technology,Wireless Mouse,2.0,84.45,0.0,168.9,66.66,False,False,False,2025-12,6,0.3947
ORD-11565,2024-06-22,2024-06-28,Same Day,CUST-0053,Customer 53,South,Technology,Laptop,4.0,949.59,0.0,3798.36,973.21,False,False,False,2024-06,6,0.2562
ORD-11566,2024-05-17,2024-05-21,Standard Class,CUST-0125,Customer 125,West,Furniture,Desk,5.0,165.54,0.1,744.93,195.17,False,False,False,2024-05,4,0.262
ORD-11567,2025-03-16,2025-03-18,Second Class,CUST-0197,Customer 197,South,Office Supplies,Stapler,8.0,1013.8,0.0,8110.4,1343.05,False,False,False,2025-03,2,0.1656
ORD-11568,2025-10-12,2025-10-13,Same Day,CUST-0124,Customer 124,South,Furniture,Table Lamp,3.0,601.33,0.0,1803.99,709.28,False,False,False,2025-10,1,0.3932
ORD-11569,2025-09-18,2025-09-21,Second Class,CUST-0103,Customer 103,West,Office Supplies,Pens (Box),4.0,78.17,0.1,281.41,44.14,False,False,False,2025-09,3,0.1569
ORD-11570,2024-06-27,2024-06-30,Same Day,CUST-0043,Customer 43,East,Office Supplies,Pens (Box),9.0,689.71,0.0,6207.39,1910.71,False,False,False,2024-06,3,0.3078
ORD-11571,2024-02-12,2024-02-13,Second Class,CUST-0133,Customer 133,North,Technology,Laptop,6.0,152.0,0.1,820.8,322.63,False,False,False,2024-02,1,0.3931
ORD-11572,2025-12-30,2025-12-31,First Class,CUST-0144,Customer 144,South,Technology,Printer,6.0,856.23,0.15,4366.77,1175.25,False,False,False,2025-12,1,0.2691
ORD-11573,2025-08-14,2025-08-19,Second Class,CUST-0017,Customer 17,East,Office Supplies,Paper,5.0,969.71,0.0,4848.55,2044.21,False,False,False,2025-08,5,0.4216
ORD-11574,2024-06-21,2024-06-27,Second Class,CUST-0103,Customer 103,West,Technology,Laptop,8.0,235.81,0.0,1886.48,356.53,False,False,False,2024-06,6,0.189
ORD-11575,2025-01-22,2025-01-27,First Class,CUST-0039,Customer 39,South,Office Supplies,Stapler,7.0,14.1,0.0,98.7,17.18,False,False,False,2025-01,5,0.1741
ORD-11576,2025-06-07,2025-06-14,Same Day,CUST-0002,Customer 2,West,Furniture,Desk,3.0,927.57,0.3,1947.9,538.84,False,False,False,2025-06,7,0.2766
ORD-11577,2024-08-11,2024-08-17,Second Class,CUST-0038,Customer 38,West,Technology,Wireless Mouse,10.0,655.93,0.0,6559.3,2454.61,False,False,False,2024-08,6,0.3742
ORD-11578,2025-02-12,2025-02-18,Second Class,CUST-0027,Customer 27,South,Technology,Monitor,3.0,892.31,0.0,2676.93,701.09,False,False,False,2025-02,6,0.2619
ORD-11579,2025-09-14,2025-09-16,Same Day,CUST-0187,Customer 187,North,Technology,Laptop,8.0,852.78,0.15,5798.9,1096.65,False,False,False,2025-09,2,0.1891
ORD-11580,2024-06-08,2024-06-09,Same Day,CUST-0043,Customer 43,East,Technology,Laptop,9.0,951.63,0.0,8564.67,2789.38,False,False,False,2024-06,1,0.3257
ORD-11581,2025-10-12,2025-10-18,First Class,CUST-0112,Customer 112,West,Furniture,Table Lamp,1.0,138.09,0.0,138.09,33.96,False,False,False,2025-10,6,0.2459
ORD-11582,2025-01-15,2025-01-21,Standard Class,CUST-0198,Customer 198,North,Technology,Monitor,11.0,22.87,0.1,226.41,46.54,False,False,False,2025-01,6,0.2056
ORD-11583,2025-06-03,2025-06-05,Same Day,CUST-0099,Customer 99,East,Office Supplies,Binder,9.0,373.33,0.0,3359.97,972.64,False,False,False,2025-06,2,0.2895
ORD-11584,2025-11-12,2025-11-17,Second Class,CUST-0092,Customer 92,West,Technology,Printer,10.0,693.66,0.0,6936.6,1898.28,False,False,False,2025-11,5,0.2737
ORD-11585,2025-11-16,2025-11-18,First Class,CUST-0131,Customer 131,East,Furniture,Desk,5.0,1080.8,0.15,4593.4,137.27,False,False,False,2025-11,2,0.0299
ORD-11586,2024-06-02,2024-06-09,First Class,CUST-0052,Customer 52,North,Office Supplies,Stapler,1.0,245.16,0.1,220.64,40.41,False,False,False,2024-06,7,0.1831
ORD-11587,2024-08-19,2024-08-22,First Class,CUST-0096,Customer 96,South,Furniture,Table Lamp,6.0,32.57,0.0,195.42,62.26,False,False,False,2024-08,3,0.3186
ORD-11588,2024-03-02,2024-03-07,Standard Class,CUST-0003,Customer 3,East,Office Supplies,Binder,8.0,26.32,0.1,189.5,71.58,False,False,False,2024-03,5,0.3777
ORD-11589,2025-03-18,2025-03-24,Second Class,CUST-0016,Customer 16,West,Technology,Printer,3.0,741.81,0.0,2225.43,1025.91,False,False,False,2025-03,6,0.461
ORD-11590,2024-01-03,2024-01-09,Second Class,CUST-0187,Customer 187,North,Office Supplies,Stapler,4.0,753.55,0.0,3014.2,985.55,False,False,False,2024-01,6,0.327
ORD-11591,2024-02-10,2024-02-13,First Class,CUST-0187,Customer 187,North,Office Supplies,Paper,3.0,1095.87,0.2,2630.09,501.85,False,False,False,2024-02,3,0.1908
ORD-11592,2025-03-27,2025-04-03,Standard Class,CUST-0094,Customer 94,South,Furniture,Table Lamp,4.0,656.01,0.0,2624.04,533.35,False,False,False,2025-03,7,0.2033
ORD-11593,2024-07-31,2024-08-02,Standard Class,CUST-0007,Customer 7,North,Furniture,Table Lamp,4.0,573.57,0.15,1950.14,168.57,False,False,False,2024-07,2,0.0864
ORD-11594,2025-01-19,2025-01-26,Same Day,CUST-0019,Customer 19,West,Technology,Wireless Mouse,10.0,213.52,0.0,2135.2,599.83,False,False,False,2025-01,7,0.2809
ORD-11595,2024-03-10,2024-03-13,Same Day,CUST-0159,Customer 159,East,Technology,Laptop,1.0,847.48,0.0,847.48,168.01,False,False,False,2024-03,3,0.1982
ORD-11596,2024-07-05,2024-07-10,Same Day,CUST-0002,Customer 2,West,Furniture,Desk,8.0,286.81,0.0,2294.48,531.01,False,False,False,2024-07,5,0.2314
ORD-11597,2025-10-12,2025-10-19,Standard Class,CUST-0065,Customer 65,South,Technology,Wireless Mouse,1.0,583.35,0.0,583.35,251.46,False,False,False,2025-10,7,0.4311
ORD-11598,2025-08-03,2025-08-04,Standard Class,CUST-0194,Customer 194,South,Furniture,Chair,5.0,776.63,0.0,3883.15,1078.33,False,False,False,2025-08,1,0.2777
ORD-11599,2024-07-27,2024-08-03,First Class,CUST-0162,Customer 162,East,Furniture,Desk,11.0,765.46,0.0,8420.06,2883.77,False,False,False,2024-07,7,0.3425
ORD-11600,2025-09-26,2025-10-01,Same Day,CUST-0156,Customer 156,East,Office Supplies,Pens (Box),9.0,416.27,0.1,3371.79,632.5,False,False,False,2025-09,5,0.1876
ORD-11601,2025-01-11,2025-01-17,Second Class,CUST-0055,Customer 55,South,Technology,Printer,1.0,209.39,0.0,209.39,47.89,False,False,False,2025-01,6,0.2287
ORD-11602,2024-01-13,2024-01-15,Standard Class,CUST-0175,Customer 175,East,Office Supplies,Paper,4.0,939.66,0.0,3758.64,849.64,False,False,False,2024-01,2,0.226
ORD-11603,2024-07-04,2024-07-09,Second Class,CUST-0089,Customer 89,West,Technology,Monitor,11.0,210.06,0.0,2310.66,626.85,False,False,False,2024-07,5,0.2713
ORD-11604,2025-07-01,2025-07-04,Second Class,CUST-0170,Customer 170,North,Furniture,Table Lamp,7.0,27.89,0.0,195.23,36.38,False,False,False,2025-07,3,0.1863
ORD-11605,2025-11-18,2025-11-19,Same Day,CUST-0099,Customer 99,East,Office Supplies,Pens (Box),8.0,135.8,0.0,1086.4,278.7,False,False,False,2025-11,1,0.2565
ORD-11606,2024-04-24,2024-04-25,First Class,CUST-0172,Customer 172,North,Technology,Printer,3.0,421.27,0.1,1137.43,162.48,False,False,False,2024-04,1,0.1428
ORD-11607,2025-05-09,2025-05-11,Same Day,CUST-0041,Customer 41,North,Office Supplies,Stapler,11.0,570.76,0.0,6278.36,1440.72,False,False,False,2025-05,2,0.2295
ORD-11608,2024-10-14,2024-10-16,Standard Class,CUST-0008,Customer 8,East,Furniture,Bookcase,1.0,669.88,0.0,669.88,118.13,False,False,False,2024-10,2,0.1763
ORD-11609,2025-02-09,2025-02-10,Same Day,CUST-0045,Customer 45,North,Office Supplies,Paper,1.0,924.2,0.2,739.36,149.8,False,False,False,2025-02,1,0.2026
ORD-11610,2024-09-02,2024-09-07,First Class,CUST-0189,Customer 189,North,Furniture,Table Lamp,5.0,624.72,0.15,2655.06,883.31,False,False,False,2024-09,5,0.3327
ORD-11611,2024-12-03,2024-12-07,First Class,CUST-0140,Customer 140,South,Technology,Wireless Mouse,2.0,998.57,0.0,1997.14,345.41,False,False,False,2024-12,4,0.173
ORD-11612,2024-10-19,2024-10-22,Second Class,CUST-0044,Customer 44,South,Technology,Monitor,5.0,982.47,0.1,4421.12,634.72,False,False,False,2024-10,3,0.1436
ORD-11613,2025-07-16,2025-07-20,Standard Class,CUST-0132,Customer 132,East,Furniture,Bookcase,1.0,933.1,0.0,933.1,300.25,False,False,False,2025-07,4,0.3218
ORD-11614,2025-03-20,2025-03-25,Standard Class,CUST-0044,Customer 44,South,Furniture,Bookcase,2.0,1166.6,0.0,2333.2,698.25,False,False,False,2025-03,5,0.2993
ORD-11615,2025-09-16,2025-09-18,Second Class,CUST-0180,Customer 180,East,Office Supplies,Binder,7.0,516.91,0.15,3075.61,690.2,False,False,False,2025-09,2,0.2244
ORD-11616,2025-10-17,2025-10-20,Same Day,CUST-0044,Customer 44,South,Furniture,Chair,3.0,878.5,0.1,2371.95,247.55,False,False,False,2025-10,3,0.1044
ORD-11617,2025-12-13,2025-12-19,First Class,CUST-0059,Customer 59,East,Technology,Printer,2.0,451.17,0.2,721.87,-29.04,False,False,False,2025-12,6,-0.0402
ORD-11618,2025-10-04,2025-10-06,Second Class,CUST-0181,Customer 181,West,Office Supplies,Paper,3.0,174.59,0.0,523.77,192.54,False,False,False,2025-10,2,0.3676
ORD-11619,2025-03-10,2025-03-17,First Class,CUST-0131,Customer 131,East,Office Supplies,Binder,11.0,934.27,0.0,10276.97,3553.27,False,False,False,2025-03,7,0.3458
ORD-11620,2025-05-13,2025-05-18,First Class,CUST-0135,Customer 135,West,Office Supplies,Binder,2.0,288.4,0.0,576.8,115.77,False,False,False,2025-05,5,0.2007
ORD-11621,2024-11-17,2024-11-18,First Class,CUST-0030,Customer 30,South,Furniture,Table Lamp,4.0,1187.97,0.0,4751.88,1317.99,False,False,False,2024-11,1,0.2774
ORD-11622,2025-02-03,2025-02-10,Same Day,CUST-0137,Customer 137,East,Furniture,Table Lamp,10.0,374.72,0.1,3372.48,405.89,False,False,False,2025-02,7,0.1204
ORD-11623,2024-08-26,2024-08-28,Standard Class,CUST-0062,Customer 62,East,Office Supplies,Stapler,8.0,388.86,0.0,3110.88,666.63,False,False,False,2024-08,2,0.2143
ORD-11624,2024-11-20,2024-11-27,Second Class,CUST-0138,Customer 138,North,Technology,Printer,4.0,980.8,0.0,3923.2,1500.65,False,False,False,2024-11,7,0.3825
ORD-11625,2024-09-05,2024-09-10,First Class,CUST-0024,Customer 24,West,Office Supplies,Paper,9.0,549.92,0.0,4949.28,2245.93,False,False,False,2024-09,5,0.4538
ORD-11626,2024-06-11,2024-06-12,Standard Class,CUST-0074,Customer 74,North,Furniture,Table Lamp,5.0,749.63,0.0,3748.15,1834.49,False,False,False,2024-06,1,0.4894
ORD-11627,2024-11-23,2024-11-30,Standard Class,CUST-0179,Customer 179,West,Furniture,Table Lamp,3.0,955.75,0.0,2867.25,673.91,False,False,False,2024-11,7,0.235
ORD-11628,2025-07-01,2025-07-05,Same Day,CUST-0132,Customer 132,East,Furniture,Desk,1.0,121.02,0.0,121.02,39.38,False,False,False,2025-07,4,0.3254
ORD-11629,2025-05-21,2025-05-28,First Class,CUST-0127,Customer 127,North,Office Supplies,Pens (Box),10.0,838.96,0.0,8389.6,1763.85,False,False,False,2025-05,7,0.2102
ORD-11630,2025-09-30,2025-10-01,Same Day,CUST-0015,Customer 15,East,Furniture,Table Lamp,9.0,615.01,0.0,5535.09,2332.64,False,False,False,2025-09,1,0.4214
ORD-11631,2024-01-05,2024-01-11,Same Day,CUST-0041,Customer 41,North,Furniture,Desk,6.0,727.8,0.15,3711.78,233.67,False,False,False,2024-01,6,0.063
ORD-11632,2025-05-03,2025-05-09,First Class,CUST-0049,Customer 49,East,Furniture,Chair,4.0,221.64,0.0,886.56,138.98,False,False,False,2025-05,6,0.1568
ORD-11633,2025-08-19,2025-08-21,Second Class,CUST-0180,Customer 180,East,Technology,Monitor,8.0,997.31,0.0,7978.48,2599.96,False,False,False,2025-08,2,0.3259
ORD-11634,2025-01-05,2025-01-06,Standard Class,CUST-0186,Customer 186,South,Office Supplies,Binder,2.0,921.04,0.0,1842.08,557.47,False,False,False,2025-01,1,0.3026
ORD-11635,2024-01-15,2024-01-21,Standard Class,CUST-0122,Customer 122,East,Furniture,Bookcase,1.0,207.51,0.3,145.26,-31.02,False,False,False,2024-01,6,-0.2135
ORD-11636,2025-10-16,2025-10-23,Same Day,CUST-0080,Customer 80,East,Furniture,Table Lamp,2.0,625.57,0.0,1251.14,314.93,False,False,False,2025-10,7,0.2517
ORD-11637,2025-04-30,2025-05-03,Standard Class,CUST-0010,Customer 10,South,Furniture,Desk,6.0,581.595,0.0,2620.32,587.3,False,False,False,2025-04,3,0.2241
ORD-11638,2024-01-21,2024-01-22,Second Class,CUST-0011,Customer 11,East,Office Supplies,Pens (Box),7.0,983.17,0.1,6193.97,1508.76,False,False,False,2024-01,1,0.2436
ORD-11639,2025-12-29,2026-01-03,First Class,CUST-0158,Customer 158,East,Office Supplies,Pens (Box),5.0,195.56,0.0,977.8,398.14,False,False,False,2025-12,5,0.4072
ORD-11640,2024-12-06,2024-12-09,Same Day,CUST-0151,Customer 151,West,Office Supplies,Stapler,6.0,1008.39,0.0,6050.34,1056.2,False,False,False,2024-12,3,0.1746
ORD-11641,2024-03-24,2024-03-27,First Class,CUST-0074,Customer 74,North,Furniture,Table Lamp,8.0,261.48,0.15,1778.06,266.7,False,False,False,2024-03,3,0.15
ORD-11642,2025-08-07,2025-08-09,Second Class,CUST-0066,Customer 66,South,Technology,Monitor,7.0,956.41,0.0,6694.87,2639.11,False,False,False,2025-08,2,0.3942
ORD-11643,2024-10-16,2024-10-22,Standard Class,CUST-0158,Customer 158,East,Technology,Printer,2.0,405.66,0.15,689.62,148.64,False,False,False,2024-10,6,0.2155
ORD-11644,2025-03-30,2025-04-03,Same Day,CUST-0031,Customer 31,South,Office Supplies,Binder,9.0,314.94,0.0,2834.46,435.73,False,False,False,2025-03,4,0.1537
ORD-11645,2024-07-22,2024-07-28,Same Day,CUST-0168,Customer 168,North,Office Supplies,Paper,2.0,41.12,0.0,82.24,14.13,False,False,False,2024-07,6,0.1718
ORD-11646,2024-04-17,2024-04-19,Same Day,CUST-0163,Customer 163,South,Office Supplies,Pens (Box),2.0,673.18,0.0,1346.36,528.78,False,False,False,2024-04,2,0.3927
ORD-11647,2024-10-23,2024-10-27,First Class,CUST-0109,Customer 109,South,Office Supplies,Paper,2.0,303.2,0.0,606.4,290.18,False,False,False,2024-10,4,0.4785
ORD-11648,2024-08-01,2024-08-05,First Class,CUST-0021,Customer 21,East,Furniture,Desk,4.0,278.75,0.2,892.0,182.74,False,False,False,2024-08,4,0.2049
ORD-11649,2024-01-12,2024-01-18,Standard Class,CUST-0110,Customer 110,East,Furniture,Chair,8.0,126.22,0.0,1009.76,241.84,False,False,False,2024-01,6,0.2395
ORD-11650,2025-11-29,2025-12-05,Second Class,CUST-0005,Customer 5,South,Office Supplies,Binder,11.0,129.67,0.0,1426.37,498.5,False,False,False,2025-11,6,0.3495
ORD-11651,2024-02-02,2024-02-08,Second Class,CUST-0050,Customer 50,West,Technology,Printer,8.0,634.03,0.0,5072.24,1766.67,False,False,False,2024-02,6,0.3483
ORD-11652,2025-05-14,2025-05-15,First Class,CUST-0154,Customer 154,South,Furniture,Desk,3.0,398.93,0.0,1196.79,453.88,False,False,False,2025-05,1,0.3792
ORD-11653,2025-07-18,2025-07-24,Standard Class,CUST-0177,Customer 177,East,Furniture,Table Lamp,8.0,931.67,0.0,7453.36,3089.55,False,False,False,2025-07,6,0.4145
ORD-11654,2025-05-30,2025-06-01,Second Class,CUST-0100,Customer 100,North,Technology,Wireless Mouse,8.0,70.39,0.1,506.81,125.44,False,False,False,2025-05,2,0.2475
ORD-11655,2024-06-26,2024-07-01,Standard Class,CUST-0019,Customer 19,West,Technology,Laptop,7.0,870.87,0.15,5181.68,1551.27,False,False,False,2024-06,5,0.2994
ORD-11656,2024-12-25,2024-12-28,Standard Class,CUST-0027,Customer 27,South,Office Supplies,Stapler,2.0,472.27,0.1,850.09,278.64,False,False,False,2024-12,3,0.3278
ORD-11657,2025-07-19,2025-07-26,First Class,CUST-0056,Customer 56,North,Technology,Printer,3.0,44.71,0.0,134.13,34.44,False,False,False,2025-07,7,0.2568
ORD-11658,2025-08-20,2025-08-21,Standard Class,CUST-0115,Customer 115,East,Office Supplies,Paper,7.0,317.42,0.3,1555.36,6.35,False,False,False,2025-08,1,0.0041
ORD-11659,2025-10-03,2025-10-09,First Class,CUST-0199,Customer 199,South,Technology,Laptop,4.0,936.47,0.0,3745.88,749.36,False,False,False,2025-10,6,0.2
ORD-11660,2024-06-16,2024-06-22,Standard Class,CUST-0122,Customer 122,East,Technology,Wireless Mouse,10.0,627.6,0.15,5334.6,1367.63,False,False,False,2024-06,6,0.2564
ORD-11661,2025-07-23,2025-07-30,Second Class,CUST-0198,Customer 198,North,Furniture,Chair,3.0,1044.72,0.0,3134.16,817.26,False,False,False,2025-07,7,0.2608
ORD-11662,2024-01-17,2024-01-22,Second Class,CUST-0148,Customer 148,North,Furniture,Table Lamp,5.0,129.42,0.0,647.1,252.79,False,False,False,2024-01,5,0.3907
ORD-11663,2025-07-31,2025-08-06,Same Day,CUST-0080,Customer 80,East,Technology,Wireless Mouse,3.0,84.13,0.1,227.15,98.86,False,False,False,2025-07,6,0.4352
ORD-11664,2025-03-11,2025-03-12,Same Day,CUST-0022,Customer 22,South,Furniture,Bookcase,5.0,790.14,0.1,3555.63,291.97,False,False,False,2025-03,1,0.0821
ORD-11665,2025-09-11,2025-09-16,Standard Class,CUST-0012,Customer 12,West,Technology,Printer,7.0,964.35,0.0,6750.45,2130.07,False,False,False,2025-09,5,0.3155
ORD-11666,2024-08-03,2024-08-06,Same Day,CUST-0092,Customer 92,West,Technology,Monitor,9.0,222.66,0.0,2003.94,357.19,False,False,False,2024-08,3,0.1782
ORD-11667,2025-09-29,2025-10-02,Same Day,CUST-0125,Customer 125,West,Technology,Laptop,3.0,947.61,0.1,2558.55,634.33,False,False,False,2025-09,3,0.2479
ORD-11668,2025-03-26,2025-03-28,Same Day,CUST-0007,Customer 7,North,Office Supplies,Pens (Box),7.0,455.37,0.2,2550.07,220.31,False,False,False,2025-03,2,0.0864
ORD-11669,2025-03-22,2025-03-28,Second Class,CUST-0013,Customer 13,East,Technology,Printer,6.0,1125.0,0.3,4725.0,-919.81,False,False,False,2025-03,6,-0.1947
ORD-11670,2024-10-06,2024-10-07,Same Day,CUST-0190,Customer 190,South,Furniture,Chair,1.0,1126.27,0.0,1126.27,264.84,False,False,False,2024-10,1,0.2351
ORD-11671,2024-09-04,2024-09-06,Same Day,CUST-0197,Customer 197,South,Office Supplies,Paper,11.0,668.29,0.0,7351.19,1134.48,False,False,False,2024-09,2,0.1543
ORD-11672,2025-05-18,2025-05-22,Same Day,CUST-0118,Customer 118,North,Office Supplies,Pens (Box),4.0,645.88,0.0,2583.52,827.67,False,False,False,2025-05,4,0.3204
ORD-11673,2025-12-27,2025-12-30,Second Class,CUST-0071,Customer 71,West,Technology,Monitor,5.0,663.57,0.15,2820.17,101.2,False,False,False,2025-12,3,0.0359
ORD-11674,2024-11-25,2024-11-26,Second Class,CUST-0109,Customer 109,South,Technology,Monitor,8.0,267.76,0.0,2142.08,637.52,False,False,False,2024-11,1,0.2976
ORD-11675,2024-08-30,2024-08-31,Second Class,CUST-0010,Customer 10,North,Furniture,Desk,2.0,171.75,0.1,309.15,110.75,False,False,False,2024-08,1,0.3582
ORD-11676,2025-10-16,2025-10-20,Standard Class,CUST-0137,Customer 137,East,Furniture,Desk,5.0,732.98,0.1,3298.41,746.46,False,False,False,2025-10,4,0.2263
ORD-11677,2024-04-28,2024-05-05,Standard Class,CUST-0183,Customer 183,South,Office Supplies,Paper,10.0,422.87,0.1,3805.83,887.76,False,False,False,2024-04,7,0.2333
ORD-11678,2025-10-03,2025-10-07,Same Day,CUST-0070,Customer 70,South,Technology,Laptop,8.0,1162.44,0.1,8369.57,3329.51,False,False,False,2025-10,4,0.3978
ORD-11679,2025-07-15,2025-07-20,Standard Class,CUST-0106,Customer 106,West,Technology,Wireless Mouse,6.0,1061.42,0.0,4245.68,855.4,False,False,True,2025-07,5,0.2015
ORD-11680,2025-02-20,2025-02-26,First Class,CUST-0102,Customer 102,North,Office Supplies,Pens (Box),3.0,622.52,0.0,1867.56,844.66,False,False,False,2025-02,6,0.4523
ORD-11681,2025-04-22,2025-04-28,First Class,CUST-0161,Customer 161,West,Technology,Monitor,11.0,1158.29,0.1,11467.07,4015.09,True,False,False,2025-04,6,0.3501
ORD-11682,2024-12-26,2024-12-31,Same Day,CUST-0163,Customer 163,South,Office Supplies,Pens (Box),4.0,1124.4,0.0,4497.6,1834.52,False,False,False,2024-12,5,0.4079
ORD-11683,2024-04-30,2024-05-04,Standard Class,CUST-0153,Customer 153,South,Technology,Laptop,6.0,643.55,0.0,10937.1,646.9449999999999,True,False,True,2024-04,4,0.0592
ORD-11684,2024-08-27,2024-08-31,Same Day,CUST-0196,Customer 196,North,Technology,Wireless Mouse,4.0,887.66,0.0,3550.64,1016.07,False,False,False,2024-08,4,0.2862
ORD-11685,2024-02-14,2024-02-17,Standard Class,CUST-0199,Customer 199,South,Office Supplies,Stapler,5.0,446.86,0.0,2234.3,1012.82,False,False,False,2024-02,3,0.4533
ORD-11686,2024-08-19,2024-08-24,Same Day,CUST-0164,Customer 164,South,Technology,Monitor,5.0,888.26,0.0,4441.3,1822.26,False,False,False,2024-08,5,0.4103
ORD-11687,2024-09-23,2024-09-25,Standard Class,CUST-0151,Customer 151,West,Furniture,Chair,5.0,694.22,0.0,3471.1,1394.15,False,False,False,2024-09,2,0.4016
ORD-11688,2024-11-11,2024-11-14,Standard Class,CUST-0079,Customer 79,East,Furniture,Table Lamp,10.0,504.31,0.0,5043.1,819.8,False,False,False,2024-11,3,0.1626
ORD-11689,2025-09-08,2025-09-12,Standard Class,CUST-0056,Customer 56,North,Office Supplies,Binder,4.0,1148.03,0.0,4592.12,2162.86,False,False,False,2025-09,4,0.471
ORD-11690,2025-04-24,2025-04-25,Second Class,CUST-0135,Customer 135,West,Office Supplies,Pens (Box),3.0,825.33,0.0,2475.99,623.9,False,False,False,2025-04,1,0.252
ORD-11691,2025-05-03,2025-05-07,Same Day,CUST-0129,Customer 129,East,Office Supplies,Paper,9.0,710.54,0.15,5435.63,919.2,False,False,False,2025-05,4,0.1691
ORD-11692,2024-09-30,2024-10-05,First Class,CUST-0069,Customer 69,North,Office Supplies,Stapler,11.0,56.48,0.15,528.09,206.17,False,False,False,2024-09,5,0.3904
ORD-11693,2025-10-14,2025-10-19,Same Day,CUST-0032,Customer 32,North,Furniture,Table Lamp,5.0,1031.61,0.0,5158.05,1374.61,False,False,False,2025-10,5,0.2665
ORD-11694,2025-08-06,2025-08-07,Second Class,CUST-0110,Customer 110,East,Furniture,Chair,2.0,542.89,0.0,1085.78,405.4,False,False,False,2025-08,1,0.3734
ORD-11695,2024-11-04,2024-11-06,Same Day,CUST-0113,Customer 113,East,Technology,Printer,2.0,512.95,0.1,923.31,231.48,False,False,False,2024-11,2,0.2507
ORD-11696,2025-05-03,2025-05-09,Standard Class,CUST-0111,Customer 111,South,Furniture,Desk,11.0,1081.42,0.0,11895.62,3131.77,True,False,False,2025-05,6,0.2633
ORD-11697,2025-12-08,2025-12-14,Same Day,CUST-0119,Customer 119,North,Office Supplies,Binder,4.0,428.38,0.0,1713.52,805.98,False,False,False,2025-12,6,0.4704
ORD-11698,2024-05-12,2024-05-17,Same Day,CUST-0011,Customer 11,East,Furniture,Desk,7.0,1169.99,0.1,7370.94,610.44,False,False,False,2024-05,5,0.0828
ORD-11699,2024-09-14,2024-09-20,Standard Class,CUST-0096,Customer 96,South,Office Supplies,Binder,6.0,208.8,0.0,1252.8,498.17,False,False,False,2024-09,6,0.3976
ORD-11700,2025-05-13,2025-05-17,Standard Class,CUST-0019,Customer 19,South,Office Supplies,Paper,6.0,598.415,0.0,762.55,658.67,False,False,True,2025-05,4,0.8638
ORD-11701,2024-01-10,2024-01-11,Same Day,CUST-0091,Customer 91,South,Furniture,Desk,2.0,280.21,0.1,504.38,184.87,False,False,False,2024-01,1,0.3665
ORD-11702,2024-05-14,2024-05-17,Second Class,CUST-0096,Customer 96,South,Furniture,Table Lamp,6.0,322.08,0.0,1932.48,479.57,False,False,False,2024-05,3,0.2482
ORD-11703,2024-04-12,2024-04-18,Second Class,CUST-0195,Customer 195,West,Office Supplies,Stapler,10.0,708.14,0.0,7081.4,1350.53,False,False,False,2024-04,6,0.1907
ORD-11704,2025-06-01,2025-06-04,First Class,CUST-0155,Customer 155,South,Technology,Laptop,4.0,966.48,0.3,2706.14,-12.24,False,False,False,2025-06,3,-0.0045
ORD-11705,2025-09-04,2025-09-05,Second Class,CUST-0056,Customer 56,North,Technology,Wireless Mouse,8.0,1105.38,0.0,8843.04,3718.06,False,False,False,2025-09,1,0.4205
ORD-11706,2024-02-18,2024-02-22,Standard Class,CUST-0111,Customer 111,South,Furniture,Table Lamp,6.0,480.1,0.2,2304.48,358.38,False,False,False,2024-02,4,0.1555
ORD-11707,2024-08-09,2024-08-14,Standard Class,CUST-0030,Customer 30,South,Technology,Laptop,5.0,145.16,0.1,653.22,139.89,False,False,False,2024-08,5,0.2142
ORD-11708,2024-05-07,2024-05-09,Standard Class,CUST-0187,Customer 187,North,Furniture,Chair,3.0,202.86,0.0,608.58,147.63,False,False,False,2024-05,2,0.2426
ORD-11709,2025-12-15,2025-12-20,Same Day,CUST-0107,Customer 107,West,Office Supplies,Pens (Box),2.0,146.38,0.0,292.76,94.29,False,False,False,2025-12,5,0.3221
ORD-11710,2025-03-25,2025-03-28,Standard Class,CUST-0108,Customer 108,East,Office Supplies,Paper,3.0,929.74,0.0,2789.22,1316.79,False,False,False,2025-03,3,0.4721
ORD-11711,2025-01-17,2025-01-20,Second Class,CUST-0032,Customer 32,North,Furniture,Desk,10.0,455.16,0.0,4551.6,1051.23,False,False,False,2025-01,3,0.231
ORD-11712,2024-12-17,2024-12-23,First Class,CUST-0177,Customer 177,East,Office Supplies,Paper,9.0,120.34,0.0,1083.06,430.33,False,False,False,2024-12,6,0.3973
ORD-11713,2025-12-13,2025-12-19,First Class,CUST-0112,Customer 112,West,Office Supplies,Binder,9.0,78.8,0.3,496.44,128.33,False,False,False,2025-12,6,0.2585
ORD-11714,2024-11-16,2024-11-17,Same Day,CUST-0112,Customer 112,West,Furniture,Bookcase,11.0,909.77,0.1,9006.72,3522.5,False,False,False,2024-11,1,0.3911
ORD-11715,2025-11-14,2025-11-16,Same Day,CUST-0033,Customer 33,North,Furniture,Bookcase,6.0,775.87,0.15,3956.94,874.77,False,False,False,2025-11,2,0.2211
ORD-11716,2025-01-20,2025-01-26,Standard Class,CUST-0174,Customer 174,East,Technology,Monitor,11.0,557.7,0.1,5521.23,1938.37,False,False,False,2025-01,6,0.3511
ORD-11717,2024-02-09,2024-02-11,First Class,CUST-0020,Customer 20,South,Technology,Wireless Mouse,1.0,279.06,0.0,279.06,91.9,False,False,False,2024-02,2,0.3293
ORD-11718,2025-01-31,2025-02-07,First Class,CUST-0031,Customer 31,South,Office Supplies,Pens (Box),6.0,347.77,0.0,2086.62,943.5,False,False,False,2025-01,7,0.4522
ORD-11719,2024-04-20,2024-04-27,Standard Class,CUST-0091,Customer 91,South,Office Supplies,Paper,1.0,226.73,0.0,226.73,87.99,False,False,False,2024-04,7,0.3881
ORD-11720,2024-09-14,2024-09-21,Second Class,CUST-0106,Customer 106,West,Technology,Laptop,10.0,165.66,0.0,1656.6,592.06,False,False,False,2024-09,7,0.3574
ORD-11721,2025-07-13,2025-07-15,Second Class,CUST-0036,Customer 36,North,Furniture,Desk,7.0,604.53,0.0,4231.71,838.05,False,False,False,2025-07,2,0.198
ORD-11722,2024-11-12,2024-11-18,Standard Class,CUST-0160,Customer 160,West,Office Supplies,Pens (Box),11.0,278.14,0.15,2600.61,683.96,False,False,False,2024-11,6,0.263
ORD-11723,2025-12-16,2025-12-22,Second Class,CUST-0124,Customer 124,South,Technology,Wireless Mouse,6.0,1020.77,0.1,5512.16,571.74,False,False,False,2025-12,6,0.1037
ORD-11724,2025-12-21,2025-12-23,First Class,CUST-0002,Customer 2,West,Furniture,Bookcase,5.0,1151.2,0.15,4892.6,452.64,False,False,False,2025-12,2,0.0925
ORD-11725,2024-02-04,2024-02-09,Same Day,CUST-0027,Customer 27,South,Furniture,Table Lamp,10.0,17.93,0.0,179.3,64.31,False,False,False,2024-02,5,0.3587
ORD-11726,2024-03-17,2024-03-19,First Class,CUST-0035,Customer 35,West,Technology,Laptop,10.0,270.68,0.0,2706.8,1340.09,False,False,False,2024-03,2,0.4951
ORD-11727,2025-04-24,2025-04-26,Standard Class,CUST-0111,Customer 111,South,Furniture,Bookcase,4.0,405.21,0.0,1620.84,322.66,False,False,False,2025-04,2,0.1991
ORD-11728,2024-02-02,2024-02-09,Same Day,CUST-0075,Customer 75,East,Furniture,Bookcase,6.0,996.82,0.3,4186.64,-75.8,False,False,False,2024-02,7,-0.0181
ORD-11729,2025-01-21,2025-01-25,Standard Class,CUST-0194,Customer 194,South,Technology,Wireless Mouse,6.0,131.97,0.0,659.85,273.46,False,False,False,2025-01,4,0.4144
ORD-11730,2025-03-23,2025-03-25,First Class,CUST-0023,Customer 23,North,Office Supplies,Paper,6.0,221.54,0.0,1329.24,573.57,False,False,False,2025-03,2,0.4315
ORD-11731,2024-03-07,2024-03-08,First Class,CUST-0094,Customer 94,South,Technology,Laptop,9.0,73.41,0.0,660.69,106.74,False,False,False,2024-03,1,0.1616
ORD-11732,2024-04-17,2024-04-21,Same Day,CUST-0075,Customer 75,East,Office Supplies,Paper,5.0,557.72,0.0,2788.6,887.99,False,False,False,2024-04,4,0.3184
ORD-11733,2024-04-06,2024-04-09,Second Class,CUST-0060,Customer 60,East,Furniture,Table Lamp,2.0,991.21,0.0,1982.42,378.81,False,False,False,2024-04,3,0.1911
ORD-11734,2024-05-05,2024-05-07,Standard Class,CUST-0174,Customer 174,East,Office Supplies,Pens (Box),6.0,961.87,0.0,5771.22,1243.52,False,False,False,2024-05,2,0.2155
ORD-11735,2024-03-28,2024-04-04,Standard Class,CUST-0193,Customer 193,East,Technology,Wireless Mouse,2.0,1152.3,0.0,2304.6,1099.48,False,False,False,2024-03,7,0.4771
ORD-11736,2024-07-28,2024-07-31,First Class,CUST-0007,Customer 7,North,Furniture,Bookcase,1.0,780.27,0.0,780.27,264.82,False,False,False,2024-07,3,0.3394
ORD-11737,2024-11-25,2024-11-28,Same Day,CUST-0199,Customer 199,South,Technology,Wireless Mouse,3.0,172.55,0.1,465.89,176.58,False,False,False,2024-11,3,0.379
ORD-11738,2025-05-27,2025-06-03,Same Day,CUST-0097,Customer 97,North,Technology,Monitor,9.0,516.39,0.15,3950.38,520.87,False,False,False,2025-05,7,0.1319
ORD-11739,2025-07-07,2025-07-09,Second Class,CUST-0090,Customer 90,West,Office Supplies,Binder,2.0,1173.62,0.1,2112.52,468.39,False,False,False,2025-07,2,0.2217
ORD-11740,2024-10-30,2024-10-31,Standard Class,CUST-0086,Customer 86,East,Office Supplies,Stapler,11.0,812.65,0.0,8939.15,2865.04,False,False,False,2024-10,1,0.3205
ORD-11741,2024-06-23,2024-06-29,First Class,CUST-0057,Customer 57,East,Furniture,Chair,1.0,984.47,0.0,984.47,165.88,False,False,False,2024-06,6,0.1685
ORD-11742,2025-08-18,2025-08-22,First Class,CUST-0057,Customer 57,East,Technology,Printer,9.0,1130.77,0.1,9159.24,3694.68,False,False,False,2025-08,4,0.4034
ORD-11743,2024-07-07,2024-07-08,First Class,CUST-0051,Customer 51,West,Furniture,Table Lamp,1.0,833.02,0.15,708.07,245.25,False,False,False,2024-07,1,0.3464
ORD-11744,2024-01-26,2024-01-31,First Class,CUST-0196,Customer 196,North,Technology,Laptop,2.0,866.66,0.15,1473.32,294.55,False,False,False,2024-01,5,0.1999
ORD-11745,2024-02-12,2024-02-14,First Class,CUST-0026,Customer 26,East,Technology,Monitor,3.0,907.5,0.15,2314.12,646.76,False,False,False,2024-02,2,0.2795
ORD-11746,2024-07-24,2024-07-28,First Class,CUST-0002,Customer 2,West,Office Supplies,Paper,5.0,35.65,0.1,160.43,55.34,False,False,False,2024-07,4,0.3449
ORD-11747,2025-03-30,2025-04-05,Second Class,CUST-0128,Customer 128,West,Technology,Monitor,10.0,1152.65,0.0,11526.5,5406.86,True,False,False,2025-03,6,0.4691
ORD-11748,2024-02-08,2024-02-13,Second Class,CUST-0017,Customer 17,East,Office Supplies,Paper,7.0,1078.29,0.0,7548.03,2472.28,False,False,False,2024-02,5,0.3275
ORD-11749,2025-07-13,2025-07-16,Standard Class,CUST-0159,Customer 159,East,Technology,Printer,4.0,1049.07,0.1,3776.65,1043.6,False,False,False,2025-07,3,0.2763
ORD-11750,2024-10-18,2024-10-20,Standard Class,CUST-0158,Customer 158,East,Furniture,Table Lamp,4.0,412.94,0.0,1651.76,778.64,False,False,False,2024-10,2,0.4714
ORD-11751,2025-02-09,2025-02-14,Second Class,CUST-0022,Customer 22,South,Furniture,Table Lamp,2.0,1029.28,0.1,1852.7,214.19,False,False,False,2025-02,5,0.1156
ORD-11752,2025-05-25,2025-06-01,Same Day,CUST-0188,Customer 188,South,Technology,Laptop,11.0,339.63,0.0,3735.93,619.59,False,False,False,2025-05,7,0.1658
ORD-11753,2025-12-13,2025-12-15,Second Class,CUST-0177,Customer 177,East,Furniture,Chair,9.0,129.39,0.0,1164.51,570.77,False,False,False,2025-12,2,0.4901
ORD-11754,2024-01-12,2024-01-18,First Class,CUST-0029,Customer 29,East,Office Supplies,Binder,11.0,1185.69,0.0,13042.59,4723.27,True,False,False,2024-01,6,0.3621
ORD-11755,2024-08-08,2024-08-12,Second Class,CUST-0087,Customer 87,North,Technology,Wireless Mouse,6.0,737.47,0.15,3761.1,1081.43,False,False,False,2024-08,4,0.2875
ORD-11756,2024-08-11,2024-08-13,Standard Class,CUST-0190,Customer 190,South,Office Supplies,Pens (Box),7.0,329.2,0.3,1613.08,-10.46,False,False,False,2024-08,2,-0.0065
ORD-11757,2025-02-10,2025-02-14,Standard Class,CUST-0195,Customer 195,West,Furniture,Bookcase,4.0,1183.34,0.0,4733.36,1985.42,False,False,False,2025-02,4,0.4195
ORD-11758,2025-09-20,2025-09-26,Standard Class,CUST-0067,Customer 67,West,Technology,Laptop,11.0,23.75,0.15,222.06,19.03,False,False,False,2025-09,6,0.0857
ORD-11759,2024-06-01,2024-06-02,Same Day,CUST-0133,Customer 133,North,Office Supplies,Pens (Box),9.0,724.76,0.0,6522.84,3147.98,False,False,False,2024-06,1,0.4826
ORD-11760,2024-06-25,2024-06-30,Same Day,CUST-0186,Customer 186,South,Furniture,Chair,3.0,601.11,0.0,1803.33,403.15,False,False,False,2024-06,5,0.2236
ORD-11761,2025-07-29,2025-08-03,Same Day,CUST-0063,Customer 63,South,Office Supplies,Stapler,1.0,516.31,0.15,438.86,115.07,False,False,False,2025-07,5,0.2622
ORD-11762,2024-07-20,2024-07-24,First Class,CUST-0160,Customer 160,West,Technology,Monitor,5.0,785.03,0.0,3925.15,780.94,False,False,False,2024-07,4,0.199
ORD-11763,2024-07-20,2024-07-26,Same Day,CUST-0159,Customer 159,East,Furniture,Table Lamp,8.0,520.18,0.0,4161.44,680.92,False,False,False,2024-07,6,0.1636
ORD-11764,2025-02-01,2025-02-06,Second Class,CUST-0013,Customer 13,East,Furniture,Table Lamp,10.0,532.56,0.0,5325.6,2376.89,False,False,False,2025-02,5,0.4463
ORD-11765,2024-05-25,2024-06-01,First Class,CUST-0110,Customer 110,East,Technology,Printer,9.0,533.29,0.0,4799.61,1001.29,False,False,False,2024-05,7,0.2086
ORD-11766,2025-08-11,2025-08-12,First Class,CUST-0199,Customer 199,South,Furniture,Table Lamp,6.0,86.27,0.0,517.62,219.13,False,False,False,2025-08,1,0.4233
ORD-11767,2025-11-14,2025-11-21,Standard Class,CUST-0004,Customer 4,South,Technology,Monitor,6.0,917.46,0.0,5504.76,2014.94,False,False,False,2025-11,7,0.366
ORD-11768,2024-06-07,2024-06-09,Standard Class,CUST-0038,Customer 38,West,Technology,Wireless Mouse,7.0,139.62,0.0,977.34,344.06,False,False,False,2024-06,2,0.352
ORD-11769,2024-09-06,2024-09-10,First Class,CUST-0192,Customer 192,East,Office Supplies,Pens (Box),8.0,502.99,0.0,4023.92,1475.85,False,False,False,2024-09,4,0.3668
ORD-11770,2025-09-11,2025-09-16,Standard Class,CUST-0113,Customer 113,East,Office Supplies,Paper,2.0,157.43,0.0,314.86,47.94,False,False,False,2025-09,5,0.1523
ORD-11771,2025-04-25,2025-04-26,Second Class,CUST-0053,Customer 53,South,Furniture,Desk,8.0,474.79,0.0,3798.32,1894.18,False,False,False,2025-04,1,0.4987
ORD-11772,2025-07-21,2025-07-24,Standard Class,CUST-0162,Customer 162,East,Furniture,Chair,10.0,1029.72,0.0,10297.2,3933.97,False,False,False,2025-07,3,0.382
ORD-11773,2025-11-17,2025-11-22,Standard Class,CUST-0181,Customer 181,West,Furniture,Bookcase,3.0,945.3,0.0,2835.9,926.07,False,False,False,2025-11,5,0.3266
ORD-11774,2024-06-01,2024-06-06,First Class,CUST-0173,Customer 173,West,Furniture,Desk,5.0,1174.25,0.0,5871.25,1556.62,False,False,False,2024-06,5,0.2651
ORD-11775,2024-04-27,2024-05-03,Second Class,CUST-0076,Customer 76,South,Technology,Laptop,3.0,174.04,0.0,522.12,167.69,False,False,False,2024-04,6,0.3212
ORD-11776,2025-12-09,2025-12-11,First Class,CUST-0173,Customer 173,West,Furniture,Table Lamp,4.0,874.78,0.0,3499.12,1253.41,False,False,False,2025-12,2,0.3582
ORD-11777,2024-10-21,2024-10-27,First Class,CUST-0077,Customer 77,South,Technology,Laptop,2.0,701.62,0.0,1403.24,535.16,False,False,False,2024-10,6,0.3814
ORD-11778,2025-02-14,2025-02-21,Second Class,CUST-0074,Customer 74,North,Office Supplies,Stapler,11.0,677.78,0.0,7455.58,2163.54,False,False,False,2025-02,7,0.2902
ORD-11779,2024-02-07,2024-02-10,Same Day,CUST-0146,Customer 146,West,Technology,Printer,2.0,1192.97,0.1,2147.35,605.94,False,False,False,2024-02,3,0.2822
ORD-11780,2025-04-23,2025-04-27,First Class,CUST-0008,Customer 8,East,Furniture,Bookcase,9.0,844.0,0.15,6456.6,1445.49,False,False,False,2025-04,4,0.2239
ORD-11781,2025-01-04,2025-01-06,Second Class,CUST-0100,Customer 100,North,Technology,Laptop,8.0,572.41,0.1,4121.35,1823.28,False,False,False,2025-01,2,0.4424
ORD-11782,2025-01-05,2025-01-06,Same Day,CUST-0179,Customer 179,West,Furniture,Table Lamp,3.0,440.4,0.0,1321.2,451.67,False,False,False,2025-01,1,0.3419
ORD-11783,2024-08-10,2024-08-15,Second Class,CUST-0105,Customer 105,West,Office Supplies,Paper,10.0,1010.78,0.0,10107.8,4103.39,False,False,False,2024-08,5,0.406
ORD-11784,2025-06-28,2025-07-02,Same Day,CUST-0140,Customer 140,South,Office Supplies,Paper,1.0,243.96,0.0,243.96,95.78,False,False,False,2025-06,4,0.3926
ORD-11785,2025-04-07,2025-04-13,Same Day,CUST-0162,Customer 162,East,Office Supplies,Pens (Box),6.0,984.6,0.15,5021.46,1261.62,False,False,False,2025-04,6,0.2512
ORD-11786,2024-03-27,2024-03-30,Second Class,CUST-0162,Customer 162,East,Office Supplies,Stapler,1.0,515.02,0.0,515.02,243.1,False,False,False,2024-03,3,0.472
ORD-11787,2025-06-17,2025-06-23,Same Day,CUST-0142,Customer 142,North,Technology,Laptop,7.0,69.95,0.0,489.65,184.61,False,False,False,2025-06,6,0.377
ORD-11788,2025-06-08,2025-06-09,First Class,CUST-0016,Customer 16,West,Office Supplies,Binder,6.0,694.98,0.3,2918.92,695.85,False,False,False,2025-06,1,0.2384
ORD-11789,2025-12-30,2026-01-04,Second Class,CUST-0076,Customer 76,South,Technology,Laptop,4.0,61.11,0.0,244.44,83.41,False,False,False,2025-12,5,0.3412
ORD-11790,2025-09-18,2025-09-20,Same Day,CUST-0091,Customer 91,South,Furniture,Chair,6.0,455.71,0.3,1913.98,433.77,False,False,False,2025-09,2,0.2266
ORD-11791,2024-02-19,2024-02-24,Second Class,CUST-0029,Customer 29,East,Office Supplies,Paper,10.0,971.57,0.0,9715.7,2432.13,False,False,False,2024-02,5,0.2503
ORD-11792,2024-07-31,2024-08-02,Standard Class,CUST-0032,Customer 32,North,Office Supplies,Pens (Box),5.0,498.71,0.2,1994.84,495.84,False,False,False,2024-07,2,0.2486
ORD-11793,2025-12-15,2025-12-19,Second Class,CUST-0171,Customer 171,North,Furniture,Bookcase,9.0,1032.53,0.0,9292.77,2624.28,False,False,False,2025-12,4,0.2824
ORD-11794,2025-12-01,2025-12-07,Second Class,CUST-0027,Customer 27,South,Office Supplies,Stapler,5.0,419.1,0.0,2095.5,621.46,False,False,False,2025-12,6,0.2966
ORD-11795,2024-11-18,2024-11-23,Standard Class,CUST-0165,Customer 165,South,Technology,Monitor,1.0,182.15,0.2,145.72,50.29,False,False,False,2024-11,5,0.3451
ORD-11796,2024-06-11,2024-06-18,First Class,CUST-0164,Customer 164,South,Office Supplies,Paper,7.0,455.6,0.0,3189.2,1213.3,False,False,False,2024-06,7,0.3804
ORD-11797,2024-01-20,2024-01-27,Same Day,CUST-0153,Customer 153,West,Furniture,Bookcase,1.0,6.88,0.0,6.88,2.57,False,False,False,2024-01,7,0.3735
ORD-11798,2025-02-25,2025-02-26,First Class,CUST-0098,Customer 98,East,Furniture,Bookcase,11.0,840.63,0.0,9246.93,4597.12,False,False,False,2025-02,1,0.4972
ORD-11799,2025-12-02,2025-12-07,Same Day,CUST-0180,Customer 180,East,Furniture,Chair,9.0,230.1,0.1,1863.81,374.99,False,False,False,2025-12,5,0.2012
ORD-11800,2025-06-21,2025-06-25,Second Class,CUST-0038,Customer 38,West,Furniture,Bookcase,11.0,589.85,0.0,6488.35,2865.94,False,False,False,2025-06,4,0.4417
ORD-11801,2024-08-19,2024-08-24,First Class,CUST-0058,Customer 58,North,Office Supplies,Pens (Box),5.0,844.74,0.1,3801.33,692.86,False,False,False,2024-08,5,0.1823
ORD-11802,2024-05-24,2024-05-31,Same Day,CUST-0041,Customer 41,North,Furniture,Bookcase,8.0,1012.15,0.3,5668.04,297.41,False,False,False,2024-05,7,0.0525
ORD-11803,2025-10-27,2025-10-28,Same Day,CUST-0105,Customer 105,West,Office Supplies,Paper,6.0,870.6,0.0,5223.6,2178.02,False,False,False,2025-10,1,0.417
ORD-11804,2024-08-25,2024-08-30,Second Class,CUST-0062,Customer 62,East,Furniture,Table Lamp,1.0,942.4,0.1,848.16,147.54,False,False,False,2024-08,5,0.174
ORD-11805,2025-11-19,2025-11-21,Same Day,CUST-0128,Customer 128,West,Technology,Printer,2.0,299.66,0.0,599.32,273.07,False,False,False,2025-11,2,0.4556
ORD-11806,2024-07-13,2024-07-14,First Class,CUST-0012,Customer 12,West,Furniture,Desk,6.0,1034.03,0.0,6204.18,1097.59,False,False,False,2024-07,1,0.1769
ORD-11807,2024-10-25,2024-10-29,First Class,CUST-0125,Customer 125,West,Furniture,Bookcase,11.0,1029.67,0.0,11326.37,3543.22,True,False,False,2024-10,4,0.3128
ORD-11808,2025-01-09,2025-01-12,Second Class,CUST-0173,Customer 173,West,Office Supplies,Pens (Box),4.0,215.35,0.0,861.4,392.66,False,False,False,2025-01,3,0.4558
ORD-11809,2024-10-20,2024-10-24,Second Class,CUST-0185,Customer 185,South,Technology,Printer,10.0,290.71,0.0,2907.1,1226.64,False,False,False,2024-10,4,0.4219
ORD-11810,2025-11-25,2025-12-01,Second Class,CUST-0091,Customer 91,South,Office Supplies,Stapler,6.0,1194.48,0.15,6091.85,488.4,False,False,False,2025-11,6,0.0802
ORD-11811,2025-11-15,2025-11-16,Standard Class,CUST-0144,Customer 144,South,Technology,Wireless Mouse,4.0,942.31,0.0,3769.24,1598.78,False,False,False,2025-11,1,0.4242
ORD-11812,2024-01-03,2024-01-05,Standard Class,CUST-0027,Customer 27,South,Technology,Printer,5.0,615.39,0.0,3076.95,685.13,False,False,False,2024-01,2,0.2227
ORD-11813,2025-02-25,2025-03-04,Same Day,CUST-0101,Customer 101,West,Furniture,Bookcase,7.0,712.01,0.15,4236.46,711.26,False,False,False,2025-02,7,0.1679
ORD-11814,2025-12-14,2025-12-16,Standard Class,CUST-0033,Customer 33,South,Office Supplies,Binder,6.0,598.415,0.0,1081.27,658.67,False,False,True,2025-12,2,0.6092
ORD-11815,2024-09-20,2024-09-23,First Class,CUST-0038,Customer 38,West,Furniture,Desk,7.0,958.81,0.0,6711.67,2971.12,False,False,False,2024-09,3,0.4427
ORD-11816,2025-11-25,2025-11-28,Second Class,CUST-0113,Customer 113,East,Office Supplies,Binder,9.0,125.94,0.0,1133.46,385.4,False,False,False,2025-11,3,0.34
ORD-11817,2024-01-01,2024-01-06,Second Class,CUST-0183,Customer 183,South,Furniture,Desk,8.0,743.32,0.15,5054.58,1238.22,False,False,False,2024-01,5,0.245
ORD-11818,2025-11-02,2025-11-06,Same Day,CUST-0019,Customer 19,West,Furniture,Table Lamp,4.0,326.43,0.3,914.0,-111.95,False,False,False,2025-11,4,-0.1225
ORD-11819,2025-11-27,2025-12-03,Same Day,CUST-0173,Customer 173,West,Office Supplies,Pens (Box),11.0,532.67,0.1,5273.43,910.64,False,False,False,2025-11,6,0.1727
ORD-11820,2024-09-11,2024-09-12,Same Day,CUST-0165,Customer 165,South,Office Supplies,Paper,11.0,473.74,0.1,4690.03,778.1,False,False,False,2024-09,1,0.1659
ORD-11821,2024-10-07,2024-10-12,Standard Class,CUST-0017,Customer 17,East,Office Supplies,Binder,7.0,172.24,0.0,1205.68,228.51,False,False,False,2024-10,5,0.1895
ORD-11822,2024-09-19,2024-09-22,Standard Class,CUST-0022,Customer 22,South,Office Supplies,Pens (Box),6.0,598.415,0.0,5215.98,1777.4,False,False,True,2024-09,3,0.3408
ORD-11823,2025-03-02,2025-03-06,First Class,CUST-0111,Customer 111,South,Furniture,Desk,3.0,759.62,0.0,2278.86,795.36,False,False,False,2025-03,4,0.349
ORD-11824,2024-11-19,2024-11-25,First Class,CUST-0122,Customer 122,East,Office Supplies,Pens (Box),10.0,103.98,0.3,727.86,-99.55,False,False,False,2024-11,6,-0.1368
ORD-11825,2024-10-18,2024-10-20,Standard Class,CUST-0132,Customer 132,East,Office Supplies,Paper,2.0,920.27,0.0,1840.54,605.28,False,False,False,2024-10,2,0.3289
ORD-11826,2024-07-03,2024-07-10,First Class,CUST-0159,Customer 159,East,Office Supplies,Paper,6.0,135.52,0.1,731.81,241.05,False,False,False,2024-07,7,0.3294
ORD-11827,2024-02-28,2024-02-29,Same Day,CUST-0003,Customer 3,East,Furniture,Table Lamp,9.0,275.65,0.2,1984.68,465.24,False,False,False,2024-02,1,0.2344
ORD-11828,2024-12-08,2024-12-10,Standard Class,CUST-0134,Customer 134,East,Furniture,Chair,11.0,304.05,0.15,2842.87,565.25,False,False,False,2024-12,2,0.1988
ORD-11829,2025-01-02,2025-01-04,First Class,CUST-0139,Customer 139,South,Technology,Laptop,3.0,218.58,0.0,655.74,303.01,False,False,False,2025-01,2,0.4621
ORD-11830,2025-11-03,2025-11-05,Standard Class,CUST-0197,Customer 197,South,Office Supplies,Stapler,9.0,311.93,0.15,2386.26,626.61,False,False,False,2025-11,2,0.2626
ORD-11831,2025-11-03,2025-11-07,First Class,CUST-0124,Customer 124,South,Office Supplies,Stapler,1.0,488.8,0.15,415.48,65.49,False,False,False,2025-11,4,0.1576
ORD-11832,2025-12-24,2025-12-27,Same Day,CUST-0094,Customer 94,South,Office Supplies,Paper,4.0,213.85,0.0,855.4,357.07,False,False,False,2025-12,3,0.4174
ORD-11833,2025-02-16,2025-02-17,First Class,CUST-0164,Customer 164,South,Office Supplies,Paper,6.0,1146.73,0.0,6880.38,1288.11,False,False,False,2025-02,1,0.1872
ORD-11834,2025-12-30,2026-01-06,Second Class,CUST-0144,Customer 144,South,Technology,Laptop,4.0,1097.7,0.0,4390.8,1860.62,False,False,False,2025-12,7,0.4238
ORD-11835,2025-06-29,2025-07-06,Standard Class,CUST-0013,Customer 13,East,Technology,Printer,4.0,30.47,0.1,109.69,22.58,False,False,False,2025-06,7,0.2059
ORD-11836,2025-01-08,2025-01-09,Standard Class,CUST-0087,Customer 87,North,Technology,Monitor,11.0,237.66,0.0,2614.26,602.56,False,False,False,2025-01,1,0.2305
ORD-11837,2025-12-08,2025-12-13,Second Class,CUST-0179,Customer 179,West,Furniture,Table Lamp,10.0,609.11,0.0,6091.1,1505.46,False,False,False,2025-12,5,0.2472
ORD-11838,2025-11-04,2025-11-08,First Class,CUST-0029,Customer 29,East,Office Supplies,Pens (Box),7.0,68.67,0.0,480.69,122.24,False,False,False,2025-11,4,0.2543
ORD-11839,2024-06-03,2024-06-04,Standard Class,CUST-0173,Customer 173,West,Technology,Printer,6.0,845.49,0.0,5072.94,2287.56,False,False,False,2024-06,1,0.4509
ORD-11840,2025-02-11,2025-02-15,First Class,CUST-0161,Customer 161,West,Office Supplies,Pens (Box),9.0,433.07,0.2,3118.1,639.12,False,False,False,2025-02,4,0.205
ORD-11841,2024-05-29,2024-06-02,First Class,CUST-0192,Customer 192,East,Furniture,Chair,9.0,841.86,0.1,6819.07,2168.34,False,False,False,2024-05,4,0.318
ORD-11842,2024-03-03,2024-03-07,Second Class,CUST-0091,Customer 91,South,Office Supplies,Pens (Box),1.0,780.57,0.1,702.51,269.13,False,False,False,2024-03,4,0.3831
ORD-11843,2024-05-13,2024-05-14,First Class,CUST-0117,Customer 117,North,Furniture,Chair,7.0,1193.95,0.0,8357.65,1282.88,False,False,False,2024-05,1,0.1535
ORD-11844,2025-10-01,2025-10-03,Same Day,CUST-0003,Customer 3,East,Technology,Wireless Mouse,3.0,391.69,0.1,1057.56,105.57,False,False,False,2025-10,2,0.0998
ORD-11845,2025-08-03,2025-08-05,First Class,CUST-0143,Customer 143,South,Technology,Printer,2.0,92.24,0.0,184.48,59.94,False,False,False,2025-08,2,0.3249
ORD-11846,2024-12-27,2024-12-28,Same Day,CUST-0052,Customer 52,North,Furniture,Desk,4.0,471.36,0.0,1885.44,866.35,False,False,False,2024-12,1,0.4595
ORD-11847,2024-05-19,2024-05-24,Same Day,CUST-0029,Customer 29,East,Technology,Printer,2.0,511.53,0.0,1023.06,296.47,False,False,False,2024-05,5,0.2898
ORD-11848,2024-03-16,2024-03-18,Second Class,CUST-0158,Customer 158,East,Furniture,Bookcase,1.0,369.38,0.0,369.38,125.91,False,False,False,2024-03,2,0.3409
ORD-11849,2024-08-27,2024-09-02,First Class,CUST-0042,Customer 42,West,Office Supplies,Binder,2.0,759.64,0.0,1519.28,556.56,False,False,False,2024-08,6,0.3663
ORD-11850,2024-10-12,2024-10-16,Same Day,CUST-0183,Customer 183,South,Technology,Monitor,7.0,860.32,0.0,6022.24,1014.18,False,False,False,2024-10,4,0.1684
ORD-11851,2024-01-24,2024-01-28,Standard Class,CUST-0169,Customer 169,South,Office Supplies,Pens (Box),4.0,798.32,0.0,3193.28,622.86,False,False,False,2024-01,4,0.1951
ORD-11852,2025-08-07,2025-08-10,Same Day,CUST-0097,Customer 97,North,Technology,Monitor,1.0,1044.92,0.0,1044.92,346.8,False,False,False,2025-08,3,0.3319
ORD-11853,2024-02-09,2024-02-11,Same Day,CUST-0045,Customer 45,North,Office Supplies,Stapler,9.0,464.39,0.0,4179.51,835.58,False,False,False,2024-02,2,0.1999
ORD-11854,2024-10-25,2024-10-29,Standard Class,CUST-0174,Customer 174,East,Technology,Laptop,2.0,927.88,0.0,1855.76,575.92,False,False,False,2024-10,4,0.3103
ORD-11855,2024-08-03,2024-08-09,Standard Class,CUST-0146,Customer 146,West,Office Supplies,Paper,10.0,631.67,0.1,5685.03,2296.94,False,False,False,2024-08,6,0.404
ORD-11856,2025-12-16,2025-12-22,First Class,CUST-0161,Customer 161,West,Technology,Laptop,2.0,31.92,0.0,63.84,28.08,False,False,False,2025-12,6,0.4398
ORD-11857,2024-08-27,2024-09-01,Standard Class,CUST-0050,Customer 50,West,Furniture,Desk,1.0,562.22,0.3,393.55,58.03,False,False,False,2024-08,5,0.1475
ORD-11858,2024-07-29,2024-08-01,Second Class,CUST-0165,Customer 165,South,Office Supplies,Pens (Box),1.0,668.16,0.3,467.71,55.85,False,False,False,2024-07,3,0.1194
ORD-11859,2025-04-22,2025-04-29,Standard Class,CUST-0085,Customer 85,East,Office Supplies,Pens (Box),4.0,459.91,0.0,1839.64,398.58,False,False,False,2025-04,7,0.2167
ORD-11860,2024-10-11,2024-10-13,Standard Class,CUST-0187,Customer 187,North,Technology,Printer,11.0,19.92,0.0,219.12,98.25,False,False,False,2024-10,2,0.4484
ORD-11861,2024-07-25,2024-07-27,First Class,CUST-0200,Customer 200,West,Technology,Monitor,2.0,107.33,0.0,214.66,88.62,False,False,False,2024-07,2,0.4128
ORD-11862,2025-01-26,2025-01-29,First Class,CUST-0054,Customer 54,South,Office Supplies,Binder,7.0,910.92,0.15,5419.97,554.77,False,False,False,2025-01,3,0.1024
ORD-11863,2024-12-19,2024-12-22,Second Class,CUST-0162,Customer 162,East,Office Supplies,Binder,6.0,761.86,0.0,4571.16,1761.8,False,False,False,2024-12,3,0.3854
ORD-11864,2024-02-10,2024-02-12,Standard Class,CUST-0075,Customer 75,East,Office Supplies,Pens (Box),6.0,811.25,0.15,4137.38,856.2,False,False,False,2024-02,2,0.2069
ORD-11865,2024-09-04,2024-09-08,Standard Class,CUST-0056,Customer 56,North,Technology,Monitor,4.0,1182.72,0.1,4257.79,697.92,False,False,False,2024-09,4,0.1639
ORD-11866,2024-02-18,2024-02-21,Same Day,CUST-0146,Customer 146,West,Furniture,Bookcase,7.0,271.01,0.0,1897.07,610.04,False,False,False,2024-02,3,0.3216
ORD-11867,2024-08-16,2024-08-23,Same Day,CUST-0085,Customer 85,East,Technology,Laptop,6.0,1111.53,0.0,6669.18,3160.45,False,False,False,2024-08,7,0.4739
ORD-11868,2024-06-28,2024-07-02,Standard Class,CUST-0081,Customer 81,West,Technology,Printer,8.0,1163.87,0.1,8379.86,1528.27,False,False,False,2024-06,4,0.1824
ORD-11869,2025-01-21,2025-01-26,Second Class,CUST-0141,Customer 141,West,Technology,Wireless Mouse,10.0,1033.01,0.0,10330.1,3274.87,False,False,False,2025-01,5,0.317
ORD-11870,2024-03-03,2024-03-05,Standard Class,CUST-0020,Customer 20,South,Technology,Monitor,6.0,155.63,0.1,840.4,365.45,False,False,False,2024-03,2,0.4349
ORD-11871,2025-05-15,2025-05-18,First Class,CUST-0111,Customer 111,South,Office Supplies,Pens (Box),8.0,10.03,0.0,80.24,18.68,False,False,False,2025-05,3,0.2328
ORD-11872,2024-05-27,2024-06-01,Standard Class,CUST-0142,Customer 142,North,Technology,Monitor,5.0,867.06,0.0,4335.3,1397.97,False,False,False,2024-05,5,0.3225
ORD-11873,2024-04-22,2024-04-23,Second Class,CUST-0035,Customer 35,West,Furniture,Chair,2.0,1043.86,0.0,2087.72,840.46,False,False,False,2024-04,1,0.4026
ORD-11874,2025-11-19,2025-11-25,Standard Class,CUST-0125,Customer 125,West,Technology,Monitor,4.0,798.87,0.0,3195.48,863.35,False,False,False,2025-11,6,0.2702
ORD-11875,2024-07-31,2024-08-04,Standard Class,CUST-0146,Customer 146,West,Office Supplies,Stapler,11.0,334.99,0.0,3684.89,1582.03,False,False,False,2024-07,4,0.4293
ORD-11876,2024-09-04,2024-09-11,First Class,CUST-0072,Customer 72,North,Furniture,Table Lamp,8.0,833.74,0.1,6002.93,2151.7,False,False,False,2024-09,7,0.3584
ORD-11877,2024-11-24,2024-11-26,First Class,CUST-0037,Customer 37,West,Technology,Monitor,9.0,1199.94,0.0,10799.46,4635.06,False,False,False,2024-11,2,0.4292
ORD-11878,2025-10-03,2025-10-10,Second Class,CUST-0064,Customer 64,West,Technology,Monitor,11.0,541.22,0.1,5358.08,1596.86,False,False,False,2025-10,7,0.298
ORD-11879,2024-08-16,2024-08-18,Standard Class,CUST-0076,Customer 76,South,Office Supplies,Pens (Box),8.0,424.32,0.2,2715.65,426.09,False,False,False,2024-08,2,0.1569
ORD-11880,2024-09-24,2024-09-29,Same Day,CUST-0109,Customer 109,South,Technology,Printer,9.0,1013.32,0.0,9119.88,3066.85,False,False,False,2024-09,5,0.3363
ORD-11881,2025-12-28,2025-12-30,Standard Class,CUST-0075,Customer 75,East,Technology,Monitor,5.0,128.94,0.0,644.7,232.76,False,False,False,2025-12,2,0.361
ORD-11882,2024-06-12,2024-06-15,First Class,CUST-0050,Customer 50,West,Office Supplies,Paper,6.0,675.5,0.0,4053.0,1119.1,False,False,False,2024-06,3,0.2761
ORD-11883,2025-06-06,2025-06-12,Standard Class,CUST-0135,Customer 135,West,Furniture,Chair,1.0,589.89,0.0,589.89,188.57,False,False,False,2025-06,6,0.3197
ORD-11884,2025-11-21,2025-11-25,Second Class,CUST-0056,Customer 56,North,Office Supplies,Binder,10.0,126.59,0.15,1076.02,88.56,False,False,False,2025-11,4,0.0823
ORD-11885,2025-08-31,2025-09-04,Standard Class,CUST-0148,Customer 148,North,Furniture,Desk,2.0,1106.56,0.0,2213.12,429.48,False,False,False,2025-08,4,0.1941
ORD-11886,2024-06-05,2024-06-12,Same Day,CUST-0049,Customer 49,East,Office Supplies,Stapler,5.0,516.9,0.2,2067.6,559.83,False,False,False,2024-06,7,0.2708
ORD-11887,2025-03-17,2025-03-24,Standard Class,CUST-0175,Customer 175,East,Office Supplies,Paper,1.0,640.0,0.0,640.0,180.74,False,False,False,2025-03,7,0.2824
ORD-11888,2024-06-04,2024-06-10,Standard Class,CUST-0030,Customer 30,South,Technology,Wireless Mouse,9.0,653.07,0.0,5877.63,1088.55,False,False,False,2024-06,6,0.1852
ORD-11889,2025-02-08,2025-02-15,Second Class,CUST-0035,Customer 35,West,Furniture,Desk,1.0,222.43,0.0,222.43,105.18,False,False,False,2025-02,7,0.4729
ORD-11890,2025-07-25,2025-07-28,First Class,CUST-0093,Customer 93,West,Technology,Monitor,1.0,509.49,0.1,458.54,146.2,False,False,False,2025-07,3,0.3188
ORD-11891,2025-03-08,2025-03-11,Second Class,CUST-0156,Customer 156,East,Technology,Monitor,3.0,704.83,0.1,1903.04,288.44,False,False,False,2025-03,3,0.1516
ORD-11892,2024-02-09,2024-02-13,Second Class,CUST-0137,Customer 137,East,Furniture,Table Lamp,3.0,90.91,0.0,272.73,115.03,False,False,False,2024-02,4,0.4218
ORD-11893,2024-08-02,2024-08-05,First Class,CUST-0057,Customer 57,East,Furniture,Bookcase,7.0,807.73,0.1,5088.7,974.3,False,False,False,2024-08,3,0.1915
ORD-11894,2025-01-20,2025-01-26,First Class,CUST-0028,Customer 28,West,Office Supplies,Stapler,6.0,252.19,0.0,1513.14,443.2,False,False,False,2025-01,6,0.2929
ORD-11895,2025-02-04,2025-02-11,Same Day,CUST-0192,Customer 192,East,Office Supplies,Stapler,11.0,1139.12,0.0,12530.32,2028.85,True,False,False,2025-02,7,0.1619
ORD-11896,2024-05-10,2024-05-11,Standard Class,CUST-0076,Customer 76,South,Office Supplies,Stapler,7.0,357.76,0.0,2504.32,828.69,False,False,False,2024-05,1,0.3309
ORD-11897,2025-03-13,2025-03-17,Standard Class,CUST-0167,Customer 167,South,Furniture,Table Lamp,1.0,782.42,0.15,665.06,0.61,False,False,False,2025-03,4,0.0009
ORD-11898,2024-03-23,2024-03-30,Standard Class,CUST-0005,Customer 5,South,Furniture,Table Lamp,2.0,1169.22,0.1,2104.6,522.93,False,False,False,2024-03,7,0.2485
ORD-11899,2024-12-02,2024-12-06,Same Day,CUST-0048,Customer 48,West,Furniture,Table Lamp,6.0,499.55,0.15,2547.7,375.24,False,False,False,2024-12,4,0.1473
ORD-11900,2024-04-28,2024-05-05,Second Class,CUST-0153,Customer 153,West,Furniture,Desk,10.0,802.08,0.0,8020.8,1736.3,False,False,False,2024-04,7,0.2165
ORD-11901,2025-11-13,2025-11-20,Standard Class,CUST-0188,Customer 188,South,Furniture,Desk,10.0,830.74,0.1,7476.66,1787.51,False,False,False,2025-11,7,0.2391
ORD-11902,2025-08-04,2025-08-11,Standard Class,CUST-0017,Customer 17,East,Office Supplies,Binder,4.0,163.89,0.15,557.23,148.55,False,False,False,2025-08,7,0.2666
ORD-11903,2024-07-21,2024-07-23,Same Day,CUST-0085,Customer 85,East,Furniture,Bookcase,10.0,935.45,0.0,9354.5,4296.27,False,False,False,2024-07,2,0.4593
ORD-11904,2024-06-06,2024-06-09,First Class,CUST-0006,Customer 6,West,Furniture,Bookcase,6.0,263.24,0.0,1579.44,459.77,False,False,False,2024-06,3,0.2911
ORD-11905,2025-12-03,2025-12-08,Same Day,CUST-0135,Customer 135,West,Technology,Laptop,7.0,1159.46,0.0,8116.22,1614.74,False,False,False,2025-12,5,0.199
ORD-11906,2025-03-02,2025-03-09,Same Day,CUST-0036,Customer 36,North,Office Supplies,Pens (Box),8.0,785.96,0.0,6287.68,2181.06,False,False,False,2025-03,7,0.3469
ORD-11907,2025-07-21,2025-07-26,Standard Class,CUST-0138,Customer 138,North,Furniture,Desk,1.0,312.72,0.0,312.72,66.47,False,False,False,2025-07,5,0.2126
ORD-11908,2024-10-12,2024-10-15,Standard Class,CUST-0089,Customer 89,West,Furniture,Desk,5.0,281.54,0.0,1407.7,341.17,False,False,False,2024-10,3,0.2424
ORD-11909,2025-12-01,2025-12-05,Second Class,CUST-0176,Customer 176,South,Furniture,Desk,10.0,694.42,0.0,6944.2,1760.43,False,False,False,2025-12,4,0.2535
ORD-11910,2024-01-04,2024-01-08,First Class,CUST-0040,Customer 40,East,Furniture,Bookcase,11.0,250.86,0.0,2759.46,701.51,False,False,False,2024-01,4,0.2542
ORD-11911,2025-12-11,2025-12-14,Same Day,CUST-0145,Customer 145,West,Office Supplies,Pens (Box),6.0,396.22,0.0,2377.32,1020.07,False,False,False,2025-12,3,0.4291
ORD-11912,2024-06-23,2024-06-27,Standard Class,CUST-0048,Customer 48,West,Technology,Wireless Mouse,8.0,800.97,0.0,6407.76,1603.13,False,False,False,2024-06,4,0.2502
ORD-11913,2024-02-08,2024-02-12,First Class,CUST-0065,Customer 65,South,Technology,Printer,2.0,220.49,0.0,440.98,162.55,False,False,False,2024-02,4,0.3686
ORD-11914,2024-07-31,2024-08-02,Second Class,CUST-0072,Customer 72,North,Technology,Wireless Mouse,3.0,652.75,0.15,1664.51,230.16,False,False,False,2024-07,2,0.1383
ORD-11915,2024-11-21,2024-11-27,Standard Class,CUST-0053,Customer 53,South,Technology,Laptop,1.0,657.1,0.0,657.1,154.24,False,False,False,2024-11,6,0.2347
ORD-11916,2024-10-12,2024-10-17,First Class,CUST-0041,Customer 41,North,Technology,Laptop,8.0,643.31,0.0,5146.48,1441.03,False,False,False,2024-10,5,0.28
ORD-11917,2024-12-11,2024-12-13,First Class,CUST-0159,Customer 159,East,Office Supplies,Pens (Box),5.0,103.58,0.0,517.9,149.12,False,False,False,2024-12,2,0.2879
ORD-11918,2025-06-28,2025-06-29,Second Class,CUST-0190,Customer 190,South,Technology,Monitor,10.0,1128.46,0.0,11284.6,4870.2,True,False,False,2025-06,1,0.4316
ORD-11919,2025-11-23,2025-11-28,Standard Class,CUST-0040,Customer 40,East,Technology,Monitor,11.0,559.32,0.1,5537.27,493.28,False,False,False,2025-11,5,0.0891
ORD-11920,2024-10-20,2024-10-21,Second Class,CUST-0116,Customer 116,East,Office Supplies,Stapler,5.0,509.71,0.3,1783.98,261.2,False,False,False,2024-10,1,0.1464
ORD-11921,2024-03-06,2024-03-09,Second Class,CUST-0118,Customer 118,North,Furniture,Chair,2.0,726.16,0.1,1307.09,257.41,False,False,False,2024-03,3,0.1969
ORD-11922,2025-01-03,2025-01-06,Same Day,CUST-0166,Customer 166,West,Technology,Monitor,5.0,925.93,0.0,4629.65,903.06,False,False,False,2025-01,3,0.1951
ORD-11923,2025-02-14,2025-02-19,Same Day,CUST-0053,Customer 53,South,Technology,Wireless Mouse,7.0,898.01,0.3,4400.25,327.99,False,False,False,2025-02,5,0.0745
ORD-11924,2025-10-27,2025-11-03,Same Day,CUST-0110,Customer 110,East,Furniture,Bookcase,11.0,1103.48,0.0,12138.28,5202.06,True,False,False,2025-10,7,0.4286
ORD-11925,2025-11-02,2025-11-04,Same Day,CUST-0123,Customer 123,East,Technology,Monitor,10.0,379.99,0.15,3229.91,420.56,False,False,False,2025-11,2,0.1302
ORD-11926,2024-04-25,2024-04-28,Second Class,CUST-0021,Customer 21,East,Office Supplies,Stapler,10.0,954.22,0.0,9542.2,3178.47,False,False,False,2024-04,3,0.3331
ORD-11927,2024-08-08,2024-08-15,Standard Class,CUST-0092,Customer 92,West,Office Supplies,Stapler,6.0,598.415,0.0,6730.49,1462.72,False,False,True,2024-08,7,0.2173
ORD-11928,2024-07-18,2024-07-23,First Class,CUST-0091,Customer 91,South,Technology,Printer,9.0,341.67,0.1,2767.53,869.72,False,False,False,2024-07,5,0.3143
ORD-11929,2025-05-26,2025-06-01,First Class,CUST-0134,Customer 134,East,Office Supplies,Pens (Box),5.0,121.3,0.1,545.85,240.58,False,False,False,2025-05,6,0.4407
ORD-11930,2025-02-19,2025-02-23,Second Class,CUST-0044,Customer 44,South,Furniture,Desk,8.0,622.11,0.0,4976.88,1998.08,False,False,False,2025-02,4,0.4015
ORD-11931,2024-05-27,2024-05-28,First Class,CUST-0131,Customer 131,East,Office Supplies,Stapler,2.0,393.09,0.0,786.18,275.56,False,False,False,2024-05,1,0.3505
ORD-11932,2025-04-30,2025-05-01,First Class,CUST-0027,Customer 27,South,Technology,Laptop,4.0,324.91,0.0,1299.64,558.85,False,False,False,2025-04,1,0.43
ORD-11933,2024-03-24,2024-03-29,Standard Class,CUST-0078,Customer 78,North,Office Supplies,Binder,3.0,1144.02,0.0,3432.06,1045.93,False,False,False,2024-03,5,0.3048
ORD-11934,2024-02-19,2024-02-25,Second Class,CUST-0147,Customer 147,North,Office Supplies,Binder,3.0,837.98,0.0,2513.94,472.43,False,False,False,2024-02,6,0.1879
ORD-11935,2024-10-28,2024-10-29,Standard Class,CUST-0138,Customer 138,North,Office Supplies,Binder,2.0,730.32,0.0,1460.64,637.39,False,False,False,2024-10,1,0.4364
ORD-11936,2025-02-22,2025-03-01,Standard Class,CUST-0140,Customer 140,South,Office Supplies,Paper,6.0,1175.41,0.0,7052.46,3439.97,False,False,False,2025-02,7,0.4878
ORD-11937,2025-06-28,2025-07-03,Standard Class,CUST-0115,Customer 115,East,Furniture,Chair,6.0,894.86,0.0,5369.16,2410.51,False,False,False,2025-06,5,0.449
ORD-11938,2025-11-12,2025-11-14,First Class,CUST-0059,Customer 59,East,Office Supplies,Stapler,3.0,353.16,0.0,1059.48,230.56,False,False,False,2025-11,2,0.2176
ORD-11939,2024-06-30,2024-07-05,Second Class,CUST-0067,Customer 67,West,Office Supplies,Pens (Box),9.0,650.2,0.0,5851.8,1453.52,False,False,False,2024-06,5,0.2484
ORD-11940,2025-08-27,2025-08-29,Second Class,CUST-0183,Customer 183,South,Technology,Monitor,3.0,287.26,0.0,861.78,326.78,False,False,False,2025-08,2,0.3792
ORD-11941,2025-08-13,2025-08-15,Standard Class,CUST-0103,Customer 103,West,Technology,Monitor,3.0,789.51,0.0,2368.53,1057.89,False,False,False,2025-08,2,0.4466
ORD-11942,2024-10-17,2024-10-22,Standard Class,CUST-0121,Customer 121,South,Office Supplies,Stapler,4.0,283.24,0.0,1132.96,528.76,False,False,False,2024-10,5,0.4667
ORD-11943,2024-10-06,2024-10-10,Same Day,CUST-0142,Customer 142,North,Office Supplies,Paper,2.0,154.24,0.15,262.21,36.33,False,False,False,2024-10,4,0.1386
ORD-11944,2024-03-13,2024-03-20,Same Day,CUST-0090,Customer 90,West,Furniture,Table Lamp,7.0,296.23,0.15,1762.57,159.21,False,False,False,2024-03,7,0.0903
ORD-11945,2025-10-02,2025-10-04,Standard Class,CUST-0123,Customer 123,East,Furniture,Chair,11.0,415.71,0.1,4115.53,416.31,False,False,False,2025-10,2,0.1012
ORD-11946,2025-09-07,2025-09-13,Second Class,CUST-0133,Customer 133,North,Technology,Printer,10.0,99.34,0.15,844.39,228.39,False,False,False,2025-09,6,0.2705
ORD-11947,2024-12-29,2025-01-05,Standard Class,CUST-0014,Customer 14,West,Technology,Monitor,11.0,161.3,0.0,1774.3,795.17,False,False,False,2024-12,7,0.4482
ORD-11948,2024-08-05,2024-08-09,First Class,CUST-0164,Customer 164,South,Furniture,Chair,10.0,460.91,0.0,4609.1,986.02,False,False,False,2024-08,4,0.2139
ORD-11949,2025-04-07,2025-04-10,Second Class,CUST-0095,Customer 95,West,Technology,Wireless Mouse,8.0,552.15,0.0,4417.2,2042.42,False,False,False,2025-04,3,0.4624
ORD-11950,2025-02-05,2025-02-07,Second Class,CUST-0024,Customer 24,West,Technology,Laptop,7.0,327.18,0.1,2061.23,893.44,False,False,False,2025-02,2,0.4334
ORD-11951,2025-01-16,2025-01-17,Second Class,CUST-0040,Customer 40,East,Furniture,Table Lamp,4.0,23.61,0.0,94.44,21.87,False,False,False,2025-01,1,0.2316
ORD-11952,2025-01-03,2025-01-10,Same Day,CUST-0062,Customer 62,East,Technology,Printer,6.0,721.38,0.0,4328.28,1088.05,False,False,False,2025-01,7,0.2514
ORD-11953,2025-12-07,2025-12-08,Same Day,CUST-0185,Customer 185,South,Office Supplies,Paper,3.0,786.42,0.0,2359.26,770.54,False,False,False,2025-12,1,0.3266
ORD-11954,2025-09-30,2025-10-02,Same Day,CUST-0086,Customer 86,East,Furniture,Bookcase,9.0,63.59,0.0,572.31,158.6,False,False,False,2025-09,2,0.2771
ORD-11955,2024-08-03,2024-08-10,Standard Class,CUST-0187,Customer 187,North,Technology,Printer,2.0,180.36,0.0,360.72,153.14,False,False,False,2024-08,7,0.4245
ORD-11956,2024-08-01,2024-08-08,Second Class,CUST-0048,Customer 48,West,Technology,Wireless Mouse,10.0,861.76,0.1,7755.84,3339.65,False,False,False,2024-08,7,0.4306
ORD-11957,2025-11-02,2025-11-06,Second Class,CUST-0093,Customer 93,West,Furniture,Bookcase,5.0,1143.9,0.15,4861.57,1414.44,False,False,False,2025-11,4,0.2909
ORD-11958,2024-02-17,2024-02-21,Same Day,CUST-0085,Customer 85,East,Office Supplies,Binder,8.0,772.91,0.1,5564.95,658.67,False,False,False,2024-02,4,0.1184
ORD-11959,2024-04-12,2024-04-13,Second Class,CUST-0144,Customer 144,South,Furniture,Desk,9.0,165.98,0.0,1493.82,477.37,False,False,False,2024-04,1,0.3196
ORD-11960,2024-04-03,2024-04-05,Same Day,CUST-0199,Customer 199,South,Office Supplies,Binder,7.0,1121.25,0.0,7848.75,2547.63,False,False,False,2024-04,2,0.3246
ORD-11961,2024-12-11,2024-12-15,Standard Class,CUST-0021,Customer 21,East,Technology,Laptop,6.0,643.55,0.0,5580.5,2439.65,False,False,True,2024-12,4,0.4372
ORD-11962,2024-01-31,2024-02-07,Standard Class,CUST-0103,Customer 103,West,Technology,Wireless Mouse,6.0,743.18,0.1,4013.17,266.78,False,False,False,2024-01,7,0.0665
ORD-11963,2025-09-10,2025-09-16,Standard Class,CUST-0085,Customer 85,East,Furniture,Table Lamp,11.0,758.6,0.0,8344.6,3946.41,False,False,False,2025-09,6,0.4729
ORD-11964,2025-10-04,2025-10-09,Same Day,CUST-0007,Customer 7,North,Furniture,Bookcase,10.0,293.11,0.0,2931.1,835.86,False,False,False,2025-10,5,0.2852
ORD-11965,2024-05-22,2024-05-23,First Class,CUST-0030,Customer 30,South,Furniture,Bookcase,8.0,187.09,0.0,1496.72,276.1,False,False,False,2024-05,1,0.1845
ORD-11966,2024-09-21,2024-09-25,First Class,CUST-0164,Customer 164,South,Office Supplies,Pens (Box),5.0,479.01,0.1,2155.55,807.19,False,False,False,2024-09,4,0.3745
ORD-11967,2025-03-16,2025-03-23,Standard Class,CUST-0102,Customer 102,North,Furniture,Desk,2.0,826.56,0.0,1653.12,325.15,False,False,False,2025-03,7,0.1967
ORD-11968,2024-06-21,2024-06-25,Same Day,CUST-0129,Customer 129,East,Furniture,Desk,5.0,1071.9,0.0,5359.5,1352.15,False,False,False,2024-06,4,0.2523
ORD-11969,2024-03-15,2024-03-20,Standard Class,CUST-0026,Customer 26,East,Furniture,Chair,2.0,751.67,0.0,1503.34,609.5,False,False,False,2024-03,5,0.4054
ORD-11970,2024-06-25,2024-07-01,Standard Class,CUST-0153,Customer 153,West,Technology,Monitor,1.0,871.38,0.1,784.24,57.51,False,False,False,2024-06,6,0.0733
ORD-11971,2024-08-15,2024-08-19,Standard Class,CUST-0171,Customer 171,North,Office Supplies,Binder,9.0,843.77,0.0,7593.93,3737.98,False,False,False,2024-08,4,0.4922
ORD-11972,2025-11-07,2025-11-12,Same Day,CUST-0109,Customer 109,South,Office Supplies,Binder,10.0,187.8,0.2,1502.4,232.25,False,False,False,2025-11,5,0.1546
ORD-11973,2024-05-18,2024-05-20,First Class,CUST-0079,Customer 79,East,Furniture,Bookcase,7.0,670.12,0.2,3752.67,1112.88,False,False,False,2024-05,2,0.2966
ORD-11974,2025-04-08,2025-04-12,First Class,CUST-0159,Customer 159,East,Technology,Laptop,10.0,77.37,0.0,773.7,225.15,False,False,False,2025-04,4,0.291
ORD-11975,2024-09-10,2024-09-13,Second Class,CUST-0160,Customer 160,West,Technology,Monitor,6.0,892.12,0.3,3746.9,553.88,False,False,False,2024-09,3,0.1478
ORD-11976,2024-09-11,2024-09-12,Same Day,CUST-0144,Customer 144,South,Technology,Wireless Mouse,10.0,813.7,0.0,8137.0,2337.5,False,False,False,2024-09,1,0.2873
ORD-11977,2024-11-16,2024-11-22,Same Day,CUST-0118,Customer 118,North,Technology,Printer,6.0,324.03,0.0,1944.18,793.53,False,False,False,2024-11,6,0.4082
ORD-11978,2024-06-24,2024-06-25,Standard Class,CUST-0181,Customer 181,West,Technology,Laptop,6.0,643.82,0.0,3605.39,877.93,False,False,False,2024-06,1,0.2435
ORD-11979,2024-06-21,2024-06-27,Standard Class,CUST-0146,Customer 146,West,Technology,Wireless Mouse,11.0,1015.04,0.0,11165.44,3184.23,True,False,False,2024-06,6,0.2852
ORD-11980,2025-06-18,2025-06-23,Second Class,CUST-0129,Customer 129,East,Office Supplies,Binder,8.0,702.39,0.0,5619.12,2699.32,False,False,False,2025-06,5,0.4804
ORD-11981,2025-09-23,2025-09-24,Same Day,CUST-0185,Customer 185,South,Furniture,Desk,5.0,995.51,0.15,4230.92,1682.78,False,False,False,2025-09,1,0.3977
ORD-11982,2024-04-19,2024-04-21,First Class,CUST-0175,Customer 175,East,Office Supplies,Binder,2.0,967.61,0.0,1935.22,914.68,False,False,False,2024-04,2,0.4726
ORD-11983,2024-05-16,2024-05-21,First Class,CUST-0177,Customer 177,East,Technology,Wireless Mouse,5.0,832.81,0.2,3331.24,1199.4,False,False,False,2024-05,5,0.36
ORD-11984,2024-11-05,2024-11-08,Second Class,CUST-0041,Customer 41,North,Office Supplies,Binder,8.0,471.03,0.0,3768.24,825.52,False,False,False,2024-11,3,0.2191
ORD-11985,2024-01-22,2024-01-27,Same Day,CUST-0066,Customer 66,South,Office Supplies,Paper,4.0,1008.46,0.0,4033.84,1472.48,False,False,False,2024-01,5,0.365
ORD-11986,2024-11-06,2024-11-09,Same Day,CUST-0112,Customer 112,West,Furniture,Desk,11.0,695.02,0.0,7645.22,2684.1,False,False,False,2024-11,3,0.3511
ORD-11987,2025-09-02,2025-09-04,Same Day,CUST-0096,Customer 96,South,Technology,Wireless Mouse,5.0,728.36,0.3,2549.26,396.08,False,False,False,2025-09,2,0.1554
ORD-11988,2024-11-23,2024-11-29,Second Class,CUST-0159,Customer 159,East,Office Supplies,Stapler,6.0,469.38,0.0,2816.28,529.75,False,False,False,2024-11,6,0.1881
ORD-11989,2024-04-05,2024-04-09,Standard Class,CUST-0092,Customer 92,West,Technology,Printer,2.0,134.03,0.0,268.06,99.57,False,False,False,2024-04,4,0.3714
ORD-11990,2024-01-05,2024-01-10,Standard Class,CUST-0135,Customer 135,West,Office Supplies,Binder,5.0,424.55,0.0,2122.75,965.99,False,False,False,2024-01,5,0.4551
ORD-11991,2024-10-02,2024-10-09,First Class,CUST-0036,Customer 36,North,Office Supplies,Pens (Box),11.0,747.75,0.0,8225.25,1263.59,False,False,False,2024-10,7,0.1536
ORD-11992,2025-06-10,2025-06-11,First Class,CUST-0176,Customer 176,South,Furniture,Chair,10.0,1153.95,0.1,10385.55,2094.75,False,False,False,2025-06,1,0.2017
ORD-11993,2024-01-24,2024-01-27,First Class,CUST-0054,Customer 54,South,Office Supplies,Binder,1.0,183.72,0.15,156.16,54.97,False,False,False,2024-01,3,0.352
ORD-11994,2024-01-19,2024-01-21,Second Class,CUST-0160,Customer 160,West,Technology,Laptop,9.0,681.67,0.0,6135.03,1883.11,False,False,False,2024-01,2,0.3069
ORD-11995,2024-01-04,2024-01-10,First Class,CUST-0077,Customer 77,South,Office Supplies,Binder,7.0,1153.64,0.0,8075.48,4031.27,False,False,False,2024-01,6,0.4992
ORD-11996,2025-04-01,2025-04-08,Standard Class,CUST-0122,Customer 122,East,Furniture,Chair,2.0,794.92,0.0,1589.84,487.47,False,False,False,2025-04,7,0.3066
ORD-11997,2025-11-02,2025-11-09,Same Day,CUST-0043,Customer 43,East,Furniture,Bookcase,10.0,592.58,0.1,5333.22,871.02,False,False,False,2025-11,7,0.1633
ORD-11998,2024-07-24,2024-07-28,Second Class,CUST-0190,Customer 190,South,Technology,Monitor,11.0,752.05,0.0,8272.55,2026.23,False,False,False,2024-07,4,0.2449
ORD-11999,2025-10-25,2025-10-29,Second Class,CUST-0093,Customer 93,West,Furniture,Table Lamp,10.0,994.52,0.0,9945.2,2569.61,False,False,False,2025-10,4,0.2584
ORD-12000,2025-01-26,2025-01-28,Second Class,CUST-0053,Customer 53,South,Technology,Monitor,6.0,74.09,0.0,444.54,100.64,False,False,False,2025-01,2,0.2264
ORD-10493,2025-09-27,2025-10-04,Standard Class,CUST-0117,Customer 117,North,Technology,Laptop,1.0,1131.3,0.0,1131.3,464.31,False,False,False,2025-09,7,0.4104
ORD-11267,2024-05-05,2024-05-07,Second Class,CUST-0021,Customer 21,East,Technology,Monitor,3.0,769.61,0.0,2308.83,682.01,False,False,False,2024-05,2,0.2954
ORD-10558,2025-09-13,2025-09-19,Same Day,CUST-0123,Customer 123,East,Technology,Printer,8.0,520.47,0.15,3539.2,292.41,False,False,False,2025-09,6,0.0826
ORD-10872,2025-11-11,2025-11-17,First Class,CUST-0129,Customer 129,East,Technology,Printer,4.0,566.64,0.0,2266.56,848.96,False,False,False,2025-11,6,0.3746
ORD-10892,2025-09-10,2025-09-11,Same Day,CUST-0115,Customer 115,East,Furniture,Bookcase,6.0,37.92,0.1,204.77,81.72,False,False,False,2025-09,1,0.3991
ORD-11750,2024-10-18,2024-10-20,Standard Class,CUST-0158,Customer 158,East,Furniture,Table Lamp,4.0,412.94,0.0,1651.76,778.64,False,False,False,2024-10,2,0.4714
ORD-11868,2024-06-28,2024-07-02,Standard Class,CUST-0081,Customer 81,West,Technology,Printer,8.0,1163.87,0.1,8379.86,1528.27,False,False,False,2024-06,4,0.1824
ORD-11897,2025-03-13,2025-03-17,Standard Class,CUST-0167,Customer 167,South,Furniture,Table Lamp,1.0,782.42,0.15,665.06,0.61,False,False,False,2025-03,4,0.0009
ORD-10841,2025-07-05,2025-07-07,First Class,CUST-0033,Customer 33,North,Office Supplies,Binder,5.0,125.93,0.0,629.65,109.27,False,False,False,2025-07,2,0.1735
ORD-11921,2024-03-06,2024-03-09,Second Class,CUST-0118,Customer 118,North,Furniture,Chair,2.0,726.16,0.1,1307.09,257.41,False,False,False,2024-03,3,0.1969
ORD-11438,2025-05-30,2025-06-01,First Class,CUST-0082,Customer 82,South,Furniture,Table Lamp,6.0,362.07,0.1,1955.18,654.09,False,False,False,2025-05,2,0.3345
ORD-11318,2025-12-25,2025-12-28,Second Class,CUST-0156,Customer 156,East,Technology,Monitor,11.0,1108.79,0.0,12196.69,3295.63,True,False,False,2025-12,3,0.2702
ORD-11144,2024-03-04,2024-03-10,Same Day,CUST-0178,Customer 178,North,Office Supplies,Paper,9.0,472.58,0.0,4253.22,1629.95,False,False,False,2024-03,6,0.3832
ORD-11149,2025-04-27,2025-05-02,Standard Class,CUST-0175,Customer 175,East,Furniture,Chair,5.0,358.44,0.15,1523.37,604.29,False,False,False,2025-04,5,0.3967
ORD-10582,2024-01-15,2024-01-19,First Class,CUST-0068,Customer 68,South,Furniture,Table Lamp,2.0,505.21,0.1,909.38,80.72,False,False,False,2024-01,4,0.0888
ORD-10449,2024-06-30,2024-07-01,First Class,CUST-0140,Customer 140,South,Office Supplies,Binder,8.0,337.93,0.1,2433.1,184.24,False,False,False,2024-06,1,0.0757
ORD-11551,2025-03-07,2025-03-14,Second Class,CUST-0004,Customer 4,South,Office Supplies,Binder,1.0,880.18,0.0,880.18,236.48,False,False,False,2025-03,7,0.2687
ORD-11603,2024-07-04,2024-07-09,Second Class,CUST-0089,Customer 89,West,Technology,Monitor,11.0,210.06,0.0,2310.66,626.85,False,False,False,2024-07,5,0.2713
